REGION,TECHNOLOGY,EMISSION,MODE_OF_OPERATION,YEAR,VALUE
REGION1,DKBMCSPN2,CO2,1,2030,-44.117790036678635
REGION1,DKBMCSPN2,CO2,1,2031,-437.06376907441637
REGION1,DKBMCSPN2,CO2,1,2032,-921.9811090074736
REGION1,DKBMCSPN2,CO2,1,2033,-2233.018904126457
REGION1,DKBMCSPN2,CO2,1,2034,-2341.1396429309775
REGION1,DKBMCSPN2,CO2,1,2035,-2472.3245586689595
REGION1,DKBMCSPN2,CO2,1,2036,-2630.7603252074928
REGION1,DKBMCSPN2,CO2,1,2037,-2821.839601871695
REGION1,DKBMCSPN2,CO2,1,2038,-3056.482280413773
REGION1,DKBMCSPN2,CO2,1,2039,-3429.5710049753284
REGION1,DKBMCSPN2,CO2,1,2040,-3941.997636081558
REGION1,DKBMCSPN2,CO2,1,2041,-4530.93667439064
REGION1,DKBMCSPN2,CO2,1,2042,-5192.797020688023
REGION1,DKBMCSPN2,CO2,1,2043,-5934.433421866467
REGION1,DKBMCSPN2,CO2,1,2044,-6763.0917103671445
REGION1,DKBMCSPN2,CO2,1,2045,-7686.415427066842
REGION1,DKBMCSPN2,CO2,1,2046,-8712.45461019742
REGION1,DKBMCSPN2,CO2,1,2047,-9849.688198830541
REGION1,DKBMCSPN2,CO2,1,2048,-11107.051823222413
REGION1,DKBMCSPN2,CO2,1,2049,-12493.98880586078
REGION1,DKBMCSPN2,CO2,1,2050,-12254.209278740856
REGION1,DKBMCSPN2,CO2,1,2051,-12216.202571180258
REGION1,DKBMCSPN2,CO2,1,2052,-16143.39511394348
REGION1,DKBMCSPN2,CO2,1,2053,-12205.560548253683
REGION1,DKBMCSPN2,CO2,1,2054,-12432.97323659023
REGION1,DKBMCSPN2,CO2,1,2055,-12528.010372614273
REGION1,DKBMCSPN2,CO2,1,2056,-12851.362333466426
REGION1,DKBMCSPN2,CO2,1,2057,-13038.097536414032
REGION1,DKBMCSPN2,CO2,1,2058,-13317.058526485576
REGION1,DKBMCSPN2,CO2,1,2059,-13593.322168869749
REGION1,DKBMCSPN2,CO2,1,2060,-13873.367342436082
REGION1,DKBMSTPH3,DKPM25,1,2015,1.4968438916507607
REGION1,DKBMSTPH3,DKPM25,1,2016,1.4968438916507607
REGION1,DKBMSTPH3,DKPM25,1,2017,1.4968438916507607
REGION1,DKBMSTPH3,DKPM25,1,2018,1.4968442744846129
REGION1,DKBMSTPH3,DKPM25,1,2019,1.4968437550865121
REGION1,DKBMSTPH3,DKPM25,1,2020,1.4968441990020196
REGION1,DKBMSTPH3,DKPM25,1,2021,1.4968437850226515
REGION1,DKBMSTPH3,DKPM25,1,2022,1.4968439484481966
REGION1,DKBMSTPH3,DKPM25,1,2023,1.0719458662790455
REGION1,DKBMSTPH3,DKPM25,1,2024,1.0719458712767382
REGION1,DKBMSTPH3,DKPM25,1,2025,1.0719460778094876
REGION1,DKBMSTPH3,DKPM25,1,2026,1.0719458137415918
REGION1,DKBMSTPH3,DKPM25,1,2027,1.071945921870553
REGION1,DKBMSTPH3,DKPM25,1,2028,1.0719461498621725
REGION1,DKBMSTPH3,DKPM25,1,2029,1.0719461051626693
REGION1,DKBMSTPH3,DKPM25,1,2030,0.9055275777614825
REGION1,DKBMSTPH3,DKPM25,1,2031,0.9055275800597588
REGION1,DKBMSTPH3,DKPM25,1,2032,0.905527555458654
REGION1,DKBMSTPH3,DKPM25,1,2033,0.9055275003686044
REGION1,DKBMSTPH3,DKPM25,1,2034,0.9055274276060761
REGION1,DKBMSTPH3,DKPM25,1,2035,0.9302416879330148
REGION1,DKBMSTPH3,DKPM25,1,2036,1.1077000010256841
REGION1,DKBMSTPH3,DKPM25,1,2037,1.193255622792834
REGION1,DKBMSTPH3,DKPM25,1,2038,1.193255433513023
REGION1,DKBMSTPH3,DKPM25,1,2039,1.193255442997408
REGION1,DKBMSTPH3,DKPM25,1,2040,1.19325561220806
REGION1,DKBMSTPH3,DKPM25,1,2041,1.1932560310346678
REGION1,DKBMSTPH3,DKPM25,1,2042,0.8188117504391381
REGION1,DKBMSTPH3,DKPM25,1,2043,0.4603062615720397
REGION1,DKBMSTPH3,DKPM25,1,2045,0.2877281134970011
REGION1,DKBMSTPH3,DKPM25,1,2046,0.04504550396058506
REGION1,DKBMSTPH3,DKPM25,1,2047,0.04504550396058506
REGION1,DKBMSTPH3,DKPM25,1,2048,0.04504550396058506
REGION1,DKCO00I00,CO2,1,2015,7043.241766961515
REGION1,DKCO00I00,CO2,1,2016,7122.3309672213745
REGION1,DKCO00I00,CO2,1,2017,7803.278879932396
REGION1,DKCO00I00,CO2,1,2020,2101.354455212241
REGION1,DKCO00I00,CO2,1,2021,5764.304999508238
REGION1,DKCO00I00,CO2,1,2022,2565.9239267589764
REGION1,DKCO00I00,CO2,1,2023,2585.8274065078535
REGION1,DKCOCHPH3,DKPM25,1,2015,0.07287306948832585
REGION1,DKCOCHPH3,DKPM25,1,2016,0.07467318849361655
REGION1,DKCOCHPH3,DKPM25,1,2017,0.08391330280351225
REGION1,DKCOCHPH3,DKPM25,1,2020,0.01502506813899908
REGION1,DKCOCHPH3,DKPM25,1,2021,0.07132375702780726
REGION1,DKCOCHPH3,DKPM25,1,2022,0.03269187025678231
REGION1,DKCOCHPH3,DKPM25,1,2023,0.03302450015980326
REGION1,DKCOSTPH1,DKPM25,1,2015,0.01207954800149499
REGION1,DKCOSTPH1,DKPM25,1,2016,0.01207954800149499
REGION1,DKCOSTPH1,DKPM25,1,2017,0.01207954800149499
REGION1,DKCOSTPH1,DKPM25,1,2020,0.011620383168281656
REGION1,DKCOSTPH1,DKPM25,1,2021,0.0019426174603313063
REGION1,DKHYDMPH0,DKHO,1,2015,0.07999995404822358
REGION1,DKHYDMPH0,DKHO,1,2016,0.07999995404822358
REGION1,DKHYDMPH0,DKHO,1,2017,0.022035464296370277
REGION1,DKHYDMPH0,DKHO,1,2018,0.022035464296370277
REGION1,DKHYDMPH0,DKHO,1,2019,0.022035464296370277
REGION1,DKHYDMPH0,DKHO,1,2020,0.022035464296370277
REGION1,DKHYDMPH0,DKHO,1,2021,0.022035464296370277
REGION1,DKHYDMPH0,DKHO,1,2022,0.022035464296370277
REGION1,DKHYDMPH0,DKHO,1,2023,0.022035464296370277
REGION1,DKHYDMPH0,DKHO,1,2024,0.022035464296370277
REGION1,DKHYDMPH0,DKHO,1,2025,0.022035464296370277
REGION1,DKHYDMPH0,DKHO,1,2026,0.022035464296370277
REGION1,DKHYDMPH0,DKHO,1,2027,0.022035464296370277
REGION1,DKHYDMPH0,DKHO,1,2028,0.02203546422782084
REGION1,DKHYDMPH0,DKHO,1,2029,0.02203546422782084
REGION1,DKHYDMPH0,DKHO,1,2030,0.02203546422782084
REGION1,DKHYDMPH0,DKHO,1,2031,0.022035464227820836
REGION1,DKHYDMPH0,DKHO,1,2032,0.02203546422782084
REGION1,DKHYDMPH0,DKHO,1,2033,0.02203546422782084
REGION1,DKHYDMPH0,DKHO,1,2034,0.02203546422782084
REGION1,DKHYDMPH0,DKHO,1,2035,0.02203546422782084
REGION1,DKHYDMPH0,DKHO,1,2036,0.022035464296370277
REGION1,DKHYDMPH0,DKHO,1,2037,0.02203546422782084
REGION1,DKHYDMPH0,DKHO,1,2038,0.022035464296370277
REGION1,DKHYDMPH0,DKHO,1,2039,0.02203546422782084
REGION1,DKHYDMPH0,DKHO,1,2040,0.02203546422782084
REGION1,DKHYDMPH0,DKHO,1,2041,0.02203546422782084
REGION1,DKHYDMPH0,DKHO,1,2042,0.022035464592726303
REGION1,DKHYDMPH0,DKHO,1,2043,0.022035464592726303
REGION1,DKHYDMPH0,DKHO,1,2044,0.02203546422782084
REGION1,DKHYDMPH0,DKHO,1,2045,0.02203546422782084
REGION1,DKHYDMPH0,DKHO,1,2046,0.02203546422782084
REGION1,DKHYDMPH0,DKHO,1,2047,0.02203546422782084
REGION1,DKHYDMPH0,DKHO,1,2048,0.02203546422782084
REGION1,DKHYDMPH0,DKHO,1,2049,0.02203546422782084
REGION1,DKHYDMPH0,DKHO,1,2050,0.02203546422782084
REGION1,DKHYDMPH0,DKHO,1,2051,0.02203546422782084
REGION1,DKHYDMPH0,DKHO,1,2052,0.022035464296370277
REGION1,DKHYDMPH0,DKHO,1,2053,0.022035464296370277
REGION1,DKHYDMPH0,DKHO,1,2054,0.022035464296370277
REGION1,DKHYDMPH0,DKHO,1,2055,0.022035464296370277
REGION1,DKHYDMPH0,DKHO,1,2056,0.022035464296370277
REGION1,DKHYDMPH0,DKHO,1,2057,0.022035464296370277
REGION1,DKHYDMPH0,DKHO,1,2058,0.022035464296370277
REGION1,DKHYDMPH0,DKHO,1,2059,0.021015590072274652
REGION1,DKHYDMPH0,DKHO,1,2060,0.021015590006897903
REGION1,DKHYDMPH3,DKHO,1,2018,0.05796450325609088
REGION1,DKHYDMPH3,DKHO,1,2019,0.05796450325609176
REGION1,DKHYDMPH3,DKHO,1,2020,0.05796450325609088
REGION1,DKHYDMPH3,DKHO,1,2021,0.057964503256090864
REGION1,DKHYDMPH3,DKHO,1,2022,0.05796450325609088
REGION1,DKHYDMPH3,DKHO,1,2023,0.05796450325609087
REGION1,DKHYDMPH3,DKHO,1,2024,0.05796450325609087
REGION1,DKHYDMPH3,DKHO,1,2025,0.05796450325609088
REGION1,DKHYDMPH3,DKHO,1,2026,0.05796450325609087
REGION1,DKHYDMPH3,DKHO,1,2027,0.05796450325609087
REGION1,DKHYDMPH3,DKHO,1,2028,0.057964503075770904
REGION1,DKHYDMPH3,DKHO,1,2029,0.057964503075770904
REGION1,DKHYDMPH3,DKHO,1,2030,0.057964503075770904
REGION1,DKHYDMPH3,DKHO,1,2031,0.0579645030757709
REGION1,DKHYDMPH3,DKHO,1,2032,0.05796450307577091
REGION1,DKHYDMPH3,DKHO,1,2033,0.05796450307577091
REGION1,DKHYDMPH3,DKHO,1,2034,0.057964503075770904
REGION1,DKHYDMPH3,DKHO,1,2035,0.057964503075770904
REGION1,DKHYDMPH3,DKHO,1,2036,0.05796450325609088
REGION1,DKHYDMPH3,DKHO,1,2037,0.057964503075770904
REGION1,DKHYDMPH3,DKHO,1,2038,0.05796450325609088
REGION1,DKHYDMPH3,DKHO,1,2039,0.057964503075770904
REGION1,DKHYDMPH3,DKHO,1,2040,0.05796450307577091
REGION1,DKHYDMPH3,DKHO,1,2041,0.057964503075770904
REGION1,DKHYDMPH3,DKHO,1,2042,0.05796450403565866
REGION1,DKHYDMPH3,DKHO,1,2043,0.05796450403565829
REGION1,DKHYDMPH3,DKHO,1,2044,0.057964503075770904
REGION1,DKHYDMPH3,DKHO,1,2045,0.057964503075770904
REGION1,DKHYDMPH3,DKHO,1,2046,0.057964503075770904
REGION1,DKHYDMPH3,DKHO,1,2047,0.057964503075770904
REGION1,DKHYDMPH3,DKHO,1,2048,0.057964503075770904
REGION1,DKHYDMPH3,DKHO,1,2049,0.057964503075770904
REGION1,DKHYDMPH3,DKHO,1,2050,0.0579645030757709
REGION1,DKHYDMPH3,DKHO,1,2051,0.057964503075770904
REGION1,DKHYDMPH3,DKHO,1,2052,0.05796450325609088
REGION1,DKHYDMPH3,DKHO,1,2053,0.05796450325609088
REGION1,DKHYDMPH3,DKHO,1,2054,0.05796450325609087
REGION1,DKHYDMPH3,DKHO,1,2055,0.05796450325609088
REGION1,DKHYDMPH3,DKHO,1,2056,0.05796450325609088
REGION1,DKHYDMPH3,DKHO,1,2057,0.05796450325609088
REGION1,DKHYDMPH3,DKHO,1,2058,0.05796450325609087
REGION1,DKHYDMPH3,DKHO,1,2059,0.05898437748018653
REGION1,DKHYDMPH3,DKHO,1,2060,0.05898437748018654
REGION1,DKNG00X00,CO2,1,2015,553.2029450628269
REGION1,DKNG00X00,CO2,1,2016,553.2029643213792
REGION1,DKNG00X00,CO2,1,2017,502.91132001829624
REGION1,DKNG00X00,CO2,1,2018,452.6206826572348
REGION1,DKNG00X00,CO2,1,2019,402.32959193777384
REGION1,DKNG00X00,CO2,1,2020,352.0382607188447
REGION1,DKNG00X00,CO2,1,2023,50.954069394135274
REGION1,DKNG00X00,CO2,1,2024,50.787980750293805
REGION1,DKNG00X00,CO2,1,2025,50.62190521831913
REGION1,DKNGCCPH2,DKPM25,1,2015,0.00015515083357134338
REGION1,DKNGCCPH2,DKPM25,1,2016,0.00015515083357134338
REGION1,DKNGCCPH2,DKPM25,1,2017,0.00015515083357134338
REGION1,DKNGCCPH2,DKPM25,1,2018,0.00015515082744480173
REGION1,DKNGCCPH2,DKPM25,1,2019,0.00015515082144487146
REGION1,DKNGCCPH2,DKPM25,1,2020,0.00015515082144487146
REGION1,DKNGCCPH2,DKPM25,1,2023,0.00012276964228127938
REGION1,DKNGCCPH2,DKPM25,1,2024,0.00012276963780434916
REGION1,DKNGCCPH2,DKPM25,1,2025,0.00012276966509730926
REGION1,DKNGCHPH3,DKPM25,1,2015,0.0006268343357333509
REGION1,DKNGCHPH3,DKPM25,1,2016,0.0006275837335681687
REGION1,DKNGCHPH3,DKPM25,1,2017,0.0005443316016957828
REGION1,DKNGCHPH3,DKPM25,1,2018,0.0004610811719430143
REGION1,DKNGCHPH3,DKPM25,1,2019,0.00037783061968048163
REGION1,DKNGCHPH3,DKPM25,1,2020,0.00047939468837279535
REGION1,DKNGSTPH2,DKPM25,1,2015,0.0008420110965224856
REGION1,DKNGSTPH2,DKPM25,1,2016,0.0008420111585188727
REGION1,DKNGSTPH2,DKPM25,1,2017,0.0008420111585188727
REGION1,DKNGSTPH2,DKPM25,1,2018,0.0008420110860696131
REGION1,DKNGSTPH2,DKPM25,1,2019,0.0008420110899892222
REGION1,DKSODIFH1,DKSO,1,2015,0.00031892429630325103
REGION1,DKSODIFH1,DKSO,1,2016,0.00031892429630325103
REGION1,DKSODIFH1,DKSO,1,2017,0.00031892429630325103
REGION1,DKSODIFH1,DKSO,1,2018,0.00031892429630325103
REGION1,DKSODIFH1,DKSO,1,2019,0.00031892429630325103
REGION1,DKSODIFH1,DKSO,1,2020,0.00031892429630325103
REGION1,DKSODIFH1,DKSO,1,2021,0.00031892429630325103
REGION1,DKSODIFH1,DKSO,1,2022,0.00031892429630325103
REGION1,DKSODIFH1,DKSO,1,2023,0.0003012062798419593
REGION1,DKSODIFH1,DKSO,1,2024,8.859008230645864e-05
REGION1,DKSOUTPH2,DKSO,1,2015,2.7707788502497177
REGION1,DKSOUTPH2,DKSO,1,2016,2.7707788502497177
REGION1,DKSOUTPH2,DKSO,1,2017,2.7707788502497177
REGION1,DKSOUTPH2,DKSO,1,2018,2.7707788502497177
REGION1,DKSOUTPH2,DKSO,1,2019,2.770778850249723
REGION1,DKSOUTPH2,DKSO,1,2020,2.770778850249723
REGION1,DKSOUTPH2,DKSO,1,2021,2.770778850249723
REGION1,DKSOUTPH2,DKSO,1,2022,2.770778850249723
REGION1,DKSOUTPH2,DKSO,1,2023,2.770778850249723
REGION1,DKSOUTPH2,DKSO,1,2024,2.770403228300743
REGION1,DKSOUTPH2,DKSO,1,2025,2.7650878233623555
REGION1,DKSOUTPH2,DKSO,1,2026,2.7650878233623555
REGION1,DKSOUTPH2,DKSO,1,2027,2.7650878233623555
REGION1,DKSOUTPH2,DKSO,1,2028,4.94278212714693
REGION1,DKSOUTPH2,DKSO,1,2029,8.396385503856665
REGION1,DKSOUTPH2,DKSO,1,2030,11.849988880566404
REGION1,DKSOUTPH2,DKSO,1,2031,12.289988467692918
REGION1,DKSOUTPH2,DKSO,1,2032,12.719988064202926
REGION1,DKSOUTPH2,DKSO,1,2033,13.149987660712931
REGION1,DKSOUTPH2,DKSO,1,2034,13.579987257222935
REGION1,DKSOUTPH2,DKSO,1,2035,14.019986844349452
REGION1,DKSOUTPH2,DKSO,1,2036,14.379986506543872
REGION1,DKSOUTPH2,DKSO,1,2037,14.739986168738296
REGION1,DKSOUTPH2,DKSO,1,2038,15.10998582154923
REGION1,DKSOUTPH2,DKSO,1,2039,15.469985483743654
REGION1,DKSOUTPH2,DKSO,1,2040,15.829985145938075
REGION1,DKSOUTPH2,DKSO,1,2041,16.119984873816914
REGION1,DKSOUTPH2,DKSO,1,2042,16.409984601695758
REGION1,DKSOUTPH2,DKSO,1,2043,16.699984329574598
REGION1,DKSOUTPH2,DKSO,1,2044,16.989984057453434
REGION1,DKSOUTPH2,DKSO,1,2045,17.27998378533228
REGION1,DKSOUTPH2,DKSO,1,2046,17.389983682113908
REGION1,DKSOUTPH2,DKSO,1,2047,17.489983588279024
REGION1,DKSOUTPH2,DKSO,1,2048,17.599983485060655
REGION1,DKSOUTPH2,DKSO,1,2049,17.70998338184228
REGION1,DKSOUTPH2,DKSO,1,2050,17.8099832880074
REGION1,DKSOUTPH2,DKSO,1,2051,17.899983203556005
REGION1,DKSOUTPH2,DKSO,1,2052,17.98998311910461
REGION1,DKSOUTPH2,DKSO,1,2053,18.079983034653214
REGION1,DKSOUTPH2,DKSO,1,2054,18.169982950201824
REGION1,DKSOUTPH2,DKSO,1,2055,18.25998286575043
REGION1,DKSOUTPH2,DKSO,1,2056,18.349982781299037
REGION1,DKSOUTPH2,DKSO,1,2057,18.44998268746415
REGION1,DKSOUTPH2,DKSO,1,2058,18.539982603012753
REGION1,DKSOUTPH2,DKSO,1,2059,18.629982518561363
REGION1,DKSOUTPH2,DKSO,1,2060,18.719982434109966
REGION1,DKWIOFPH3,DKWO,1,2015,14.291801275780738
REGION1,DKWIOFPH3,DKWO,1,2016,14.291801275780738
REGION1,DKWIOFPH3,DKWO,1,2017,14.291801275780738
REGION1,DKWIOFPH3,DKWO,1,2018,14.291801275780738
REGION1,DKWIOFPH3,DKWO,1,2019,14.291801275780738
REGION1,DKWIOFPH3,DKWO,1,2020,14.291801275780738
REGION1,DKWIOFPH3,DKWO,1,2021,14.291801275780738
REGION1,DKWIOFPH3,DKWO,1,2022,14.291801275780738
REGION1,DKWIOFPH3,DKWO,1,2023,14.236140838081987
REGION1,DKWIOFPH3,DKWO,1,2024,14.17991817373981
REGION1,DKWIOFPH3,DKWO,1,2025,13.730136859002416
REGION1,DKWIOFPH3,DKWO,1,2026,13.730136859002416
REGION1,DKWIOFPH3,DKWO,1,2027,11.827561897663234
REGION1,DKWIOFPH3,DKWO,1,2028,9.578655323976257
REGION1,DKWIOFPH3,DKWO,1,2029,9.578655323976257
REGION1,DKWIOFPH3,DKWO,1,2030,9.578655323976257
REGION1,DKWIOFPH3,DKWO,1,2031,9.578655323976257
REGION1,DKWIOFPH3,DKWO,1,2032,9.578655323976257
REGION1,DKWIOFPH3,DKWO,1,2033,9.578655323976257
REGION1,DKWIOFPH3,DKWO,1,2034,6.989039404375703
REGION1,DKWIOFPH3,DKWO,1,2035,4.661421100609681
REGION1,DKWIOFPH3,DKWO,1,2036,4.651863247671512
REGION1,DKWIOFPH3,DKWO,1,2037,4.49331533422658
REGION1,DKWIONPH3,DKWI,1,2015,31.943983599953643
REGION1,DKWIONPH3,DKWI,1,2016,31.943983599953643
REGION1,DKWIONPH3,DKWI,1,2017,31.943983599953643
REGION1,DKWIONPH3,DKWI,1,2018,31.943983599953643
REGION1,DKWIONPH3,DKWI,1,2019,31.943983599953643
REGION1,DKWIONPH3,DKWI,1,2020,31.943983599953643
REGION1,DKWIONPH3,DKWI,1,2021,31.943983599953643
REGION1,DKWIONPH3,DKWI,1,2022,31.922691268800307
REGION1,DKWIONPH3,DKWI,1,2023,30.901150734928397
REGION1,DKWIONPH3,DKWI,1,2024,29.003021306189925
REGION1,DKWIONPH3,DKWI,1,2025,28.505354012271404
REGION1,DKWIONPH3,DKWI,1,2026,28.079097921297908
REGION1,DKWIONPH3,DKWI,1,2027,27.438116860001152
REGION1,DKWIONPH3,DKWI,1,2028,26.277930492888476
REGION1,DKWIONPH3,DKWI,1,2029,26.277930492888476
REGION1,DKWIONPH3,DKWI,1,2030,26.216592200450595
REGION1,DKWIONPH3,DKWI,1,2031,26.216592200450595
REGION1,DKWIONPH3,DKWI,1,2032,26.19448093348367
REGION1,DKWIONPH3,DKWI,1,2033,8.591865088277494
REGION1,DKWIONPH3,DKWI,1,2034,8.0046881099336
REGION1,DKWIONPH3,DKWI,1,2035,7.374107533469447
REGION1,DKWIONPH3,DKWI,1,2036,6.381966795305392
REGION1,DKWIONPH3,DKWI,1,2037,9.845617506024187
REGION1,DKWIONPH3,DKWI,1,2038,20.618653692435455
REGION1,DKWIONPH3,DKWI,1,2039,23.305153507673783
REGION1,DKWIONPH3,DKWI,1,2040,47.73575688205836
REGION1,DKWIONPH3,DKWI,1,2041,75.52444699339515
REGION1,DKWIONPH3,DKWI,1,2042,75.52444699339515
REGION1,DKWIONPH3,DKWI,1,2043,75.52444699339515
REGION1,DKWIONPH3,DKWI,1,2044,75.52444699339512
REGION1,DKWIONPH3,DKWI,1,2045,75.52444699339517
REGION1,DKWIONPH3,DKWI,1,2046,75.52444699339515
REGION1,DKWIONPH3,DKWI,1,2047,75.52444699339517
REGION1,DKWIONPH3,DKWI,1,2048,75.52444699339515
REGION1,DKWIONPH3,DKWI,1,2049,75.5244469933951
REGION1,DKWIONPH3,DKWI,1,2050,75.52444699339515
REGION1,DKWIONPH3,DKWI,1,2051,75.52444699339517
REGION1,DKWIONPH3,DKWI,1,2052,75.52444699339515
REGION1,DKWIONPH3,DKWI,1,2053,75.52444699339516
REGION1,DKWIONPH3,DKWI,1,2054,75.52444699339516
REGION1,DKWIONPH3,DKWI,1,2055,75.52444699339515
REGION1,DKWIONPH3,DKWI,1,2056,75.52444699339515
REGION1,DKWIONPH3,DKWI,1,2057,75.52444699339515
REGION1,DKWIONPH3,DKWI,1,2058,75.52444699339515
REGION1,DKWIONPH3,DKWI,1,2059,75.52444699339515
REGION1,DKWIONPH3,DKWI,1,2060,75.52444699339515
REGION1,DKWS00X00,DKPM25,1,2015,0.022008985094096246
REGION1,DKWS00X00,DKPM25,1,2016,0.024037690281466413
REGION1,DKWS00X00,DKPM25,1,2017,0.026066396822733394
REGION1,DKWS00X00,DKPM25,1,2018,0.02809510543573857
REGION1,DKWS00X00,DKPM25,1,2019,0.030123811258403785
REGION1,DKWS00X00,DKPM25,1,2020,0.032152514622880456
REGION1,DKWS00X00,DKPM25,1,2021,0.03189061904483642
REGION1,DKWS00X00,DKPM25,1,2022,0.031628724954431
REGION1,DKWS00X00,DKPM25,1,2023,0.03136679172551259
REGION1,DKWS00X00,DKPM25,1,2024,0.031104823585364393
REGION1,DKWS00X00,DKPM25,1,2025,0.030842928342772562
REGION1,DKWS00X00,DKPM25,1,2026,0.030401657651562435
REGION1,DKWS00X00,DKPM25,1,2027,0.02996038486786811
REGION1,DKWS00X00,DKPM25,1,2028,0.029519106934169922
REGION1,DKWS00X00,DKPM25,1,2029,0.0290777611496658
REGION1,DKWS00X00,DKPM25,1,2030,0.028636492555135437
REGION1,DKWS00X00,DKPM25,1,2031,0.028118352197005064
REGION1,DKWS00X00,DKPM25,1,2032,0.027600134376757162
REGION1,DKWS00X00,DKPM25,1,2033,0.02708198918237149
REGION1,DKWS00X00,DKPM25,1,2034,0.02656377599443819
REGION1,DKWS00X00,DKPM25,1,2035,0.026045637401516043
REGION1,DKWS00X00,DKPM25,1,2036,0.02582009217982279
REGION1,DKWS00X00,DKPM25,1,2037,0.025594624578150482
REGION1,DKWS00X00,DKPM25,1,2038,0.02536908782236007
REGION1,DKWS00X00,DKPM25,1,2039,0.02514361776404516
REGION1,DKWS00X00,DKPM25,1,2040,0.024918070753537854
REGION1,DKWS00X00,DKPM25,1,2041,0.024886331833160406
REGION1,DKWS00X00,DKPM25,1,2042,0.024854586924501203
REGION1,DKWS00X00,DKPM25,1,2043,0.024822846933070138
REGION1,DKWS00X00,DKPM25,1,2044,0.02479117602900219
REGION1,DKWS00X00,DKPM25,1,2045,0.024759436242057842
REGION1,DKWS00X00,DKPM25,1,2046,0.02448512653280171
REGION1,DKWS00X00,DKPM25,1,2047,0.024210811403556763
REGION1,DKWS00X00,DKPM25,1,2048,0.02393650893226344
REGION1,DKWS00X00,DKPM25,1,2049,0.023662199847051937
REGION1,DKWS00X00,DKPM25,1,2050,0.023387887934487428
REGION1,DKWS00X00,DKPM25,1,2051,0.023083844485486643
REGION1,DKWS00X00,DKPM25,1,2052,0.02278372989473855
REGION1,DKWS00X00,DKPM25,1,2053,0.022487574589743597
REGION1,DKWS00X00,DKPM25,1,2054,0.022195198917832344
REGION1,DKWS00X00,DKPM25,1,2055,0.021906679542761005
REGION1,DKWS00X00,DKPM25,1,2056,0.02157811300769436
REGION1,DKWS00X00,DKPM25,1,2057,0.021254434560762987
REGION1,DKWS00X00,DKPM25,1,2058,0.02093559694965165
REGION1,DKWS00X00,DKPM25,1,2059,0.020621523535048897
REGION1,DKWS00X00,DKPM25,1,2060,0.020312204477433978
REGION1,FIBMCSPN2,CO2,1,2030,-420.8914243075147
REGION1,FIBMCSPN2,CO2,1,2031,-3347.115848301212
REGION1,FIBMCSPN2,CO2,1,2032,-5911.222107829613
REGION1,FIBMCSPN2,CO2,1,2033,-6154.663993814327
REGION1,FIBMCSPN2,CO2,1,2034,-6452.667131265567
REGION1,FIBMCSPN2,CO2,1,2035,-6814.23989471491
REGION1,FIBMCSPN2,CO2,1,2036,-7250.922462742997
REGION1,FIBMCSPN2,CO2,1,2037,-7777.576401272342
REGION1,FIBMCSPN2,CO2,1,2038,-8424.29966033388
REGION1,FIBMCSPN2,CO2,1,2039,-9452.610212644868
REGION1,FIBMCSPN2,CO2,1,2040,-10864.965173016788
REGION1,FIBMCSPN2,CO2,1,2041,-12488.201888266056
REGION1,FIBMCSPN2,CO2,1,2042,-14312.425395509694
REGION1,FIBMCSPN2,CO2,1,2043,-16356.530555480205
REGION1,FIBMCSPN2,CO2,1,2044,-18640.48442401056
REGION1,FIBMCSPN2,CO2,1,2045,-21185.356505687556
REGION1,FIBMCSPN2,CO2,1,2046,-24013.335831720764
REGION1,FIBMCSPN2,CO2,1,2047,-27036.388631785005
REGION1,FIBMCSPN2,CO2,1,2048,-30594.8598660442
REGION1,FIBMCSPN2,CO2,1,2049,-28013.884865182863
REGION1,FIBMCSPN2,CO2,1,2050,-29488.34331437309
REGION1,FIBMCSPN2,CO2,1,2051,-28997.839867224724
REGION1,FIBMCSPN2,CO2,1,2052,-31805.590670393274
REGION1,FIBMCSPN2,CO2,1,2053,-29872.935492802615
REGION1,FIBMCSPN2,CO2,1,2054,-30277.317179142192
REGION1,FIBMCSPN2,CO2,1,2055,-30665.774743802187
REGION1,FIBMCSPN2,CO2,1,2056,-31041.747329667585
REGION1,FIBMCSPN2,CO2,1,2057,-31408.342854457813
REGION1,FIBMCSPN2,CO2,1,2058,-31767.955023509556
REGION1,FIBMCSPN2,CO2,1,2059,-32122.43125123156
REGION1,FIBMCSPN2,CO2,1,2060,-32473.340063945045
REGION1,FIBMSTPH3,FIPM25,1,2015,0.011156804079960728
REGION1,FIBMSTPH3,FIPM25,1,2016,0.011156805231501336
REGION1,FIBMSTPH3,FIPM25,1,2017,0.011156803466902199
REGION1,FIBMSTPH3,FIPM25,1,2018,0.011156803466902199
REGION1,FIBMSTPH3,FIPM25,1,2019,0.011156803182483405
REGION1,FICO00I00,CO2,1,2015,4958.901530856601
REGION1,FICO00I00,CO2,1,2016,4806.572306876288
REGION1,FICO00I00,CO2,1,2017,5076.984593172427
REGION1,FICO00I00,CO2,1,2018,189.23918360911046
REGION1,FICO00I00,CO2,1,2019,81.3570414477032
REGION1,FICO00I00,CO2,1,2020,971.4791538794798
REGION1,FICO00I00,CO2,1,2021,2891.2301700953312
REGION1,FICO00I00,CO2,1,2022,1365.8097045967659
REGION1,FICO00I00,CO2,1,2023,1505.0884265616473
REGION1,FICO00X00,CO2,1,2015,3817.0771127655808
REGION1,FICO00X00,CO2,1,2016,3906.5336060158256
REGION1,FICO00X00,CO2,1,2017,3995.9837733436734
REGION1,FICO00X00,CO2,1,2018,4085.441741700036
REGION1,FICO00X00,CO2,1,2019,4174.896816229961
REGION1,FICO00X00,CO2,1,2020,4264.359151531895
REGION1,FICO00X00,CO2,1,2021,4387.1701740936405
REGION1,FICO00X00,CO2,1,2022,4509.979145139388
REGION1,FICO00X00,CO2,1,2023,4632.798744369449
REGION1,FICO00X00,CO2,1,2024,2234.373521612531
REGION1,FICO00X00,CO2,1,2025,2164.663738681204
REGION1,FICO00X00,CO2,1,2026,2159.44562322602
REGION1,FICO00X00,CO2,1,2027,2068.490958871507
REGION1,FICO00X00,CO2,1,2028,1213.3874930358372
REGION1,FICO00X00,CO2,1,2029,1487.4701622364425
REGION1,FICOCHPH3,FIPM25,1,2015,0.055999992608243114
REGION1,FICOCHPH3,FIPM25,1,2016,0.05600001462165192
REGION1,FICOCHPH3,FIPM25,1,2017,0.05879999202182182
REGION1,FICOCHPH3,FIPM25,1,2020,0.012654825769006964
REGION1,FICOCHPH3,FIPM25,1,2021,0.03879327634838343
REGION1,FICOCHPH3,FIPM25,1,2022,0.021162714984342735
REGION1,FICOCHPH3,FIPM25,1,2023,0.04391583146282944
REGION1,FICOCHPH3,FIPM25,1,2024,0.028604471370596254
REGION1,FICOCHPH3,FIPM25,1,2025,0.02777885421315294
REGION1,FICOCHPH3,FIPM25,1,2026,0.027778860032648633
REGION1,FICOCHPH3,FIPM25,1,2027,0.02667328901609174
REGION1,FICOCHPH3,FIPM25,1,2028,0.01568461952767014
REGION1,FICOCHPH3,FIPM25,1,2029,0.01927430108731695
REGION1,FICOSTPH3,FIPM25,1,2015,0.05880001622604577
REGION1,FICOSTPH3,FIPM25,1,2016,0.058799985348913814
REGION1,FICOSTPH3,FIPM25,1,2017,0.06160000079876981
REGION1,FICOSTPH3,FIPM25,1,2018,0.061600003088864014
REGION1,FICOSTPH3,FIPM25,1,2019,0.06159995833230868
REGION1,FICOSTPH3,FIPM25,1,2020,0.06160001832385999
REGION1,FICOSTPH3,FIPM25,1,2021,0.061600004836710166
REGION1,FICOSTPH3,FIPM25,1,2022,0.06159998363356228
REGION1,FICOSTPH3,FIPM25,1,2023,0.03955875331298894
REGION1,FIHYDMPH1,FIHO,1,2015,4.9254628407900904
REGION1,FIHYDMPH1,FIHO,1,2016,4.861587407996323
REGION1,FIHYDMPH1,FIHO,1,2017,4.746791357875964
REGION1,FIHYDMPH1,FIHO,1,2018,4.636509942651574
REGION1,FIHYDMPH1,FIHO,1,2019,4.636509942651574
REGION1,FIHYDMPH1,FIHO,1,2020,4.636509942651574
REGION1,FIHYDMPH1,FIHO,1,2021,4.636509942651574
REGION1,FIHYDMPH1,FIHO,1,2022,4.590334867288978
REGION1,FIHYDMPH1,FIHO,1,2023,4.5133765765380325
REGION1,FIHYDMPH1,FIHO,1,2024,4.5133765765380325
REGION1,FIHYDMPH1,FIHO,1,2025,4.5133765765380325
REGION1,FIHYDMPH1,FIHO,1,2026,4.5133765765380325
REGION1,FIHYDMPH1,FIHO,1,2027,4.5133765765380325
REGION1,FIHYDMPH1,FIHO,1,2028,4.5133765765380325
REGION1,FIHYDMPH1,FIHO,1,2029,4.5133765145254054
REGION1,FIHYDMPH1,FIHO,1,2030,4.5133765765380325
REGION1,FIHYDMPH1,FIHO,1,2031,4.5133765765380325
REGION1,FIHYDMPH1,FIHO,1,2032,4.494136988082786
REGION1,FIHYDMPH1,FIHO,1,2033,4.494136988082786
REGION1,FIHYDMPH1,FIHO,1,2034,4.46207100732406
REGION1,FIHYDMPH1,FIHO,1,2035,4.455657811172306
REGION1,FIHYDMPH1,FIHO,1,2036,4.455657811172306
REGION1,FIHYDMPH1,FIHO,1,2037,4.31790235783278
REGION1,FIHYDMPH1,FIHO,1,2038,4.088309935600248
REGION1,FIHYDMPH1,FIHO,1,2039,4.061374511762903
REGION1,FIHYDMPH1,FIHO,1,2040,4.061374511762903
REGION1,FIHYDMPH1,FIHO,1,2041,3.9083043421092776
REGION1,FIHYDMPH1,FIHO,1,2042,3.7505397160327716
REGION1,FIHYDMPH1,FIHO,1,2043,3.750090792302701
REGION1,FIHYDMPH1,FIHO,1,2044,3.7446010955207445
REGION1,FIHYDMPH1,FIHO,1,2045,3.7446010955207445
REGION1,FIHYDMPH1,FIHO,1,2046,3.744601096353741
REGION1,FIHYDMPH1,FIHO,1,2047,3.744601049593663
REGION1,FIHYDMPH1,FIHO,1,2048,3.744601049593663
REGION1,FIHYDMPH1,FIHO,1,2049,3.662832799782368
REGION1,FIHYDMPH1,FIHO,1,2050,3.662832799782368
REGION1,FIHYDMPH1,FIHO,1,2051,3.662832799782368
REGION1,FIHYDMPH1,FIHO,1,2052,3.6628327883877754
REGION1,FIHYDMPH1,FIHO,1,2053,3.582026518237399
REGION1,FIHYDMPH1,FIHO,1,2054,3.582026518237399
REGION1,FIHYDMPH1,FIHO,1,2055,1.3805302331468703
REGION1,FIHYDMPH1,FIHO,1,2056,1.3805302331468703
REGION1,FIHYDMPH1,FIHO,1,2057,1.3805302374415194
REGION1,FIHYDMPH1,FIHO,1,2058,1.3805302374415194
REGION1,FIHYDMPH1,FIHO,1,2059,1.3805302374415194
REGION1,FIHYDMPH1,FIHO,1,2060,1.3805302374415194
REGION1,FIHYDMPH2,FIHO,1,2015,35.736893744978964
REGION1,FIHYDMPH2,FIHO,1,2016,35.73689472143495
REGION1,FIHYDMPH2,FIHO,1,2017,35.73689428071816
REGION1,FIHYDMPH2,FIHO,1,2018,33.38966414585056
REGION1,FIHYDMPH2,FIHO,1,2019,32.25581200493536
REGION1,FIHYDMPH2,FIHO,1,2020,32.255811584934136
REGION1,FIHYDMPH2,FIHO,1,2021,32.255812019072955
REGION1,FIHYDMPH2,FIHO,1,2022,32.2558119441027
REGION1,FIHYDMPH2,FIHO,1,2023,32.2558119441027
REGION1,FIHYDMPH2,FIHO,1,2024,32.255810921639906
REGION1,FIHYDMPH2,FIHO,1,2025,32.09163354001445
REGION1,FIHYDMPH2,FIHO,1,2026,31.33487696017293
REGION1,FIHYDMPH2,FIHO,1,2027,31.334876397435547
REGION1,FIHYDMPH2,FIHO,1,2028,30.991128561482487
REGION1,FIHYDMPH2,FIHO,1,2029,27.82685763353041
REGION1,FIHYDMPH2,FIHO,1,2030,27.257365824851547
REGION1,FIHYDMPH2,FIHO,1,2031,26.53267482862368
REGION1,FIHYDMPH2,FIHO,1,2032,26.532674300403652
REGION1,FIHYDMPH2,FIHO,1,2033,25.882376745953657
REGION1,FIHYDMPH2,FIHO,1,2034,24.80495980425187
REGION1,FIHYDMPH2,FIHO,1,2035,23.181138471161212
REGION1,FIHYDMPH2,FIHO,1,2036,22.34998821222716
REGION1,FIHYDMPH2,FIHO,1,2037,20.369593394246028
REGION1,FIHYDMPH2,FIHO,1,2038,20.21439392968148
REGION1,FIHYDMPH2,FIHO,1,2039,18.534136715017773
REGION1,FIHYDMPH2,FIHO,1,2040,16.51911052575347
REGION1,FIHYDMPH2,FIHO,1,2041,15.090250010936082
REGION1,FIHYDMPH2,FIHO,1,2042,15.090250290780627
REGION1,FIHYDMPH2,FIHO,1,2043,13.987180703730228
REGION1,FIHYDMPH2,FIHO,1,2044,13.794784464492157
REGION1,FIHYDMPH2,FIHO,1,2045,12.11452732651274
REGION1,FIHYDMPH2,FIHO,1,2046,12.114527518549572
REGION1,FIHYDMPH2,FIHO,1,2047,11.620711299783963
REGION1,FIHYDMPH2,FIHO,1,2048,11.620711272566346
REGION1,FIHYDMPH2,FIHO,1,2049,11.620711299783963
REGION1,FIHYDMPH2,FIHO,1,2050,11.620711299783963
REGION1,FIHYDMPH2,FIHO,1,2051,10.002020608798604
REGION1,FIHYDMPH2,FIHO,1,2052,8.78351333273005
REGION1,FIHYDMPH2,FIHO,1,2053,8.78351333273005
REGION1,FIHYDMPH2,FIHO,1,2054,8.78351333273005
REGION1,FIHYDMPH2,FIHO,1,2055,8.783513626215697
REGION1,FIHYDMPH2,FIHO,1,2056,7.0788857930147175
REGION1,FIHYDMPH2,FIHO,1,2057,7.0788856611935405
REGION1,FIHYDMPH2,FIHO,1,2058,6.904446901405855
REGION1,FIHYDMPH2,FIHO,1,2059,6.904446901405855
REGION1,FIHYDMPH2,FIHO,1,2060,6.904446723170917
REGION1,FIHYDMPH3,FIHO,1,2041,1.6275361079299173
REGION1,FIHYDMPH3,FIHO,1,2042,1.6275361219253337
REGION1,FIHYDMPH3,FIHO,1,2043,1.6275361219253335
REGION1,FIHYDMPH3,FIHO,1,2044,1.6275361219253337
REGION1,FIHYDMPH3,FIHO,1,2045,1.6275361219253335
REGION1,FIHYDMPH3,FIHO,1,2046,1.6275360857367305
REGION1,FIHYDMPH3,FIHO,1,2047,1.6275361219253337
REGION1,FIHYDMPH3,FIHO,1,2048,1.6275361219253337
REGION1,FIHYDMPH3,FIHO,1,2049,1.6275361219253113
REGION1,FIHYDMPH3,FIHO,1,2050,1.6275361219253255
REGION1,FIHYDMPH3,FIHO,1,2051,1.6275361219253306
REGION1,FIHYDMPH3,FIHO,1,2052,1.6275361219253328
REGION1,FIHYDMPH3,FIHO,1,2053,1.6275361219253337
REGION1,FIHYDMPH3,FIHO,1,2054,1.6275361219253335
REGION1,FIHYDMPH3,FIHO,1,2055,1.6275361219253337
REGION1,FIHYDMPH3,FIHO,1,2056,1.6275361086480968
REGION1,FIHYDMPH3,FIHO,1,2057,1.6275360806736787
REGION1,FIHYDMPH3,FIHO,1,2058,1.6275360806736787
REGION1,FIHYDMPH3,FIHO,1,2059,1.627536080673679
REGION1,FIHYDMPH3,FIHO,1,2060,1.6275360806736787
REGION1,FING00I00,CO2,1,2015,1559.0259169658914
REGION1,FING00I00,CO2,1,2016,1559.02629764454
REGION1,FING00I00,CO2,1,2017,1357.8615214233037
REGION1,FING00I00,CO2,1,2018,1257.2791274267754
REGION1,FING00I00,CO2,1,2019,1106.4055777530587
REGION1,FING00I00,CO2,1,2020,1005.8232083296404
REGION1,FING00I00,CO2,1,2021,1257.2788397927443
REGION1,FING00I00,CO2,1,2022,1156.6965665857774
REGION1,FINGCCPH2,FIPM25,1,2015,0.00280922717735913
REGION1,FINGCCPH2,FIPM25,1,2016,0.002809227009552959
REGION1,FINGCCPH2,FIPM25,1,2017,0.0028092271204827393
REGION1,FINGCCPH2,FIPM25,1,2018,0.0028092271526768374
REGION1,FINGCCPH2,FIPM25,1,2019,0.0026219183390528275
REGION1,FINGCCPH2,FIPM25,1,2020,0.0023999942654451462
REGION1,FINGCCPH2,FIPM25,1,2021,0.0028092264997683237
REGION1,FINGCCPH2,FIPM25,1,2022,0.0027779273750524565
REGION1,FINGCHPH3,FIPM25,1,2015,0.0004828909425508984
REGION1,FINGCHPH3,FIPM25,1,2016,0.0004964602735211646
REGION1,FINGCHPH3,FIPM25,1,2017,0.0001740165536571391
REGION1,FINGCHPH3,FIPM25,1,2018,1.9573087271482037e-05
REGION1,FINGCHPH3,FIPM25,1,2021,5.304650667045056e-05
REGION1,FINGSTPH2,FIPM25,1,2015,0.0003951838745357571
REGION1,FINGSTPH2,FIPM25,1,2016,0.0003951839037315241
REGION1,FINGSTPH2,FIPM25,1,2017,0.00039518386709621125
REGION1,FINGSTPH2,FIPM25,1,2018,0.0003951838696018023
REGION1,FINGSTPH2,FIPM25,1,2021,0.00039518391789875355
REGION1,FISOUTPH2,FISO,1,2015,0.044728970035658885
REGION1,FISOUTPH2,FISO,1,2016,0.044728970035658885
REGION1,FISOUTPH2,FISO,1,2017,0.044728970035658844
REGION1,FISOUTPH2,FISO,1,2018,0.044728970035658844
REGION1,FISOUTPH2,FISO,1,2019,0.044728970035658844
REGION1,FISOUTPH2,FISO,1,2020,0.044728970035658844
REGION1,FISOUTPH2,FISO,1,2021,0.044728970035658844
REGION1,FISOUTPH2,FISO,1,2022,0.044728970035658844
REGION1,FISOUTPH2,FISO,1,2023,0.044728970035658844
REGION1,FISOUTPH2,FISO,1,2024,0.044728970035658844
REGION1,FISOUTPH2,FISO,1,2025,0.044728970035658844
REGION1,FISOUTPH2,FISO,1,2026,0.044728970035658844
REGION1,FISOUTPH2,FISO,1,2027,0.044728970035658844
REGION1,FISOUTPH2,FISO,1,2028,0.044728970035658844
REGION1,FISOUTPH2,FISO,1,2029,0.044728970035658844
REGION1,FISOUTPH2,FISO,1,2030,2.3499977617669714
REGION1,FISOUTPH2,FISO,1,2031,2.3499977617669714
REGION1,FISOUTPH2,FISO,1,2032,3.4299967331322176
REGION1,FISOUTPH2,FISO,1,2033,3.9599962283392363
REGION1,FISOUTPH2,FISO,1,2034,4.49999571402186
REGION1,FISOUTPH2,FISO,1,2035,5.0399951997044825
REGION1,FISOUTPH2,FISO,1,2036,5.1999950473141485
REGION1,FISOUTPH2,FISO,1,2037,5.34999490444821
REGION1,FISOUTPH2,FISO,1,2038,5.509994752057877
REGION1,FISOUTPH2,FISO,1,2039,5.669994599667542
REGION1,FISOUTPH2,FISO,1,2040,5.829994447277207
REGION1,FISOUTPH2,FISO,1,2041,5.87999439965523
REGION1,FISOUTPH2,FISO,1,2042,5.92999435203325
REGION1,FISOUTPH2,FISO,1,2043,5.969994313935666
REGION1,FISOUTPH2,FISO,1,2044,6.019994266313687
REGION1,FISOUTPH2,FISO,1,2045,6.069994218691707
REGION1,FISOUTPH2,FISO,1,2046,6.11999417106973
REGION1,FISOUTPH2,FISO,1,2047,6.1599941329721455
REGION1,FISOUTPH2,FISO,1,2048,6.209994085350165
REGION1,FISOUTPH2,FISO,1,2049,6.259994037728186
REGION1,FISOUTPH2,FISO,1,2050,6.299993999630603
REGION1,FISOUTPH2,FISO,1,2051,6.329993971057417
REGION1,FISOUTPH2,FISO,1,2052,6.359993942484227
REGION1,FISOUTPH2,FISO,1,2053,6.399993904386645
REGION1,FISOUTPH2,FISO,1,2054,6.429993875813456
REGION1,FISOUTPH2,FISO,1,2055,6.459993847240269
REGION1,FISOUTPH2,FISO,1,2056,6.489993818667082
REGION1,FISOUTPH2,FISO,1,2057,6.529993780569497
REGION1,FISOUTPH2,FISO,1,2058,6.559993751996309
REGION1,FISOUTPH2,FISO,1,2059,6.589993723423124
REGION1,FISOUTPH2,FISO,1,2060,6.619993694849935
REGION1,FIWIOFPH3,FIWO,1,2015,0.29658094701733345
REGION1,FIWIOFPH3,FIWO,1,2016,0.29658094701733345
REGION1,FIWIOFPH3,FIWO,1,2017,0.29658094701733345
REGION1,FIWIOFPH3,FIWO,1,2018,0.29658094701733345
REGION1,FIWIOFPH3,FIWO,1,2019,0.29658094701733345
REGION1,FIWIOFPH3,FIWO,1,2020,0.29658094701733345
REGION1,FIWIOFPH3,FIWO,1,2021,0.29658094701733345
REGION1,FIWIOFPH3,FIWO,1,2022,0.29658094701733345
REGION1,FIWIOFPH3,FIWO,1,2023,0.29658094701733345
REGION1,FIWIOFPH3,FIWO,1,2024,0.2891382312366704
REGION1,FIWIOFPH3,FIWO,1,2025,0.2891382312366704
REGION1,FIWIOFPH3,FIWO,1,2026,0.2891382312366704
REGION1,FIWIOFPH3,FIWO,1,2027,0.2891382312366704
REGION1,FIWIOFPH3,FIWO,1,2028,0.2891382312366704
REGION1,FIWIOFPH3,FIWO,1,2029,0.2891382312366704
REGION1,FIWIOFPH3,FIWO,1,2030,0.2891382312366704
REGION1,FIWIOFPH3,FIWO,1,2031,0.2891382312366704
REGION1,FIWIOFPH3,FIWO,1,2032,0.2891382312366704
REGION1,FIWIOFPH3,FIWO,1,2033,0.2891382312366704
REGION1,FIWIOFPH3,FIWO,1,2034,0.2891382312366704
REGION1,FIWIONPH3,FIWI,1,2015,6.053095538761838
REGION1,FIWIONPH3,FIWI,1,2016,6.053095538761838
REGION1,FIWIONPH3,FIWI,1,2017,6.053095538761838
REGION1,FIWIONPH3,FIWI,1,2018,6.053095538761838
REGION1,FIWIONPH3,FIWI,1,2019,6.053095538761838
REGION1,FIWIONPH3,FIWI,1,2020,6.053095538761838
REGION1,FIWIONPH3,FIWI,1,2021,6.053095538761838
REGION1,FIWIONPH3,FIWI,1,2022,6.053095538761838
REGION1,FIWIONPH3,FIWI,1,2023,6.013312298532038
REGION1,FIWIONPH3,FIWI,1,2024,5.662313330934951
REGION1,FIWIONPH3,FIWI,1,2025,5.662313330934951
REGION1,FIWIONPH3,FIWI,1,2026,5.652241624547659
REGION1,FIWIONPH3,FIWI,1,2027,5.632098211773078
REGION1,FIWIONPH3,FIWI,1,2028,5.516323946851169
REGION1,FIWIONPH3,FIWI,1,2029,5.3103575512310695
REGION1,FIWIONPH3,FIWI,1,2030,5.238495926157748
REGION1,FIWIONPH3,FIWI,1,2031,5.167993981446712
REGION1,FIWIONPH3,FIWI,1,2032,4.8275703055562795
REGION1,FIWIONPH3,FIWI,1,2033,4.6160644714231704
REGION1,FIWIONPH3,FIWI,1,2034,4.585849352261298
REGION1,FIWIONPH3,FIWI,1,2035,4.333855258451279
REGION1,FIWIONPH3,FIWI,1,2036,4.0590991082059835
REGION1,FIWIONPH3,FIWI,1,2037,3.4173299772078063
REGION1,FIWIONPH3,FIWI,1,2038,1.8028354433250733
REGION1,FIWIONPN3,FIWI,1,2015,3.8819889944512775
REGION1,FIWIONPN3,FIWI,1,2016,3.8819889944512775
REGION1,FIWIONPN3,FIWI,1,2017,3.8819889944512775
REGION1,FIWIONPN3,FIWI,1,2018,3.8819889944512775
REGION1,FIWIONPN3,FIWI,1,2019,3.8819889944512775
REGION1,FIWIONPN3,FIWI,1,2020,3.8819889944512775
REGION1,FIWIONPN3,FIWI,1,2021,3.88198899445128
REGION1,FIWIONPN3,FIWI,1,2022,3.88198899445128
REGION1,FIWIONPN3,FIWI,1,2023,3.88198899445128
REGION1,FIWIONPN3,FIWI,1,2024,18.239028153814882
REGION1,FIWIONPN3,FIWI,1,2025,24.29376121670622
REGION1,FIWIONPN3,FIWI,1,2026,31.556057860788655
REGION1,FIWIONPN3,FIWI,1,2027,40.47039809956374
REGION1,FIWIONPN3,FIWI,1,2028,40.47039809956373
REGION1,FIWIONPN3,FIWI,1,2029,61.22969753513208
REGION1,FIWIONPN3,FIWI,1,2030,87.17882182959251
REGION1,FIWIONPN3,FIWI,1,2031,110.63533834192957
REGION1,FIWIONPN3,FIWI,1,2032,136.58446263639004
REGION1,FIWIONPN3,FIWI,1,2033,160.39307161569218
REGION1,FIWIONPN3,FIWI,1,2034,184.4460717965329
REGION1,FIWIONPN3,FIWI,1,2035,202.26412375441194
REGION1,FIWIONPN3,FIWI,1,2036,221.24061201272852
REGION1,FIWIONPN3,FIWI,1,2037,236.62710952098004
REGION1,FIWIONPN3,FIWI,1,2038,248.60568818872574
REGION1,FIWIONPN3,FIWI,1,2039,259.1999033658081
REGION1,FIWIONPN3,FIWI,1,2040,259.199903365808
REGION1,FIWIONPN3,FIWI,1,2041,259.19990336580815
REGION1,FIWIONPN3,FIWI,1,2042,259.1999033658082
REGION1,FIWIONPN3,FIWI,1,2043,259.19990336580815
REGION1,FIWIONPN3,FIWI,1,2044,259.19990336580815
REGION1,FIWIONPN3,FIWI,1,2045,259.1999033658081
REGION1,FIWIONPN3,FIWI,1,2046,259.19990336580815
REGION1,FIWIONPN3,FIWI,1,2047,259.19990336580815
REGION1,FIWIONPN3,FIWI,1,2048,259.19990336580815
REGION1,FIWIONPN3,FIWI,1,2049,259.19990336580815
REGION1,FIWIONPN3,FIWI,1,2050,259.19990336580815
REGION1,FIWIONPN3,FIWI,1,2051,259.1999033658081
REGION1,FIWIONPN3,FIWI,1,2052,259.19990336580815
REGION1,FIWIONPN3,FIWI,1,2053,259.19990336580815
REGION1,FIWIONPN3,FIWI,1,2054,259.19990336580815
REGION1,FIWIONPN3,FIWI,1,2055,259.19990336580815
REGION1,FIWIONPN3,FIWI,1,2056,259.19990336580815
REGION1,FIWIONPN3,FIWI,1,2057,259.1999033658081
REGION1,FIWIONPN3,FIWI,1,2058,259.1999033658081
REGION1,FIWIONPN3,FIWI,1,2059,259.1999033658081
REGION1,FIWIONPN3,FIWI,1,2060,259.1999033658081
REGION1,FIWS00X00,FIPM25,1,2015,0.11317825176581378
REGION1,FIWS00X00,FIPM25,1,2016,0.11217023229888372
REGION1,FIWS00X00,FIPM25,1,2017,0.11116141712431013
REGION1,FIWS00X00,FIPM25,1,2018,0.11015263893937173
REGION1,FIWS00X00,FIPM25,1,2019,0.10914463834547597
REGION1,FIWS00X00,FIPM25,1,2020,0.10813585524253898
REGION1,FIWS00X00,FIPM25,1,2021,0.10832912001260854
REGION1,FIWS00X00,FIPM25,1,2022,0.10852316692897807
REGION1,FIWS00X00,FIPM25,1,2023,0.10871644681286838
REGION1,FIWS00X00,FIPM25,1,2024,0.1089097112466628
REGION1,FIWS00X00,FIPM25,1,2025,0.10910375070748751
REGION1,FIWS00X00,FIPM25,1,2026,0.10982558104504639
REGION1,FIWS00X00,FIPM25,1,2027,0.11054814229855171
REGION1,FIWS00X00,FIPM25,1,2028,0.11127070284427079
REGION1,FIWS00X00,FIPM25,1,2029,0.11199257344499933
REGION1,FIWS00X00,FIPM25,1,2030,0.11271515324669432
REGION1,FIWS00X00,FIPM25,1,2031,0.11141718395899936
REGION1,FIWS00X00,FIPM25,1,2032,0.11011851913196825
REGION1,FIWS00X00,FIPM25,1,2033,0.10882055182248772
REGION1,FIWS00X00,FIPM25,1,2034,0.10752261546692655
REGION1,FIWS00X00,FIPM25,1,2035,0.10622466185104791
REGION1,FIWS00X00,FIPM25,1,2036,0.10468882584056319
REGION1,FIWS00X00,FIPM25,1,2037,0.1031537346169166
REGION1,FIWS00X00,FIPM25,1,2038,0.10161789455477914
REGION1,FIWS00X00,FIPM25,1,2039,0.10008279572361299
REGION1,FIWS00X00,FIPM25,1,2040,0.09854696102251885
REGION1,FIWS00X00,FIPM25,1,2041,0.09718508764766544
REGION1,FIWS00X00,FIPM25,1,2042,0.09582247234970045
REGION1,FIWS00X00,FIPM25,1,2043,0.09446056666804409
REGION1,FIWS00X00,FIPM25,1,2044,0.09309795086166153
REGION1,FIWS00X00,FIPM25,1,2045,0.09173606214207031
REGION1,FIWS00X00,FIPM25,1,2046,0.09055854430925978
REGION1,FIWS00X00,FIPM25,1,2047,0.08938176285058815
REGION1,FIWS00X00,FIPM25,1,2048,0.08820423895774235
REGION1,FIWS00X00,FIPM25,1,2049,0.08702747052752527
REGION1,FIWS00X00,FIPM25,1,2050,0.08584993673753823
REGION1,FIWS00X00,FIPM25,1,2051,0.08499131701489182
REGION1,FIWS00X00,FIPM25,1,2052,0.08414163957450749
REGION1,FIWS00X00,FIPM25,1,2053,0.0833001302569391
REGION1,FIWS00X00,FIPM25,1,2054,0.08246752501312284
REGION1,FIWS00X00,FIPM25,1,2055,0.08164237885673285
REGION1,FIWS00X00,FIPM25,1,2056,0.08082612314231867
REGION1,FIWS00X00,FIPM25,1,2057,0.08001807605976884
REGION1,FIWS00X00,FIPM25,1,2058,0.07921745260427131
REGION1,FIWS00X00,FIPM25,1,2059,0.07842568662815047
REGION1,FIWS00X00,FIPM25,1,2060,0.0776414714078508
REGION1,NOBMCSPN2,CO2,1,2033,-666.9400416313084
REGION1,NOBMCSPN2,CO2,1,2034,-1625.9800022821764
REGION1,NOBMCSPN2,CO2,1,2035,-1717.0912418311964
REGION1,NOBMCSPN2,CO2,1,2036,-1827.1289394029877
REGION1,NOBMCSPN2,CO2,1,2037,-1959.838167745562
REGION1,NOBMCSPN2,CO2,1,2038,-2122.8030710374105
REGION1,NOBMCSPN2,CO2,1,2039,-2381.9225428479376
REGION1,NOBMCSPN2,CO2,1,2040,-2737.8159501300083
REGION1,NOBMCSPN2,CO2,1,2041,-3146.8486854945636
REGION1,NOBMCSPN2,CO2,1,2042,-3606.527209396633
REGION1,NOBMCSPN2,CO2,1,2043,-4121.612224257639
REGION1,NOBMCSPN2,CO2,1,2044,-4697.136075320053
REGION1,NOBMCSPN2,CO2,1,2045,-5338.407251032865
REGION1,NOBMCSPN2,CO2,1,2046,-6051.017418470714
REGION1,NOBMCSPN2,CO2,1,2047,-6840.854816393452
REGION1,NOBMCSPN2,CO2,1,2048,-7714.124787120347
REGION1,NOBMCSPN2,CO2,1,2049,-8677.386969055986
REGION1,NOBMCSPN2,CO2,1,2050,-9388.046283359863
REGION1,NOBMCSPN2,CO2,1,2051,-9452.37681911246
REGION1,NOBMCSPN2,CO2,1,2052,-9504.157715936914
REGION1,NOBMCSPN2,CO2,1,2053,-10067.651495701395
REGION1,NOBMCSPN2,CO2,1,2054,-10668.899199841784
REGION1,NOBMCSPN2,CO2,1,2055,-11067.063845377848
REGION1,NOBMCSPN2,CO2,1,2056,-9627.528873921738
REGION1,NOBMCSPN2,CO2,1,2057,-9644.780479469426
REGION1,NOBMCSPN2,CO2,1,2058,-9658.619252926874
REGION1,NOBMCSPN2,CO2,1,2059,-10047.769294883969
REGION1,NOBMCSPN2,CO2,1,2060,-9769.26452952387
REGION1,NOCO00I00,CO2,1,2015,10.162251514787599
REGION1,NOCO00I00,CO2,1,2016,10.063129830615829
REGION1,NOCO00I00,CO2,1,2017,12.481181582787892
REGION1,NOCO00I00,CO2,1,2020,17.927586623773976
REGION1,NOCO00I00,CO2,1,2021,17.884954746045263
REGION1,NOCO00I00,CO2,1,2022,12.050955218381015
REGION1,NOCOCHPH3,NOPM25,1,2015,6.128640009354237e-05
REGION1,NOCOCHPH3,NOPM25,1,2016,6.128640009354237e-05
REGION1,NOCOCHPH3,NOPM25,1,2017,7.676927993871354e-05
REGION1,NOCOCHPH3,NOPM25,1,2020,0.00011366208001128954
REGION1,NOCOCHPH3,NOPM25,1,2021,0.00011366208001128954
REGION1,NOCOCHPH3,NOPM25,1,2022,7.676927993871354e-05
REGION1,NOCOSTPH1,NOPM25,1,2015,6.128640009354237e-05
REGION1,NOCOSTPH1,NOPM25,1,2016,6.128640009354237e-05
REGION1,NOCOSTPH1,NOPM25,1,2017,7.676927993871354e-05
REGION1,NOCOSTPH1,NOPM25,1,2020,0.00011366208001128954
REGION1,NOCOSTPH1,NOPM25,1,2021,0.00011366208001128954
REGION1,NOCOSTPH1,NOPM25,1,2022,7.676927993871354e-05
REGION1,NOHYDMPH1,NOHO,1,2015,43.0543737784738
REGION1,NOHYDMPH1,NOHO,1,2016,41.95192100692702
REGION1,NOHYDMPH1,NOHO,1,2017,39.098513833511944
REGION1,NOHYDMPH1,NOHO,1,2018,37.16279489057215
REGION1,NOHYDMPH1,NOHO,1,2019,36.93129149326146
REGION1,NOHYDMPH1,NOHO,1,2020,36.93129149326146
REGION1,NOHYDMPH1,NOHO,1,2021,36.85388026261496
REGION1,NOHYDMPH1,NOHO,1,2022,36.6724755807061
REGION1,NOHYDMPH1,NOHO,1,2023,36.48332870069026
REGION1,NOHYDMPH1,NOHO,1,2024,36.44243215541494
REGION1,NOHYDMPH1,NOHO,1,2025,36.429871201168176
REGION1,NOHYDMPH1,NOHO,1,2026,36.273588638462954
REGION1,NOHYDMPH1,NOHO,1,2027,36.17251587100094
REGION1,NOHYDMPH1,NOHO,1,2028,35.72995671783198
REGION1,NOHYDMPH1,NOHO,1,2029,35.22517707201685
REGION1,NOHYDMPH1,NOHO,1,2030,34.997617375282225
REGION1,NOHYDMPH1,NOHO,1,2031,34.79590999882409
REGION1,NOHYDMPH1,NOHO,1,2032,34.27082816075956
REGION1,NOHYDMPH1,NOHO,1,2033,33.882311418269595
REGION1,NOHYDMPH1,NOHO,1,2034,33.24841613734741
REGION1,NOHYDMPH1,NOHO,1,2035,32.6281034228706
REGION1,NOHYDMPH1,NOHO,1,2036,32.188612555188534
REGION1,NOHYDMPH1,NOHO,1,2037,32.036711221991666
REGION1,NOHYDMPH1,NOHO,1,2038,31.650385399580276
REGION1,NOHYDMPH1,NOHO,1,2039,30.919506525307114
REGION1,NOHYDMPH1,NOHO,1,2040,30.569403275580292
REGION1,NOHYDMPH1,NOHO,1,2041,27.68032110234387
REGION1,NOHYDMPH1,NOHO,1,2042,29.749110900281273
REGION1,NOHYDMPH1,NOHO,1,2043,29.43321140069362
REGION1,NOHYDMPH1,NOHO,1,2044,29.63754732460922
REGION1,NOHYDMPH1,NOHO,1,2045,27.120919126627935
REGION1,NOHYDMPH1,NOHO,1,2046,29.340609516735345
REGION1,NOHYDMPH1,NOHO,1,2047,29.3406101075218
REGION1,NOHYDMPH1,NOHO,1,2048,29.238368275836006
REGION1,NOHYDMPH1,NOHO,1,2049,29.077703303836284
REGION1,NOHYDMPH1,NOHO,1,2050,29.077703446852983
REGION1,NOHYDMPH1,NOHO,1,2051,28.60491069886794
REGION1,NOHYDMPH1,NOHO,1,2052,28.603011935822906
REGION1,NOHYDMPH1,NOHO,1,2053,28.60301194010206
REGION1,NOHYDMPH1,NOHO,1,2054,28.47404190689445
REGION1,NOHYDMPH1,NOHO,1,2055,26.890178894320155
REGION1,NOHYDMPH1,NOHO,1,2056,26.591488387061318
REGION1,NOHYDMPH1,NOHO,1,2057,26.456822055323503
REGION1,NOHYDMPH1,NOHO,1,2058,24.75401518910575
REGION1,NOHYDMPH1,NOHO,1,2059,22.956360294899483
REGION1,NOHYDMPH1,NOHO,1,2060,22.142964934656156
REGION1,NOHYDMPH2,NOHO,1,2015,253.6225625628571
REGION1,NOHYDMPH2,NOHO,1,2016,253.62256204513926
REGION1,NOHYDMPH2,NOHO,1,2017,252.40443032511385
REGION1,NOHYDMPH2,NOHO,1,2018,249.0830574603836
REGION1,NOHYDMPH2,NOHO,1,2019,248.27973349046306
REGION1,NOHYDMPH2,NOHO,1,2020,248.27973211876616
REGION1,NOHYDMPH2,NOHO,1,2021,247.91750184323155
REGION1,NOHYDMPH2,NOHO,1,2022,247.55235912863355
REGION1,NOHYDMPH2,NOHO,1,2023,247.1872079529745
REGION1,NOHYDMPH2,NOHO,1,2024,247.18720814548882
REGION1,NOHYDMPH2,NOHO,1,2025,246.97542065814721
REGION1,NOHYDMPH2,NOHO,1,2026,246.21591627954993
REGION1,NOHYDMPH2,NOHO,1,2027,246.21591835740767
REGION1,NOHYDMPH2,NOHO,1,2028,243.41158333122917
REGION1,NOHYDMPH2,NOHO,1,2029,240.2756981580831
REGION1,NOHYDMPH2,NOHO,1,2030,238.7187112202697
REGION1,NOHYDMPH2,NOHO,1,2031,237.49327436937676
REGION1,NOHYDMPH2,NOHO,1,2032,236.78196979897217
REGION1,NOHYDMPH2,NOHO,1,2033,231.40700135500578
REGION1,NOHYDMPH2,NOHO,1,2034,227.6430623399311
REGION1,NOHYDMPH2,NOHO,1,2035,224.38302776266679
REGION1,NOHYDMPH2,NOHO,1,2036,220.69649997157967
REGION1,NOHYDMPH2,NOHO,1,2037,216.8376235556811
REGION1,NOHYDMPH2,NOHO,1,2038,207.40221682102379
REGION1,NOHYDMPH2,NOHO,1,2039,200.46295716103631
REGION1,NOHYDMPH2,NOHO,1,2040,192.8401417185538
REGION1,NOHYDMPH2,NOHO,1,2041,185.52647667190487
REGION1,NOHYDMPH2,NOHO,1,2042,181.48990040230606
REGION1,NOHYDMPH2,NOHO,1,2043,174.33301302912574
REGION1,NOHYDMPH2,NOHO,1,2044,159.77386014906972
REGION1,NOHYDMPH2,NOHO,1,2045,147.03606037378037
REGION1,NOHYDMPH2,NOHO,1,2046,144.01118158779934
REGION1,NOHYDMPH2,NOHO,1,2047,131.52752503258606
REGION1,NOHYDMPH2,NOHO,1,2048,127.80010117833142
REGION1,NOHYDMPH2,NOHO,1,2049,123.62281584410906
REGION1,NOHYDMPH2,NOHO,1,2050,120.41097991128974
REGION1,NOHYDMPH2,NOHO,1,2051,109.47846929870212
REGION1,NOHYDMPH2,NOHO,1,2052,103.05041584852692
REGION1,NOHYDMPH2,NOHO,1,2053,94.50742917809224
REGION1,NOHYDMPH2,NOHO,1,2054,89.60145585357031
REGION1,NOHYDMPH2,NOHO,1,2055,86.00256388719677
REGION1,NOHYDMPH2,NOHO,1,2056,83.2637836302001
REGION1,NOHYDMPH2,NOHO,1,2057,79.87984829767821
REGION1,NOHYDMPH2,NOHO,1,2058,77.60779420862893
REGION1,NOHYDMPH2,NOHO,1,2059,69.95585954319229
REGION1,NOHYDMPH2,NOHO,1,2060,64.60496662525432
REGION1,NOHYDMPH3,NOHO,1,2015,153.59118676038332
REGION1,NOHYDMPH3,NOHO,1,2016,153.59118655060638
REGION1,NOHYDMPH3,NOHO,1,2017,153.5911861189246
REGION1,NOHYDMPH3,NOHO,1,2018,153.5911897072245
REGION1,NOHYDMPH3,NOHO,1,2019,153.59118454894113
REGION1,NOHYDMPH3,NOHO,1,2020,153.59118454894113
REGION1,NOHYDMPH3,NOHO,1,2021,153.59118454894113
REGION1,NOHYDMPH3,NOHO,1,2022,153.59118616815326
REGION1,NOHYDMPH3,NOHO,1,2023,153.5911843533934
REGION1,NOHYDMPH3,NOHO,1,2024,153.59118455374525
REGION1,NOHYDMPH3,NOHO,1,2025,153.5911865999423
REGION1,NOHYDMPH3,NOHO,1,2026,153.59118454894113
REGION1,NOHYDMPH3,NOHO,1,2027,153.59118454894113
REGION1,NOHYDMPH3,NOHO,1,2028,153.5911852261149
REGION1,NOHYDMPH3,NOHO,1,2029,153.59118796407265
REGION1,NOHYDMPH3,NOHO,1,2030,153.5911866592441
REGION1,NOHYDMPH3,NOHO,1,2031,153.5911866592441
REGION1,NOHYDMPH3,NOHO,1,2032,153.59118454894113
REGION1,NOHYDMPH3,NOHO,1,2033,153.59118454894113
REGION1,NOHYDMPH3,NOHO,1,2034,153.59118454894113
REGION1,NOHYDMPH3,NOHO,1,2035,153.59118454894113
REGION1,NOHYDMPH3,NOHO,1,2036,153.59118454894113
REGION1,NOHYDMPH3,NOHO,1,2037,153.59118454894113
REGION1,NOHYDMPH3,NOHO,1,2038,153.59118490701607
REGION1,NOHYDMPH3,NOHO,1,2039,153.59118521557966
REGION1,NOHYDMPH3,NOHO,1,2040,147.31065113414405
REGION1,NOHYDMPH3,NOHO,1,2041,147.31065074824528
REGION1,NOHYDMPH3,NOHO,1,2042,147.3106527628386
REGION1,NOHYDMPH3,NOHO,1,2043,147.31065273917193
REGION1,NOHYDMPH3,NOHO,1,2044,147.3106519652532
REGION1,NOHYDMPH3,NOHO,1,2045,136.3270204174048
REGION1,NOHYDMPH3,NOHO,1,2046,136.32702026021494
REGION1,NOHYDMPH3,NOHO,1,2047,132.6755470685834
REGION1,NOHYDMPH3,NOHO,1,2048,128.00166108672224
REGION1,NOHYDMPH3,NOHO,1,2049,124.4962471848557
REGION1,NOHYDMPH3,NOHO,1,2050,121.16610360394122
REGION1,NOHYDMPH3,NOHO,1,2051,111.87675673737459
REGION1,NOHYDMPH3,NOHO,1,2052,111.87675629634491
REGION1,NOHYDMPH3,NOHO,1,2053,103.06940290375894
REGION1,NOHYDMPH3,NOHO,1,2054,97.87700802092192
REGION1,NOHYDMPH3,NOHO,1,2055,94.59068213205892
REGION1,NOHYDMPH3,NOHO,1,2056,93.09795962701217
REGION1,NOHYDMPH3,NOHO,1,2057,91.4913113990437
REGION1,NOHYDMPH3,NOHO,1,2058,89.8846630905262
REGION1,NOHYDMPH3,NOHO,1,2059,88.05892694192197
REGION1,NOHYDMPH3,NOHO,1,2060,68.26424916005321
REGION1,NOHYDSPH2,NOHO,1,2015,6.1184936669180985
REGION1,NOHYDSPH2,NOHO,1,2016,6.118493169920055
REGION1,NOHYDSPH2,NOHO,1,2017,6.118493915470634
REGION1,NOHYDSPH2,NOHO,1,2018,6.118493978621096
REGION1,NOHYDSPH2,NOHO,1,2019,6.118493978621096
REGION1,NOHYDSPH2,NOHO,1,2020,6.118493915470634
REGION1,NOHYDSPH2,NOHO,1,2021,6.118494848538112
REGION1,NOHYDSPH2,NOHO,1,2022,6.118493486265913
REGION1,NOHYDSPH2,NOHO,1,2023,6.118494053952671
REGION1,NOHYDSPH2,NOHO,1,2024,6.118494133377463
REGION1,NOHYDSPH2,NOHO,1,2025,6.1184927527156505
REGION1,NOHYDSPH2,NOHO,1,2026,6.1184936669180985
REGION1,NOHYDSPH2,NOHO,1,2027,6.118493563772708
REGION1,NOHYDSPH2,NOHO,1,2028,6.118494860705762
REGION1,NOHYDSPH2,NOHO,1,2029,6.118494008827427
REGION1,NOHYDSPH2,NOHO,1,2030,6.118490795868511
REGION1,NOHYDSPH2,NOHO,1,2031,6.118492209281189
REGION1,NOHYDSPH2,NOHO,1,2032,6.118492818523189
REGION1,NOHYDSPH2,NOHO,1,2033,6.11849138246959
REGION1,NOHYDSPH2,NOHO,1,2034,6.11849256457076
REGION1,NOHYDSPH2,NOHO,1,2035,6.11849258200322
REGION1,NOHYDSPH2,NOHO,1,2036,6.118491264709511
REGION1,NOHYDSPH2,NOHO,1,2037,6.11849275621593
REGION1,NOHYDSPH2,NOHO,1,2038,6.118491075949272
REGION1,NOHYDSPH2,NOHO,1,2039,6.118492119070043
REGION1,NOHYDSPH2,NOHO,1,2040,6.118492119070043
REGION1,NOHYDSPH2,NOHO,1,2041,6.1184917246526025
REGION1,NOHYDSPH2,NOHO,1,2042,6.118492576171268
REGION1,NOHYDSPH2,NOHO,1,2043,6.118492576171268
REGION1,NOHYDSPH2,NOHO,1,2044,6.118492576171268
REGION1,NOHYDSPH2,NOHO,1,2045,6.1184921848775815
REGION1,NOHYDSPH2,NOHO,1,2046,6.118490748823983
REGION1,NOHYDSPH2,NOHO,1,2047,6.118490535837368
REGION1,NOHYDSPH2,NOHO,1,2048,6.118492133077293
REGION1,NOHYDSPH2,NOHO,1,2049,6.1184921848775815
REGION1,NOHYDSPH2,NOHO,1,2050,6.1184921848775815
REGION1,NOHYDSPH2,NOHO,1,2051,6.118492576171268
REGION1,NOHYDSPH2,NOHO,1,2052,6.1184942563940155
REGION1,NOHYDSPH2,NOHO,1,2053,5.391724057951868
REGION1,NOHYDSPH2,NOHO,1,2054,5.2630258494234115
REGION1,NOHYDSPH2,NOHO,1,2055,5.263025448214831
REGION1,NOHYDSPH2,NOHO,1,2056,5.263025448214831
REGION1,NOHYDSPH2,NOHO,1,2057,5.263025859042291
REGION1,NOHYDSPH2,NOHO,1,2058,5.263025611533356
REGION1,NOHYDSPH2,NOHO,1,2059,2.2348150050143976
REGION1,NOHYDSPH2,NOHO,1,2060,2.2348156897726237
REGION1,NOHYDSPH3,NOHO,1,2015,8.214012633769077
REGION1,NOHYDSPH3,NOHO,1,2016,8.214012593115314
REGION1,NOHYDSPH3,NOHO,1,2017,8.214012619628635
REGION1,NOHYDSPH3,NOHO,1,2018,8.214012591227283
REGION1,NOHYDSPH3,NOHO,1,2019,8.214012563097763
REGION1,NOHYDSPH3,NOHO,1,2020,8.214012536313206
REGION1,NOHYDSPH3,NOHO,1,2021,8.214011642395889
REGION1,NOHYDSPH3,NOHO,1,2022,8.214012275271038
REGION1,NOHYDSPH3,NOHO,1,2023,8.214011106774567
REGION1,NOHYDSPH3,NOHO,1,2024,8.214010306565111
REGION1,NOHYDSPH3,NOHO,1,2025,8.2140061211525
REGION1,NOHYDSPH3,NOHO,1,2026,8.214012300697773
REGION1,NOHYDSPH3,NOHO,1,2027,8.21401054188429
REGION1,NOHYDSPH3,NOHO,1,2028,8.214007190431433
REGION1,NOHYDSPH3,NOHO,1,2029,8.214006017484285
REGION1,NOHYDSPH3,NOHO,1,2030,8.214006079102482
REGION1,NOHYDSPH3,NOHO,1,2031,8.214005334352347
REGION1,NOHYDSPH3,NOHO,1,2032,8.214004521750136
REGION1,NOHYDSPH3,NOHO,1,2033,8.214006377829223
REGION1,NOHYDSPH3,NOHO,1,2034,8.214004792617539
REGION1,NOHYDSPH3,NOHO,1,2035,8.214008159141835
REGION1,NOHYDSPH3,NOHO,1,2036,8.21400439434679
REGION1,NOHYDSPH3,NOHO,1,2037,8.214008096595085
REGION1,NOHYDSPH3,NOHO,1,2038,8.214004521750136
REGION1,NOHYDSPH3,NOHO,1,2039,8.214004622716912
REGION1,NOHYDSPH3,NOHO,1,2040,8.214003876149242
REGION1,NOHYDSPH3,NOHO,1,2041,8.214008092035316
REGION1,NOHYDSPH3,NOHO,1,2042,8.2140076890145
REGION1,NOHYDSPH3,NOHO,1,2043,8.214009187520285
REGION1,NOHYDSPH3,NOHO,1,2044,8.214004823744704
REGION1,NOHYDSPH3,NOHO,1,2045,8.214009138502307
REGION1,NOHYDSPH3,NOHO,1,2046,8.214009414307233
REGION1,NOHYDSPH3,NOHO,1,2047,8.21400749441354
REGION1,NOHYDSPH3,NOHO,1,2048,8.214008133880604
REGION1,NOHYDSPH3,NOHO,1,2049,8.214008068788537
REGION1,NOHYDSPH3,NOHO,1,2050,8.214006843747631
REGION1,NOHYDSPH3,NOHO,1,2051,8.214007979424649
REGION1,NOHYDSPH3,NOHO,1,2052,8.214009711428147
REGION1,NOHYDSPH3,NOHO,1,2053,8.214010159655821
REGION1,NOHYDSPH3,NOHO,1,2054,8.214010159655821
REGION1,NOHYDSPH3,NOHO,1,2055,8.214010159655821
REGION1,NOHYDSPH3,NOHO,1,2056,8.214010159655821
REGION1,NOHYDSPH3,NOHO,1,2057,8.214010159655821
REGION1,NOHYDSPH3,NOHO,1,2058,6.22674755363852
REGION1,NOHYDSPH3,NOHO,1,2059,4.239485612430624
REGION1,NOHYDSPH3,NOHO,1,2060,4.2394902057154
REGION1,NONG00X00,CO2,1,2023,524.0823709352179
REGION1,NONG00X00,CO2,1,2024,953.6610014654146
REGION1,NONG00X00,CO2,1,2025,564.1268432571289
REGION1,NONG00X00,CO2,1,2026,1.8310966351199705
REGION1,NONG00X00,CO2,1,2030,6.3698094648830725
REGION1,NONG00X00,CO2,1,2031,4.894981927426852
REGION1,NONGCCPH2,NOPM25,1,2023,0.0012627333983465325
REGION1,NONGCCPH2,NOPM25,1,2024,0.0023052819586131023
REGION1,NONGCCPH2,NOPM25,1,2025,0.001368136250905407
REGION1,NONGCCPH2,NOPM25,1,2026,4.455417677555598e-06
REGION1,NONGCCPH2,NOPM25,1,2030,1.570569537961543e-05
REGION1,NONGCCPH2,NOPM25,1,2031,1.206929272605804e-05
REGION1,NOSODIFH1,NOSO,1,2015,6.790727680466185e-05
REGION1,NOSODIFH1,NOSO,1,2016,6.790727680466185e-05
REGION1,NOSODIFH1,NOSO,1,2017,6.790727680466185e-05
REGION1,NOSODIFH1,NOSO,1,2018,6.790727680466185e-05
REGION1,NOSODIFH1,NOSO,1,2019,6.790727680466185e-05
REGION1,NOSODIFH1,NOSO,1,2020,6.790727680466185e-05
REGION1,NOSODIFH1,NOSO,1,2021,6.790727680466185e-05
REGION1,NOSODIFH1,NOSO,1,2022,6.790727680466185e-05
REGION1,NOSODIFH1,NOSO,1,2023,6.482058240444991e-05
REGION1,NOSODIFH1,NOSO,1,2024,6.482058240444991e-05
REGION1,NOSODIFH1,NOSO,1,2025,1.5433472001059503e-05
REGION1,NOSODIFH1,NOSO,1,2026,1.5433472001059503e-05
REGION1,NOSODIFH1,NOSO,1,2027,1.5433472001059503e-05
REGION1,NOSODIFH1,NOSO,1,2028,1.5433472001059547e-05
REGION1,NOSOUTPH2,NOSO,1,2015,0.046232508726373814
REGION1,NOSOUTPH2,NOSO,1,2016,0.046232508726373814
REGION1,NOSOUTPH2,NOSO,1,2017,0.046232508726373814
REGION1,NOSOUTPH2,NOSO,1,2018,0.046232508726373814
REGION1,NOSOUTPH2,NOSO,1,2019,0.046232508726373814
REGION1,NOSOUTPH2,NOSO,1,2020,0.04623250872637384
REGION1,NOSOUTPH2,NOSO,1,2021,0.04623250872637384
REGION1,NOSOUTPH2,NOSO,1,2022,0.04623250872637384
REGION1,NOSOUTPH2,NOSO,1,2023,0.04623250872637384
REGION1,NOSOUTPH2,NOSO,1,2024,0.04623250872637384
REGION1,NOSOUTPH2,NOSO,1,2025,0.04623250872637384
REGION1,NOSOUTPH2,NOSO,1,2026,0.04623250872637384
REGION1,NOSOUTPH2,NOSO,1,2027,0.04623250872637384
REGION1,NOSOUTPH2,NOSO,1,2028,0.04623250872637384
REGION1,NOSOUTPH2,NOSO,1,2029,0.04623250872637384
REGION1,NOSOUTPH2,NOSO,1,2030,0.04623250872637384
REGION1,NOSOUTPH2,NOSO,1,2031,0.04623250872637384
REGION1,NOSOUTPH2,NOSO,1,2032,0.021606860801483305
REGION1,NOSOUTPH2,NOSO,1,2033,3.959996200982266
REGION1,NOSOUTPH2,NOSO,1,2034,4.499995682934392
REGION1,NOSOUTPH2,NOSO,1,2035,5.0399951648865216
REGION1,NOSOUTPH2,NOSO,1,2036,5.199995011390854
REGION1,NOSOUTPH2,NOSO,1,2037,5.349994867488667
REGION1,NOSOUTPH2,NOSO,1,2038,5.5099947139930014
REGION1,NOSOUTPH2,NOSO,1,2039,5.6699945604973365
REGION1,NOSOUTPH2,NOSO,1,2040,5.829994407001669
REGION1,NOSOUTPH2,NOSO,1,2041,5.606962841366826
REGION1,NOSOUTPH2,NOSO,1,2042,5.929993937694422
REGION1,NOSOUTPH2,NOSO,1,2043,5.969993952659428
REGION1,NOSOUTPH2,NOSO,1,2044,6.019994099282616
REGION1,NOSOUTPH2,NOSO,1,2045,5.9620434339201935
REGION1,NOSOUTPH2,NOSO,1,2046,6.119994008778199
REGION1,NOSOUTPH2,NOSO,1,2047,6.159994041325444
REGION1,NOSOUTPH2,NOSO,1,2048,6.209994042449463
REGION1,NOSOUTPH2,NOSO,1,2049,6.259993994482069
REGION1,NOSOUTPH2,NOSO,1,2050,6.29999395610815
REGION1,NOSOUTPH2,NOSO,1,2051,6.349993908140753
REGION1,NOSOUTPH2,NOSO,1,2052,6.389993869766838
REGION1,NOSOUTPH2,NOSO,1,2053,6.429993654840626
REGION1,NOSOUTPH2,NOSO,1,2054,6.479993605500351
REGION1,NOSOUTPH2,NOSO,1,2055,6.519993566028129
REGION1,NOSOUTPH2,NOSO,1,2056,6.569993516687855
REGION1,NOSOUTPH2,NOSO,1,2057,6.619993467347581
REGION1,NOSOUTPH2,NOSO,1,2058,6.65999342787536
REGION1,NOSOUTPH2,NOSO,1,2059,6.709993378535085
REGION1,NOSOUTPH2,NOSO,1,2060,6.759993329194809
REGION1,NOWIOFPH3,NOWI,1,2015,0.03771693135564376
REGION1,NOWIOFPH3,NOWI,1,2016,0.03771693135564376
REGION1,NOWIOFPH3,NOWI,1,2017,0.03771693135564376
REGION1,NOWIOFPH3,NOWI,1,2018,0.03771693135564376
REGION1,NOWIOFPH3,NOWI,1,2019,0.03771693135564376
REGION1,NOWIOFPH3,NOWI,1,2020,0.03771693135564376
REGION1,NOWIOFPH3,NOWI,1,2021,0.03771693135564376
REGION1,NOWIOFPH3,NOWI,1,2022,0.03771693135564376
REGION1,NOWIOFPH3,NOWI,1,2023,0.03771693135564376
REGION1,NOWIOFPH3,NOWI,1,2024,0.03771693135564376
REGION1,NOWIOFPH3,NOWI,1,2025,0.03771693135564376
REGION1,NOWIOFPH3,NOWI,1,2026,0.03771693135564376
REGION1,NOWIOFPH3,NOWI,1,2027,0.03771693135564376
REGION1,NOWIOFPH3,NOWI,1,2028,0.03771693135564376
REGION1,NOWIOFPH3,NOWI,1,2029,0.03771693135564376
REGION1,NOWIOFPH3,NOWI,1,2030,0.03771693135564376
REGION1,NOWIOFPH3,NOWI,1,2031,0.03771693135564376
REGION1,NOWIOFPH3,NOWI,1,2032,0.03771693135564376
REGION1,NOWIOFPH3,NOWI,1,2033,0.03771693135564376
REGION1,NOWIOFPH3,NOWI,1,2034,0.03771693135564376
REGION1,NOWIONPH3,NOWI,1,2015,7.5781406689676984
REGION1,NOWIONPH3,NOWI,1,2016,7.5781406689676984
REGION1,NOWIONPH3,NOWI,1,2017,7.5781406689676984
REGION1,NOWIONPH3,NOWI,1,2018,7.5781406689676984
REGION1,NOWIONPH3,NOWI,1,2019,7.5781406689676984
REGION1,NOWIONPH3,NOWI,1,2020,7.5781406689676984
REGION1,NOWIONPH3,NOWI,1,2021,7.5781406689676984
REGION1,NOWIONPH3,NOWI,1,2022,7.5781406689676984
REGION1,NOWIONPH3,NOWI,1,2023,7.547800661658266
REGION1,NOWIONPH3,NOWI,1,2024,7.467519844168003
REGION1,NOWIONPH3,NOWI,1,2025,7.467519844168003
REGION1,NOWIONPH3,NOWI,1,2026,7.430230939869247
REGION1,NOWIONPH3,NOWI,1,2027,6.728322153069137
REGION1,NOWIONPH3,NOWI,1,2028,6.691471941762131
REGION1,NOWIONPH3,NOWI,1,2029,6.207154878870056
REGION1,NOWIONPH3,NOWI,1,2030,5.015664713276873
REGION1,NOWIONPH3,NOWI,1,2031,4.655059074058317
REGION1,NOWIONPH3,NOWI,1,2032,4.41290054261228
REGION1,NOWIONPH3,NOWI,1,2033,3.814154799752118
REGION1,NOWIONPH3,NOWI,1,2034,3.7966070800821154
REGION1,NOWIONPH3,NOWI,1,2035,3.772917658527612
REGION1,NOWIONPH3,NOWI,1,2036,3.0359134323874986
REGION1,NOWIONPH3,NOWI,1,2037,0.8993206330876385
REGION1,NOWIONPH3,NOWI,1,2038,0.39482369257506084
REGION1,NOWIONPN3,NOWI,1,2022,18.29096143893439
REGION1,NOWIONPN3,NOWI,1,2023,36.58192287786885
REGION1,NOWIONPN3,NOWI,1,2024,60.96987146311472
REGION1,NOWIONPN3,NOWI,1,2025,85.35782004836065
REGION1,NOWIONPN3,NOWI,1,2026,109.74576863360652
REGION1,NOWIONPN3,NOWI,1,2027,140.2307043651639
REGION1,NOWIONPN3,NOWI,1,2028,170.71564009672096
REGION1,NOWIONPN3,NOWI,1,2029,201.20057582827826
REGION1,NOWIONPN3,NOWI,1,2030,237.78249870614704
REGION1,NOWIONPN3,NOWI,1,2031,258.36862995335406
REGION1,NOWIONPN3,NOWI,1,2032,292.7026179350677
REGION1,NOWIONPN3,NOWI,1,2033,312.7196062339459
REGION1,NOWIONPN3,NOWI,1,2034,330.89433947350545
REGION1,NOWIONPN3,NOWI,1,2035,349.53596842525366
REGION1,NOWIONPN3,NOWI,1,2036,368.49170073625623
REGION1,NOWIONPN3,NOWI,1,2037,388.6362614859914
REGION1,NOWIONPN3,NOWI,1,2038,412.6275889797711
REGION1,NOWIONPN3,NOWI,1,2039,433.5237268586209
REGION1,NOWIONPN3,NOWI,1,2040,460.0986501140011
REGION1,NOWIONPN3,NOWI,1,2041,490.3472364447258
REGION1,NOWIONPN3,NOWI,1,2042,490.3472364447258
REGION1,NOWIONPN3,NOWI,1,2043,505.1171929170622
REGION1,NOWIONPN3,NOWI,1,2044,524.941585108864
REGION1,NOWIONPN3,NOWI,1,2045,562.6516728879425
REGION1,NOWIONPN3,NOWI,1,2046,562.6516728879435
REGION1,NOWIONPN3,NOWI,1,2047,572.5368928256163
REGION1,NOWIONPN3,NOWI,1,2048,603.0218285571725
REGION1,NOWIONPN3,NOWI,1,2049,617.2874392466556
REGION1,NOWIONPN3,NOWI,1,2050,634.1069039846641
REGION1,NOWIONPN3,NOWI,1,2051,654.8811153373281
REGION1,NOWIONPN3,NOWI,1,2052,659.7551637381592
REGION1,NOWIONPN3,NOWI,1,2053,673.5209539838752
REGION1,NOWIONPN3,NOWI,1,2054,679.6213594371989
REGION1,NOWIONPN3,NOWI,1,2055,684.2875644551498
REGION1,NOWIONPN3,NOWI,1,2056,692.3433655050375
REGION1,NOWIONPN3,NOWI,1,2057,694.9512006015868
REGION1,NOWIONPN3,NOWI,1,2058,699.8224499973056
REGION1,NOWIONPN3,NOWI,1,2059,714.6611279069019
REGION1,NOWIONPN3,NOWI,1,2060,739.5589415278478
REGION1,NOWS00X00,NOPM25,1,2015,0.008846299049725836
REGION1,NOWS00X00,NOPM25,1,2016,0.008846299403888211
REGION1,NOWS00X00,NOPM25,1,2017,0.008846299758050586
REGION1,NOWS00X00,NOPM25,1,2018,0.008846300112175904
REGION1,NOWS00X00,NOPM25,1,2019,0.008846300466338278
REGION1,NOWS00X00,NOPM25,1,2020,0.008846298226070262
REGION1,NOWS00X00,NOPM25,1,2021,0.008846296760828626
REGION1,NOWS00X00,NOPM25,1,2022,0.008846295042038117
REGION1,NOWS00X00,NOPM25,1,2023,0.008846290168276106
REGION1,NOWS00X00,NOPM25,1,2024,0.008846291044890648
REGION1,NOWS00X00,NOPM25,1,2025,0.008846290923512136
REGION1,NOWS00X00,NOPM25,1,2026,0.008846290624518867
REGION1,NOWS00X00,NOPM25,1,2027,0.008846290908734847
REGION1,NOWS00X00,NOPM25,1,2028,0.008846290580655248
REGION1,NOWS00X00,NOPM25,1,2029,0.00884628991840464
REGION1,NOWS00X00,NOPM25,1,2030,0.008846290685178516
REGION1,NOWS00X00,NOPM25,1,2031,0.00884629060433407
REGION1,NOWS00X00,NOPM25,1,2032,0.008846289473200288
REGION1,NOWS00X00,NOPM25,1,2033,0.00884628946771223
REGION1,NOWS00X00,NOPM25,1,2034,0.00884628957344263
REGION1,NOWS00X00,NOPM25,1,2035,0.008846288897622647
REGION1,NOWS00X00,NOPM25,1,2036,0.008846288894308774
REGION1,NOWS00X00,NOPM25,1,2037,0.008846288893430374
REGION1,NOWS00X00,NOPM25,1,2038,0.008846288893430376
REGION1,NOWS00X00,NOPM25,1,2039,0.008846288893430376
REGION1,NOWS00X00,NOPM25,1,2040,0.008846288893430374
REGION1,NOWS00X00,NOPM25,1,2041,0.008846288718356406
REGION1,NOWS00X00,NOPM25,1,2042,0.008846288718356406
REGION1,NOWS00X00,NOPM25,1,2043,0.008846288718356405
REGION1,NOWS00X00,NOPM25,1,2044,0.008846288718356406
REGION1,NOWS00X00,NOPM25,1,2045,0.00884628863385153
REGION1,NOWS00X00,NOPM25,1,2046,0.008846288718356406
REGION1,NOWS00X00,NOPM25,1,2047,0.008846290150166494
REGION1,NOWS00X00,NOPM25,1,2048,0.008846288265062317
REGION1,NOWS00X00,NOPM25,1,2049,0.008846288265062317
REGION1,NOWS00X00,NOPM25,1,2050,0.008846288294429376
REGION1,NOWS00X00,NOPM25,1,2051,0.008846291109423985
REGION1,NOWS00X00,NOPM25,1,2052,0.008846291043668096
REGION1,NOWS00X00,NOPM25,1,2053,0.008846290997464415
REGION1,NOWS00X00,NOPM25,1,2054,0.008846290997464416
REGION1,NOWS00X00,NOPM25,1,2055,0.008846290997464416
REGION1,NOWS00X00,NOPM25,1,2056,0.008846290997464415
REGION1,NOWS00X00,NOPM25,1,2057,0.008846290874360603
REGION1,NOWS00X00,NOPM25,1,2058,0.008846290874360601
REGION1,NOWS00X00,NOPM25,1,2059,0.008846290997464416
REGION1,NOWS00X00,NOPM25,1,2060,0.00884629101483817
REGION1,SEBMCCPH1,SEPM25,1,2016,0.00019638096515817014
REGION1,SEBMCCPH1,SEPM25,1,2017,0.00019638092879858808
REGION1,SEBMCCPH1,SEPM25,1,2018,0.00019638094598998138
REGION1,SEBMCCPH1,SEPM25,1,2019,0.00019638093474949928
REGION1,SEBMCCPH1,SEPM25,1,2020,0.00019638093320451503
REGION1,SEBMCCPH1,SEPM25,1,2021,0.00019638095318652408
REGION1,SEBMCCPH1,SEPM25,1,2022,0.00019638094053689572
REGION1,SEBMCCPH1,SEPM25,1,2023,0.0001963809318845764
REGION1,SEBMCCPH1,SEPM25,1,2024,0.00019638093781893385
REGION1,SEBMCCPH1,SEPM25,1,2025,0.00019638092989777018
REGION1,SEBMCHPH3,SEPM25,1,2023,0.0062964657252410645
REGION1,SEBMCHPH3,SEPM25,1,2024,0.00629646594234523
REGION1,SEBMCHPH3,SEPM25,1,2025,0.006296466248967788
REGION1,SEBMCHPH3,SEPM25,1,2026,0.006296464799253447
REGION1,SEBMCHPH3,SEPM25,1,2027,0.006296464400697646
REGION1,SEBMCHPH3,SEPM25,1,2028,0.006296465983694003
REGION1,SEBMCHPH3,SEPM25,1,2029,0.006296465866210479
REGION1,SEBMCHPH3,SEPM25,1,2030,0.003148232883968715
REGION1,SEBMCSPN2,CO2,1,2030,-677.061206839007
REGION1,SEBMCSPN2,CO2,1,2031,-3211.36284765466
REGION1,SEBMCSPN2,CO2,1,2032,-4845.722488784497
REGION1,SEBMCSPN2,CO2,1,2033,-9590.193720747282
REGION1,SEBMCSPN2,CO2,1,2034,-10054.541599716606
REGION1,SEBMCSPN2,CO2,1,2035,-10617.945153963967
REGION1,SEBMCSPN2,CO2,1,2036,-11298.382858312767
REGION1,SEBMCSPN2,CO2,1,2037,-12119.014760722579
REGION1,SEBMCSPN2,CO2,1,2038,-13126.737858413979
REGION1,SEBMCSPN2,CO2,1,2039,-14729.05086476219
REGION1,SEBMCSPN2,CO2,1,2040,-16929.781654918148
REGION1,SEBMCSPN2,CO2,1,2041,-19459.107121345023
REGION1,SEBMCSPN2,CO2,1,2042,-22301.614328639273
REGION1,SEBMCSPN2,CO2,1,2043,-25486.732656358356
REGION1,SEBMCSPN2,CO2,1,2044,-29045.590503533826
REGION1,SEBMCSPN2,CO2,1,2045,-33011.00826321423
REGION1,SEBMCSPN2,CO2,1,2046,-36947.31454327674
REGION1,SEBMCSPN2,CO2,1,2047,-41420.326172396075
REGION1,SEBMCSPN2,CO2,1,2048,-40617.7670965157
REGION1,SEBMCSPN2,CO2,1,2049,-46123.87126597102
REGION1,SEBMCSPN2,CO2,1,2050,-51249.94862175789
REGION1,SEBMCSPN2,CO2,1,2051,-52867.64140488706
REGION1,SEBMCSPN2,CO2,1,2052,-47397.56063395758
REGION1,SEBMCSPN2,CO2,1,2053,-54457.556870413326
REGION1,SEBMCSPN2,CO2,1,2054,-55174.58742805648
REGION1,SEBMCSPN2,CO2,1,2055,-57448.89659354113
REGION1,SEBMCSPN2,CO2,1,2056,-59231.116801551485
REGION1,SEBMCSPN2,CO2,1,2057,-59003.15324000678
REGION1,SEBMCSPN2,CO2,1,2058,-61307.78528779013
REGION1,SEBMCSPN2,CO2,1,2059,-64370.16909706671
REGION1,SEBMCSPN2,CO2,1,2060,-63587.02758670044
REGION1,SEBMSTPH3,SEPM25,1,2015,0.9072831523760528
REGION1,SEBMSTPH3,SEPM25,1,2016,0.8766757838262038
REGION1,SEBMSTPH3,SEPM25,1,2017,0.9713441158969361
REGION1,SEBMSTPH3,SEPM25,1,2018,4.2603384036276
REGION1,SEBMSTPH3,SEPM25,1,2019,7.665343414291218
REGION1,SEBMSTPH3,SEPM25,1,2020,8.602837616427351
REGION1,SEBMSTPH3,SEPM25,1,2021,8.602834838737376
REGION1,SEBMSTPH3,SEPM25,1,2022,8.602835109928616
REGION1,SEBMSTPH3,SEPM25,1,2023,8.602835154781216
REGION1,SEBMSTPH3,SEPM25,1,2024,8.602835766716785
REGION1,SEBMSTPH3,SEPM25,1,2025,8.602838138805101
REGION1,SEBMSTPH3,SEPM25,1,2026,8.60283791498101
REGION1,SEBMSTPH3,SEPM25,1,2027,8.602838608919336
REGION1,SEBMSTPH3,SEPM25,1,2028,8.602837779852392
REGION1,SEBMSTPH3,SEPM25,1,2029,8.602835998104595
REGION1,SEBMSTPH3,SEPM25,1,2030,0.2938350213500212
REGION1,SEBMSTPH3,SEPM25,1,2031,0.09794502377748339
REGION1,SEBMSTPH3,SEPM25,1,2032,0.0979450322522298
REGION1,SEBMSTPH3,SEPM25,1,2033,0.09794502951884303
REGION1,SEBMSTPH3,SEPM25,1,2034,0.09794500348846907
REGION1,SEBMSTPH3,SEPM25,1,2035,0.09794503598274698
REGION1,SEBMSTPH3,SEPM25,1,2036,0.0979450242268276
REGION1,SEBMSTPH3,SEPM25,1,2037,0.0979450320036402
REGION1,SEBMSTPH3,SEPM25,1,2038,0.0979450237528729
REGION1,SEBMSTPH3,SEPM25,1,2039,0.09794502312102907
REGION1,SEBMSTPH3,SEPM25,1,2040,0.0979450242268276
REGION1,SEBMSTPH3,SEPM25,1,2041,0.09794501962748924
REGION1,SECO00X00,CO2,1,2015,796.013363601613
REGION1,SECO00X00,CO2,1,2016,708.8314144790908
REGION1,SECO00X00,CO2,1,2017,621.6483903349551
REGION1,SECO00X00,CO2,1,2018,534.4662807594265
REGION1,SECO00X00,CO2,1,2019,447.2833985109318
REGION1,SECO00X00,CO2,1,2020,360.1013905861297
REGION1,SECOCHPH3,SEPM25,1,2015,0.008930092113225718
REGION1,SECOCHPH3,SEPM25,1,2016,0.00863383984860675
REGION1,SECOCHPH3,SEPM25,1,2017,0.007647272653558326
REGION1,SECOCHPH3,SEPM25,1,2018,0.006640856140074543
REGION1,SECOCHPH3,SEPM25,1,2019,0.005614022544831399
REGION1,SECOCHPH3,SEPM25,1,2020,0.004566133069433867
REGION1,SECOSTPH1,SEPM25,1,2015,0.0006710860135910973
REGION1,SEHYDMPH1,SEHO,1,2015,19.23791372316231
REGION1,SEHYDMPH1,SEHO,1,2016,16.958971133236123
REGION1,SEHYDMPH1,SEHO,1,2017,14.444461257312
REGION1,SEHYDMPH1,SEHO,1,2018,13.670948471770634
REGION1,SEHYDMPH1,SEHO,1,2019,13.615779186018003
REGION1,SEHYDMPH1,SEHO,1,2020,13.277320713655314
REGION1,SEHYDMPH1,SEHO,1,2021,13.262287104561553
REGION1,SEHYDMPH1,SEHO,1,2022,13.130988003027442
REGION1,SEHYDMPH1,SEHO,1,2023,12.899817582983427
REGION1,SEHYDMPH1,SEHO,1,2024,12.72112197927196
REGION1,SEHYDMPH1,SEHO,1,2025,12.442156718999973
REGION1,SEHYDMPH1,SEHO,1,2026,12.407339340861508
REGION1,SEHYDMPH1,SEHO,1,2027,12.267502539050842
REGION1,SEHYDMPH1,SEHO,1,2028,12.21063179105275
REGION1,SEHYDMPH1,SEHO,1,2029,11.688016563190235
REGION1,SEHYDMPH1,SEHO,1,2030,11.471596070333481
REGION1,SEHYDMPH1,SEHO,1,2031,11.430183953289662
REGION1,SEHYDMPH1,SEHO,1,2032,11.208586580409477
REGION1,SEHYDMPH1,SEHO,1,2033,10.81127135473016
REGION1,SEHYDMPH1,SEHO,1,2034,10.610167306893931
REGION1,SEHYDMPH1,SEHO,1,2035,10.378543096085677
REGION1,SEHYDMPH1,SEHO,1,2036,10.223105718159044
REGION1,SEHYDMPH1,SEHO,1,2037,10.03434021419947
REGION1,SEHYDMPH1,SEHO,1,2038,9.469178081097896
REGION1,SEHYDMPH1,SEHO,1,2039,9.038747578489392
REGION1,SEHYDMPH1,SEHO,1,2040,8.868277152863943
REGION1,SEHYDMPH1,SEHO,1,2041,8.53102368186783
REGION1,SEHYDMPH1,SEHO,1,2042,7.698952197791376
REGION1,SEHYDMPH1,SEHO,1,2043,7.546549934372205
REGION1,SEHYDMPH1,SEHO,1,2044,7.270209146849173
REGION1,SEHYDMPH1,SEHO,1,2045,7.270209146849173
REGION1,SEHYDMPH1,SEHO,1,2046,7.194334206472056
REGION1,SEHYDMPH1,SEHO,1,2047,7.19433411172368
REGION1,SEHYDMPH1,SEHO,1,2048,7.182988227041719
REGION1,SEHYDMPH1,SEHO,1,2049,7.087967255106404
REGION1,SEHYDMPH1,SEHO,1,2050,7.070664932772829
REGION1,SEHYDMPH1,SEHO,1,2051,7.070664953852816
REGION1,SEHYDMPH1,SEHO,1,2052,6.771703671335834
REGION1,SEHYDMPH1,SEHO,1,2053,6.756103216365197
REGION1,SEHYDMPH1,SEHO,1,2054,6.756103216365197
REGION1,SEHYDMPH1,SEHO,1,2055,6.497986463940658
REGION1,SEHYDMPH1,SEHO,1,2056,6.4889101206360325
REGION1,SEHYDMPH1,SEHO,1,2057,6.403958251153153
REGION1,SEHYDMPH1,SEHO,1,2058,6.230594741539932
REGION1,SEHYDMPH1,SEHO,1,2059,5.824458173509324
REGION1,SEHYDMPH1,SEHO,1,2060,5.7048877783888114
REGION1,SEHYDMPH2,SEHO,1,2015,141.55115275430268
REGION1,SEHYDMPH2,SEHO,1,2016,140.50308494888415
REGION1,SEHYDMPH2,SEHO,1,2017,140.1414412736542
REGION1,SEHYDMPH2,SEHO,1,2018,134.28843189948037
REGION1,SEHYDMPH2,SEHO,1,2019,133.01203324892884
REGION1,SEHYDMPH2,SEHO,1,2020,132.8702091673215
REGION1,SEHYDMPH2,SEHO,1,2021,132.23201053081553
REGION1,SEHYDMPH2,SEHO,1,2022,130.7996066764718
REGION1,SEHYDMPH2,SEHO,1,2023,130.79960509282486
REGION1,SEHYDMPH2,SEHO,1,2024,127.65114746273584
REGION1,SEHYDMPH2,SEHO,1,2025,127.65114961373548
REGION1,SEHYDMPH2,SEHO,1,2026,127.26113819835278
REGION1,SEHYDMPH2,SEHO,1,2027,126.87112685695766
REGION1,SEHYDMPH2,SEHO,1,2028,126.87112685695766
REGION1,SEHYDMPH2,SEHO,1,2029,123.53688204585703
REGION1,SEHYDMPH2,SEHO,1,2030,123.09440093373485
REGION1,SEHYDMPH2,SEHO,1,2031,121.60555019497887
REGION1,SEHYDMPH2,SEHO,1,2032,118.444326286143
REGION1,SEHYDMPH2,SEHO,1,2033,112.3913516567303
REGION1,SEHYDMPH2,SEHO,1,2034,108.90677546624832
REGION1,SEHYDMPH2,SEHO,1,2035,102.0517975176993
REGION1,SEHYDMPH2,SEHO,1,2036,98.14813612209808
REGION1,SEHYDMPH2,SEHO,1,2037,91.10169418404965
REGION1,SEHYDMPH2,SEHO,1,2038,86.72435004283547
REGION1,SEHYDMPH2,SEHO,1,2039,83.9332850513404
REGION1,SEHYDMPH2,SEHO,1,2040,81.76340521127642
REGION1,SEHYDMPH2,SEHO,1,2041,73.84830140769397
REGION1,SEHYDMPH2,SEHO,1,2042,70.62325920866714
REGION1,SEHYDMPH2,SEHO,1,2043,65.90057605175285
REGION1,SEHYDMPH2,SEHO,1,2044,58.48894176405485
REGION1,SEHYDMPH2,SEHO,1,2045,56.560160036600884
REGION1,SEHYDMPH2,SEHO,1,2046,54.33638522138493
REGION1,SEHYDMPH2,SEHO,1,2047,52.70542767579769
REGION1,SEHYDMPH2,SEHO,1,2048,47.21548616283677
REGION1,SEHYDMPH2,SEHO,1,2049,45.12715382155364
REGION1,SEHYDMPH2,SEHO,1,2050,42.50344000449703
REGION1,SEHYDMPH2,SEHO,1,2051,39.56771733823744
REGION1,SEHYDMPH2,SEHO,1,2052,39.000429501274795
REGION1,SEHYDMPH2,SEHO,1,2053,34.26356243470959
REGION1,SEHYDMPH2,SEHO,1,2054,29.790486587979547
REGION1,SEHYDMPH2,SEHO,1,2055,23.997045862031584
REGION1,SEHYDMPH2,SEHO,1,2056,19.18075983340009
REGION1,SEHYDMPH2,SEHO,1,2057,18.81202179822805
REGION1,SEHYDMPH2,SEHO,1,2058,17.57816760361394
REGION1,SEHYDMPH2,SEHO,1,2059,16.4577712659759
REGION1,SEHYDMPH2,SEHO,1,2060,15.493379481679877
REGION1,SEHYDMPH3,SEHO,1,2015,70.80904872878372
REGION1,SEHYDMPH3,SEHO,1,2016,70.80904823870053
REGION1,SEHYDMPH3,SEHO,1,2017,70.80904667743319
REGION1,SEHYDMPH3,SEHO,1,2018,70.80904761656112
REGION1,SEHYDMPH3,SEHO,1,2019,70.80904931470718
REGION1,SEHYDMPH3,SEHO,1,2020,70.80904823870053
REGION1,SEHYDMPH3,SEHO,1,2021,70.80904761656112
REGION1,SEHYDMPH3,SEHO,1,2022,70.80904761656112
REGION1,SEHYDMPH3,SEHO,1,2023,70.8090490423334
REGION1,SEHYDMPH3,SEHO,1,2024,74.54710097148245
REGION1,SEHYDMPH3,SEHO,1,2025,74.54709973698861
REGION1,SEHYDMPH3,SEHO,1,2026,74.54710033546813
REGION1,SEHYDMPH3,SEHO,1,2027,74.54710247252216
REGION1,SEHYDMPH3,SEHO,1,2028,74.54710097148246
REGION1,SEHYDMPH3,SEHO,1,2029,75.52679834660711
REGION1,SEHYDMPH3,SEHO,1,2030,91.73347901340382
REGION1,SEHYDMPH3,SEHO,1,2031,91.73347901340384
REGION1,SEHYDMPH3,SEHO,1,2032,91.73347638366516
REGION1,SEHYDMPH3,SEHO,1,2033,91.73347846181245
REGION1,SEHYDMPH3,SEHO,1,2034,90.17343088387179
REGION1,SEHYDMPH3,SEHO,1,2035,138.79386456573434
REGION1,SEHYDMPH3,SEHO,1,2036,142.7946897152331
REGION1,SEHYDMPH3,SEHO,1,2037,149.1326682149869
REGION1,SEHYDMPH3,SEHO,1,2038,153.75365955860383
REGION1,SEHYDMPH3,SEHO,1,2039,158.7600692961413
REGION1,SEHYDMPH3,SEHO,1,2040,161.09042323567618
REGION1,SEHYDMPH3,SEHO,1,2041,170.92278169472246
REGION1,SEHYDMPH3,SEHO,1,2042,170.9227765328512
REGION1,SEHYDMPH3,SEHO,1,2043,183.02497831222968
REGION1,SEHYDMPH3,SEHO,1,2044,192.29295303756723
REGION1,SEHYDMPH3,SEHO,1,2045,195.80172880566423
REGION1,SEHYDMPH3,SEHO,1,2046,199.69137698469208
REGION1,SEHYDMPH3,SEHO,1,2047,202.92234038091095
REGION1,SEHYDMPH3,SEHO,1,2048,204.1618253187788
REGION1,SEHYDMPH3,SEHO,1,2049,213.7869816445158
REGION1,SEHYDMPH3,SEHO,1,2050,211.70644817742115
REGION1,SEHYDMPH3,SEHO,1,2051,209.366379860648
REGION1,SEHYDMPH3,SEHO,1,2052,207.02631175315005
REGION1,SEHYDMPH3,SEHO,1,2053,205.4095367452168
REGION1,SEHYDMPH3,SEHO,1,2054,203.54314784084707
REGION1,SEHYDMPH3,SEHO,1,2055,200.13941223226024
REGION1,SEHYDMPH3,SEHO,1,2056,200.13941223226024
REGION1,SEHYDMPH3,SEHO,1,2057,200.1394130283683
REGION1,SEHYDMPH3,SEHO,1,2058,193.26103694835953
REGION1,SEHYDMPH3,SEHO,1,2059,193.26102985657423
REGION1,SEHYDMPH3,SEHO,1,2060,183.12073418932576
REGION1,SEHYDSPH2,SEHO,1,2015,1.3164354974285437
REGION1,SEHYDSPH2,SEHO,1,2016,1.3164348570488056
REGION1,SEHYDSPH2,SEHO,1,2017,1.3164357133702165
REGION1,SEHYDSPH2,SEHO,1,2018,1.3164361095746435
REGION1,SEHYDSPH2,SEHO,1,2019,1.3164353552456898
REGION1,SEHYDSPH2,SEHO,1,2020,1.3164351716284075
REGION1,SEHYDSPH2,SEHO,1,2021,1.3164354479768605
REGION1,SEHYDSPH2,SEHO,1,2022,1.3164354336832484
REGION1,SEHYDSPH2,SEHO,1,2023,1.3164352738933167
REGION1,SEHYDSPH2,SEHO,1,2024,1.316435231228849
REGION1,SEHYDSPH2,SEHO,1,2025,1.316434908007975
REGION1,SEHYDSPH2,SEHO,1,2026,1.3164350482195706
REGION1,SEHYDSPH2,SEHO,1,2027,1.3164355208502279
REGION1,SEHYDSPH2,SEHO,1,2028,1.3164355854178753
REGION1,SEHYDSPH2,SEHO,1,2029,1.316435613290912
REGION1,SEHYDSPH2,SEHO,1,2030,1.3164362793935855
REGION1,SEHYDSPH2,SEHO,1,2031,1.3164358979450852
REGION1,SEHYDSPH2,SEHO,1,2032,1.3164359184898078
REGION1,SEHYDSPH2,SEHO,1,2033,1.316435798609602
REGION1,SEHYDSPH2,SEHO,1,2034,1.3164353586022388
REGION1,SEHYDSPH2,SEHO,1,2035,1.3164359673706256
REGION1,SEHYDSPH2,SEHO,1,2036,0.7785374753090726
REGION1,SEHYDSPH2,SEHO,1,2037,0.7785374230919336
REGION1,SEHYDSPH2,SEHO,1,2038,0.7785374547712784
REGION1,SEHYDSPH2,SEHO,1,2039,0.7785370407876739
REGION1,SEHYDSPH2,SEHO,1,2040,0.7785373996735216
REGION1,SEHYDSPH2,SEHO,1,2041,0.7785372857989832
REGION1,SEHYDSPH2,SEHO,1,2042,0.7785372624365196
REGION1,SEHYDSPH2,SEHO,1,2043,0.7785372593549786
REGION1,SEHYDSPH2,SEHO,1,2044,0.7785374675002831
REGION1,SEHYDSPH2,SEHO,1,2045,0.7785373787953274
REGION1,SEHYDSPH2,SEHO,1,2046,0.7785374819190463
REGION1,SEHYDSPH2,SEHO,1,2047,0.7785372204157168
REGION1,SEHYDSPH2,SEHO,1,2048,0.778537157276102
REGION1,SEHYDSPH2,SEHO,1,2049,0.7785372995797005
REGION1,SEHYDSPH2,SEHO,1,2050,0.7785372481359656
REGION1,SEHYDSPH2,SEHO,1,2051,0.7785373628354149
REGION1,SEHYDSPH2,SEHO,1,2052,0.7785372125554718
REGION1,SEHYDSPH2,SEHO,1,2053,0.7785371303099473
REGION1,SEHYDSPH2,SEHO,1,2054,0.7785371765538046
REGION1,SEHYDSPH2,SEHO,1,2055,0.7785371765538046
REGION1,SEHYDSPH2,SEHO,1,2056,0.778537247724262
REGION1,SEHYDSPH2,SEHO,1,2057,0.7785370952063201
REGION1,SEHYDSPH2,SEHO,1,2058,0.7785370823179906
REGION1,SEHYDSPH2,SEHO,1,2059,0.7785371349275235
REGION1,SEHYDSPH2,SEHO,1,2060,0.7785369849354726
REGION1,SEHYDSPH3,SEHO,1,2015,4.149254191286805
REGION1,SEHYDSPH3,SEHO,1,2016,4.149254125763406
REGION1,SEHYDSPH3,SEHO,1,2017,4.14925163169317
REGION1,SEHYDSPH3,SEHO,1,2018,4.149253626861897
REGION1,SEHYDSPH3,SEHO,1,2019,4.149253510746428
REGION1,SEHYDSPH3,SEHO,1,2020,4.149253496635122
REGION1,SEHYDSPH3,SEHO,1,2021,4.149251812520829
REGION1,SEHYDSPH3,SEHO,1,2022,4.1492531262337335
REGION1,SEHYDSPH3,SEHO,1,2023,4.149252319045378
REGION1,SEHYDSPH3,SEHO,1,2024,4.149253710448123
REGION1,SEHYDSPH3,SEHO,1,2025,4.149254037503484
REGION1,SEHYDSPH3,SEHO,1,2026,4.149254439387402
REGION1,SEHYDSPH3,SEHO,1,2027,4.149254079059948
REGION1,SEHYDSPH3,SEHO,1,2028,4.1492540120933015
REGION1,SEHYDSPH3,SEHO,1,2029,4.149253774891629
REGION1,SEHYDSPH3,SEHO,1,2030,4.149254301127972
REGION1,SEHYDSPH3,SEHO,1,2031,4.149254932921908
REGION1,SEHYDSPH3,SEHO,1,2032,4.1492545659923765
REGION1,SEHYDSPH3,SEHO,1,2033,4.149253430639171
REGION1,SEHYDSPH3,SEHO,1,2034,4.1492534521449205
REGION1,SEHYDSPH3,SEHO,1,2035,4.149253388245085
REGION1,SEHYDSPH3,SEHO,1,2036,4.149253773389386
REGION1,SEHYDSPH3,SEHO,1,2037,4.149253576994946
REGION1,SEHYDSPH3,SEHO,1,2038,4.1492549855920355
REGION1,SEHYDSPH3,SEHO,1,2039,4.14925506040994
REGION1,SEHYDSPH3,SEHO,1,2040,4.149253749237749
REGION1,SEHYDSPH3,SEHO,1,2041,4.149254932350801
REGION1,SEHYDSPH3,SEHO,1,2042,4.149253966544432
REGION1,SEHYDSPH3,SEHO,1,2043,4.149253672410765
REGION1,SEHYDSPH3,SEHO,1,2044,4.149253672410765
REGION1,SEHYDSPH3,SEHO,1,2045,4.1492534230997
REGION1,SEHYDSPH3,SEHO,1,2046,4.149252532858377
REGION1,SEHYDSPH3,SEHO,1,2047,4.149252093791055
REGION1,SEHYDSPH3,SEHO,1,2048,4.149253284283398
REGION1,SEHYDSPH3,SEHO,1,2049,4.149253966544433
REGION1,SEHYDSPH3,SEHO,1,2050,4.149254301617579
REGION1,SEHYDSPH3,SEHO,1,2051,4.149253194052902
REGION1,SEHYDSPH3,SEHO,1,2052,4.149253657102204
REGION1,SEHYDSPH3,SEHO,1,2053,4.149254591545006
REGION1,SEHYDSPH3,SEHO,1,2054,4.149254591545006
REGION1,SEHYDSPH3,SEHO,1,2055,4.149254403934105
REGION1,SENG00I00,CO2,1,2041,121.8311673846012
REGION1,SENG00I00,CO2,1,2043,16.171129843699685
REGION1,SENG00I00,CO2,1,2044,37.80317524728675
REGION1,SENG00I00,CO2,1,2045,199.80698615019145
REGION1,SENG00I00,CO2,1,2046,118.59568165920787
REGION1,SENGGCPN2,SEPM25,1,2041,0.00021365585849201184
REGION1,SENGGCPN2,SEPM25,1,2043,2.8486256804903804e-05
REGION1,SENGGCPN2,SEPM25,1,2044,6.674148503550512e-05
REGION1,SENGGCPN2,SEPM25,1,2045,0.0003535533328925905
REGION1,SENGGCPN2,SEPM25,1,2046,0.00021032460761427317
REGION1,SESODIFH1,SESO,1,2015,0.0010588954104488472
REGION1,SESODIFH1,SESO,1,2016,0.0010588954104488472
REGION1,SESODIFH1,SESO,1,2017,0.0010588954104488472
REGION1,SESODIFH1,SESO,1,2018,0.0010588954104488472
REGION1,SESODIFH1,SESO,1,2019,0.0010588954104488472
REGION1,SESODIFH1,SESO,1,2020,0.0010588954104488472
REGION1,SESODIFH1,SESO,1,2021,0.0010588954104488514
REGION1,SESODIFH1,SESO,1,2022,0.0010588954104488514
REGION1,SESODIFH1,SESO,1,2023,0.0010588954104488472
REGION1,SESODIFH1,SESO,1,2024,0.0010588954104488472
REGION1,SESODIFH1,SESO,1,2025,0.0010588954104488472
REGION1,SESODIFH1,SESO,1,2026,0.001034269935787246
REGION1,SESODIFH1,SESO,1,2027,0.001034269935787246
REGION1,SESODIFH1,SESO,1,2028,0.001034269935787246
REGION1,SESODIFH1,SESO,1,2029,0.001034269935787246
REGION1,SESODIFH1,SESO,1,2030,0.001034269935787246
REGION1,SESODIFH1,SESO,1,2031,0.001034269935787246
REGION1,SESODIFH1,SESO,1,2032,0.001034269935787246
REGION1,SESODIFH1,SESO,1,2033,0.000535604073889824
REGION1,SESODIFH1,SESO,1,2034,0.000535604073889824
REGION1,SESODIFH1,SESO,1,2035,0.00044633672824151996
REGION1,SESODIFH1,SESO,1,2036,0.00029242751160651306
REGION1,SESOUTPH2,SESO,1,2015,0.31907227519036546
REGION1,SESOUTPH2,SESO,1,2016,0.31907227519036546
REGION1,SESOUTPH2,SESO,1,2017,0.31907227519036546
REGION1,SESOUTPH2,SESO,1,2018,0.31907227519036546
REGION1,SESOUTPH2,SESO,1,2019,0.31907227519036546
REGION1,SESOUTPH2,SESO,1,2020,0.31907227519036546
REGION1,SESOUTPH2,SESO,1,2021,0.31907227519036546
REGION1,SESOUTPH2,SESO,1,2022,0.31907227519036546
REGION1,SESOUTPH2,SESO,1,2023,0.31907227519036546
REGION1,SESOUTPH2,SESO,1,2024,0.31907227519036546
REGION1,SESOUTPH2,SESO,1,2025,0.31907227519036546
REGION1,SESOUTPH2,SESO,1,2026,0.31907227519036546
REGION1,SESOUTPH2,SESO,1,2027,0.31907227519036546
REGION1,SESOUTPH2,SESO,1,2028,0.31907227519036546
REGION1,SESOUTPH2,SESO,1,2029,0.31907227519036546
REGION1,SESOUTPH2,SESO,1,2030,6.928959078450877
REGION1,SESOUTPH2,SESO,1,2031,6.928959078450871
REGION1,SESOUTPH2,SESO,1,2032,7.568958464160469
REGION1,SESOUTPH2,SESO,1,2033,7.889456822877161
REGION1,SESOUTPH2,SESO,1,2034,8.209456515731954
REGION1,SESOUTPH2,SESO,1,2035,8.529545475932402
REGION1,SESOUTPH2,SESO,1,2036,9.199698742063765
REGION1,SESOUTPH2,SESO,1,2037,9.869990526490101
REGION1,SESOUTPH2,SESO,1,2038,10.539989883404825
REGION1,SESOUTPH2,SESO,1,2039,11.219989230721268
REGION1,SESOUTPH2,SESO,1,2040,11.889988587635996
REGION1,SESOUTPH2,SESO,1,2041,12.059988424465104
REGION1,SESOUTPH2,SESO,1,2042,12.229988261294217
REGION1,SESOUTPH2,SESO,1,2043,12.399988098123327
REGION1,SESOUTPH2,SESO,1,2044,12.559987944550723
REGION1,SESOUTPH2,SESO,1,2045,12.729987781379833
REGION1,SESOUTPH2,SESO,1,2046,13.059987464636343
REGION1,SESOUTPH2,SESO,1,2047,13.389987147892846
REGION1,SESOUTPH2,SESO,1,2048,13.709986840747645
REGION1,SESOUTPH2,SESO,1,2049,14.03998652400415
REGION1,SESOUTPH2,SESO,1,2050,14.369986207260656
REGION1,SESOUTPH2,SESO,1,2051,14.659985928910318
REGION1,SESOUTPH2,SESO,1,2052,14.949985650559976
REGION1,SESOUTPH2,SESO,1,2053,15.249985362611346
REGION1,SESOUTPH2,SESO,1,2054,15.549985074662718
REGION1,SESOUTPH2,SESO,1,2055,15.859984777115804
REGION1,SESOUTPH2,SESO,1,2056,16.0999845467569
REGION1,SESOUTPH2,SESO,1,2057,16.339984316397995
REGION1,SESOUTPH2,SESO,1,2058,16.589984076440803
REGION1,SESOUTPH2,SESO,1,2059,16.839983836483615
REGION1,SESOUTPH2,SESO,1,2060,17.089983596526423
REGION1,SEWIOFPH3,SEWO,1,2015,2.5231065585334322
REGION1,SEWIOFPH3,SEWO,1,2016,2.5231065585334322
REGION1,SEWIOFPH3,SEWO,1,2017,2.5231065585334322
REGION1,SEWIOFPH3,SEWO,1,2018,2.5231065585334322
REGION1,SEWIOFPH3,SEWO,1,2019,2.5231065585334322
REGION1,SEWIOFPH3,SEWO,1,2020,2.5231065585334322
REGION1,SEWIOFPH3,SEWO,1,2021,2.5231065585334322
REGION1,SEWIOFPH3,SEWO,1,2022,2.5231065585334322
REGION1,SEWIOFPH3,SEWO,1,2023,2.5231065585334322
REGION1,SEWIOFPH3,SEWO,1,2024,2.4826839367101465
REGION1,SEWIOFPH3,SEWO,1,2025,2.328343017021239
REGION1,SEWIOFPH3,SEWO,1,2026,2.328343017021239
REGION1,SEWIOFPH3,SEWO,1,2027,2.328343017021239
REGION1,SEWIOFPH3,SEWO,1,2028,2.328343017021239
REGION1,SEWIOFPH3,SEWO,1,2029,2.328343017021239
REGION1,SEWIOFPH3,SEWO,1,2030,2.328343017021239
REGION1,SEWIOFPH3,SEWO,1,2031,2.328343017021239
REGION1,SEWIOFPH3,SEWO,1,2032,0.705558490006436
REGION1,SEWIOFPH3,SEWO,1,2033,0.705558490006436
REGION1,SEWIOFPH3,SEWO,1,2034,0.705558490006436
REGION1,SEWIOFPH3,SEWO,1,2035,0.705558490006436
REGION1,SEWIOFPH3,SEWO,1,2036,0.705558490006436
REGION1,SEWIOFPH3,SEWO,1,2037,0.705558490006436
REGION1,SEWIONPH3,SEWI,1,2015,43.17154703823362
REGION1,SEWIONPH3,SEWI,1,2016,43.17154703823362
REGION1,SEWIONPH3,SEWI,1,2017,43.17154703823362
REGION1,SEWIONPH3,SEWI,1,2018,43.17154703823362
REGION1,SEWIONPH3,SEWI,1,2019,43.17154703823362
REGION1,SEWIONPH3,SEWI,1,2020,43.17154703823362
REGION1,SEWIONPH3,SEWI,1,2021,43.17154703823362
REGION1,SEWIONPH3,SEWI,1,2022,43.154964780687216
REGION1,SEWIONPH3,SEWI,1,2023,42.88035618711661
REGION1,SEWIONPH3,SEWI,1,2024,41.24984763591013
REGION1,SEWIONPH3,SEWI,1,2025,40.964905171694625
REGION1,SEWIONPH3,SEWI,1,2026,40.712406254852596
REGION1,SEWIONPH3,SEWI,1,2027,40.517024002892676
REGION1,SEWIONPH3,SEWI,1,2028,40.414726694260935
REGION1,SEWIONPH3,SEWI,1,2029,40.28222884893834
REGION1,SEWIONPH3,SEWI,1,2030,40.03461649108343
REGION1,SEWIONPH3,SEWI,1,2031,39.730688543590155
REGION1,SEWIONPH3,SEWI,1,2032,38.847823517411214
REGION1,SEWIONPH3,SEWI,1,2033,35.516552116117985
REGION1,SEWIONPH3,SEWI,1,2034,31.276380743222653
REGION1,SEWIONPH3,SEWI,1,2035,26.614283039424084
REGION1,SEWIONPH3,SEWI,1,2036,20.452892909351547
REGION1,SEWIONPH3,SEWI,1,2037,14.862829643148748
REGION1,SEWIONPH3,SEWI,1,2038,7.908847656119692
REGION1,SEWIONPN3,SEWI,1,2015,5.630027367721677
REGION1,SEWIONPN3,SEWI,1,2016,5.630027367721677
REGION1,SEWIONPN3,SEWI,1,2017,5.630027367721677
REGION1,SEWIONPN3,SEWI,1,2018,5.630027367721677
REGION1,SEWIONPN3,SEWI,1,2019,5.630027367721677
REGION1,SEWIONPN3,SEWI,1,2020,5.630027367721677
REGION1,SEWIONPN3,SEWI,1,2021,5.630027367721677
REGION1,SEWIONPN3,SEWI,1,2022,5.630027367721677
REGION1,SEWIONPN3,SEWI,1,2023,5.630027367721677
REGION1,SEWIONPN3,SEWI,1,2024,5.630027367721677
REGION1,SEWIONPN3,SEWI,1,2025,5.630027367721677
REGION1,SEWIONPN3,SEWI,1,2026,5.630027367721677
REGION1,SEWIONPN3,SEWI,1,2027,5.630027367721677
REGION1,SEWIONPN3,SEWI,1,2028,5.630027367721677
REGION1,SEWIONPN3,SEWI,1,2029,5.630027367721677
REGION1,SEWIONPN3,SEWI,1,2030,5.630027367721677
REGION1,SEWIONPN3,SEWI,1,2031,5.630027367721677
REGION1,SEWIONPN3,SEWI,1,2032,5.630027367721677
REGION1,SEWIONPN3,SEWI,1,2033,9.967144931311049
REGION1,SEWIONPN3,SEWI,1,2034,27.691978050210658
REGION1,SEWIONPN3,SEWI,1,2035,45.41681116911027
REGION1,SEWIONPN3,SEWI,1,2036,63.14164428800988
REGION1,SEWIONPN3,SEWI,1,2037,80.86647740690948
REGION1,SEWIONPN3,SEWI,1,2038,98.59131052580909
REGION1,SEWIONPN3,SEWI,1,2039,116.3161436447087
REGION1,SEWIONPN3,SEWI,1,2040,132.84215767561153
REGION1,SEWIONPN3,SEWI,1,2041,154.99819907423603
REGION1,SEWIONPN3,SEWI,1,2042,175.98514562292956
REGION1,SEWIONPN3,SEWI,1,2043,198.14118702155406
REGION1,SEWIONPN3,SEWI,1,2044,198.92530739505844
REGION1,SEWIONPN3,SEWI,1,2045,214.9220414390261
REGION1,SEWIONPN3,SEWI,1,2046,214.9220414390261
REGION1,SEWIONPN3,SEWI,1,2047,214.9220414390261
REGION1,SEWIONPN3,SEWI,1,2048,214.9220414390261
REGION1,SEWIONPN3,SEWI,1,2049,214.9220414390261
REGION1,SEWIONPN3,SEWI,1,2050,214.9220414390261
REGION1,SEWIONPN3,SEWI,1,2051,214.9220414390261
REGION1,SEWIONPN3,SEWI,1,2052,214.92204143902603
REGION1,SEWIONPN3,SEWI,1,2053,214.922041439026
REGION1,SEWIONPN3,SEWI,1,2054,214.922041439026
REGION1,SEWIONPN3,SEWI,1,2055,214.922041439026
REGION1,SEWIONPN3,SEWI,1,2056,214.922041439026
REGION1,SEWIONPN3,SEWI,1,2057,214.9220414390261
REGION1,SEWIONPN3,SEWI,1,2058,210.58492387543671
REGION1,SEWIONPN3,SEWI,1,2059,192.86009075653712
REGION1,SEWIONPN3,SEWI,1,2060,206.15371559571187
REGION1,SEWS00X00,SEPM25,1,2015,0.1383458484117072
REGION1,SEWS00X00,SEPM25,1,2016,0.13664795327675305
REGION1,SEWS00X00,SEPM25,1,2017,0.13495005919721353
REGION1,SEWS00X00,SEPM25,1,2018,0.1332521645840088
REGION1,SEWS00X00,SEPM25,1,2019,0.13155500919618632
REGION1,SEWS00X00,SEPM25,1,2020,0.12985711383234091
REGION1,SEWS00X00,SEPM25,1,2021,0.12881414838964236
REGION1,SEWS00X00,SEPM25,1,2022,0.12777167837441983
REGION1,SEWS00X00,SEPM25,1,2023,0.12672866567481345
REGION1,SEWS00X00,SEPM25,1,2024,0.12568645700641554
REGION1,SEWS00X00,SEPM25,1,2025,0.12464347641184986
REGION1,SEWS00X00,SEPM25,1,2026,0.12468139834388114
REGION1,SEWS00X00,SEPM25,1,2027,0.12471928378895628
REGION1,SEWS00X00,SEPM25,1,2028,0.1247572277860782
REGION1,SEWS00X00,SEPM25,1,2029,0.12479514249480779
REGION1,SEWS00X00,SEPM25,1,2030,0.12483306888479227
REGION1,SEWS00X00,SEPM25,1,2031,0.12332028258462979
REGION1,SEWS00X00,SEPM25,1,2032,0.12180674833599688
REGION1,SEWS00X00,SEPM25,1,2033,0.12029322125940399
REGION1,SEWS00X00,SEPM25,1,2034,0.11877968582034026
REGION1,SEWS00X00,SEPM25,1,2035,0.11726689323799619
REGION1,SEWS00X00,SEPM25,1,2036,0.11531253097219876
REGION1,SEWS00X00,SEPM25,1,2037,0.11335891307784658
REGION1,SEWS00X00,SEPM25,1,2038,0.11140529554218814
REGION1,SEWS00X00,SEPM25,1,2039,0.1094516905751906
REGION1,SEWS00X00,SEPM25,1,2040,0.10749806072040691
REGION1,SEWS00X00,SEPM25,1,2041,0.10691153572445361
REGION1,SEWS00X00,SEPM25,1,2042,0.10632500125953419
REGION1,SEWS00X00,SEPM25,1,2043,0.10573921685132824
REGION1,SEWS00X00,SEPM25,1,2044,0.10515268672154798
REGION1,SEWS00X00,SEPM25,1,2045,0.1045668758629296
REGION1,SEWS00X00,SEPM25,1,2046,0.10322580518003151
REGION1,SEWS00X00,SEPM25,1,2047,0.10188473555407214
REGION1,SEWS00X00,SEPM25,1,2048,0.10054364502327208
REGION1,SEWS00X00,SEPM25,1,2049,0.0992025725099747
REGION1,SEWS00X00,SEPM25,1,2050,0.09786154608960775
REGION1,SEWS00X00,SEPM25,1,2051,0.09619782130728582
REGION1,SEWS00X00,SEPM25,1,2052,0.09456236289822034
REGION1,SEWS00X00,SEPM25,1,2053,0.092955167415763
REGION1,SEWS00X00,SEPM25,1,2054,0.09137472060335734
REGION1,SEWS00X00,SEPM25,1,2055,0.0898210620368529
REGION1,SEWS00X00,SEPM25,1,2056,0.08811498407944104
REGION1,SEWS00X00,SEPM25,1,2057,0.08644089733611691
REGION1,SEWS00X00,SEPM25,1,2058,0.08479801813792975
REGION1,SEWS00X00,SEPM25,1,2059,0.08318708239158921
REGION1,SEWS00X00,SEPM25,1,2060,0.08160667764400616
