REGION,TECHNOLOGY,EMISSION,YEAR,VALUE
REGION1,DKBMCSPN2,CO2,2030,-317.04236225215544
REGION1,DKBMCSPN2,CO2,2031,-325.814683072294
REGION1,DKBMCSPN2,CO2,2032,-336.98348341944137
REGION1,DKBMCSPN2,CO2,2033,-350.8614939190736
REGION1,DKBMCSPN2,CO2,2034,-367.84989764517127
REGION1,DKBMCSPN2,CO2,2035,-388.462230503042
REGION1,DKBMCSPN2,CO2,2036,-413.3563483862666
REGION1,DKBMCSPN2,CO2,2037,-443.37953270732424
REGION1,DKBMCSPN2,CO2,2038,-480.247532484067
REGION1,DKBMCSPN2,CO2,2039,-538.8688711538623
REGION1,DKBMCSPN2,CO2,2040,-619.383576089657
REGION1,DKBMCSPN2,CO2,2041,-711.9201942695879
REGION1,DKBMCSPN2,CO2,2042,-815.9145243878116
REGION1,DKBMCSPN2,CO2,2043,-932.443625084127
REGION1,DKBMCSPN2,CO2,2044,-1062.6459650352408
REGION1,DKBMCSPN2,CO2,2045,-1207.7224243162484
REGION1,DKBMCSPN2,CO2,2046,-1368.9382485428741
REGION1,DKBMCSPN2,CO2,2047,-1547.625302205051
REGION1,DKBMCSPN2,CO2,2048,-1745.187503607241
REGION1,DKBMCSPN2,CO2,2049,-1963.1089116270036
REGION1,DKBMCSPN2,CO2,2050,-2202.967289911486
REGION1,DKBMCSPN2,CO2,2051,-2331.0970490054983
REGION1,DKBMCSPN2,CO2,2052,-2423.278897676737
REGION1,DKBMCSPN2,CO2,2053,-2514.439243132935
REGION1,DKBMCSPN2,CO2,2054,-2604.9528439569726
REGION1,DKBMCSPN2,CO2,2055,-2694.911741870282
REGION1,DKBMCSPN2,CO2,2056,-2742.840018889297
REGION1,DKBMCSPN2,CO2,2057,-2789.89152262348
REGION1,DKBMCSPN2,CO2,2058,-2836.331615968628
REGION1,DKBMCSPN2,CO2,2059,-2882.2295092400445
REGION1,DKBMCSPN2,CO2,2060,-2927.7984513410047
REGION1,DKBMSTPH3,DKPM25,2015,1.4968440187806904
REGION1,DKBMSTPH3,DKPM25,2016,1.4968438939507154
REGION1,DKBMSTPH3,DKPM25,2017,1.496843994531897
REGION1,DKBMSTPH3,DKPM25,2018,1.4968443473855595
REGION1,DKBMSTPH3,DKPM25,2019,1.4968439454405675
REGION1,DKBMSTPH3,DKPM25,2020,1.4968439807724658
REGION1,DKBMSTPH3,DKPM25,2021,1.4968436569800652
REGION1,DKBMSTPH3,DKPM25,2022,1.4968437919681803
REGION1,DKBMSTPH3,DKPM25,2023,1.0755602143887044
REGION1,DKBMSTPH3,DKPM25,2024,1.2652626406893441
REGION1,DKBMSTPH3,DKPM25,2025,1.3505498643829048
REGION1,DKBMSTPH3,DKPM25,2026,1.3505498241526448
REGION1,DKBMSTPH3,DKPM25,2027,1.3505498089203913
REGION1,DKBMSTPH3,DKPM25,2028,1.350549650105605
REGION1,DKBMSTPH3,DKPM25,2029,1.3505498559077977
REGION1,DKBMSTPH3,DKPM25,2030,1.1841316210888733
REGION1,DKBMSTPH3,DKPM25,2031,1.1841314721636398
REGION1,DKBMSTPH3,DKPM25,2032,1.18413151212421
REGION1,DKBMSTPH3,DKPM25,2033,1.1841314956552578
REGION1,DKBMSTPH3,DKPM25,2034,1.1841317326076621
REGION1,DKBMSTPH3,DKPM25,2035,1.184131406343787
REGION1,DKBMSTPH3,DKPM25,2036,1.1841318720550054
REGION1,DKBMSTPH3,DKPM25,2037,1.184131909296519
REGION1,DKBMSTPH3,DKPM25,2038,1.1841313149545523
REGION1,DKBMSTPH3,DKPM25,2039,0.9848253359436381
REGION1,DKBMSTPH3,DKPM25,2040,0.7346608571115071
REGION1,DKBMSTPH3,DKPM25,2041,0.525091319299802
REGION1,DKBMSTPH3,DKPM25,2042,0.30909939423162947
REGION1,DKBMSTPH3,DKPM25,2043,0.3237709152490978
REGION1,DKBMSTPH3,DKPM25,2045,0.2877281507017767
REGION1,DKBMSTPH3,DKPM25,2046,0.28772810413067007
REGION1,DKBMSTPH3,DKPM25,2047,0.23601021855630366
REGION1,DKBMSTPH3,DKPM25,2048,0.17466770427944836
REGION1,DKBMSTPH3,DKPM25,2049,0.1030795654143663
REGION1,DKBMSTPH3,DKPM25,2050,0.020629922706034615
REGION1,DKCO00I00,CO2,2015,7084.285812156821
REGION1,DKCO00I00,CO2,2016,9037.439767122836
REGION1,DKCO00I00,CO2,2017,10086.447693857097
REGION1,DKCO00I00,CO2,2018,2100.228505305896
REGION1,DKCO00I00,CO2,2019,1947.270212402203
REGION1,DKCO00I00,CO2,2020,1163.8678630760667
REGION1,DKCO00I00,CO2,2021,3914.545405435567
REGION1,DKCO00I00,CO2,2022,12559.569732942557
REGION1,DKCO00I00,CO2,2023,2585.8277039763198
REGION1,DKCOCHPH3,DKPM25,2015,0.0733681258664581
REGION1,DKCOCHPH3,DKPM25,2016,0.09799995153020044
REGION1,DKCOCHPH3,DKPM25,2017,0.11199994344663804
REGION1,DKCOCHPH3,DKPM25,2018,0.014016233936272021
REGION1,DKCOCHPH3,DKPM25,2019,0.01236137439910811
REGION1,DKCOCHPH3,DKPM25,2020,0.003137614004199085
REGION1,DKCOCHPH3,DKPM25,2021,0.04781265222751848
REGION1,DKCOCHPH3,DKPM25,2022,0.16001870511765037
REGION1,DKCOCHPH3,DKPM25,2023,0.033024503958876385
REGION1,DKCOSTPH1,DKPM25,2015,0.012079547619888052
REGION1,DKCOSTPH1,DKPM25,2016,0.012079548329593286
REGION1,DKCOSTPH1,DKPM25,2017,0.012079547178631241
REGION1,DKCOSTPH1,DKPM25,2018,0.012079547719405885
REGION1,DKCOSTPH1,DKPM25,2019,0.01207954808918185
REGION1,DKCOSTPH1,DKPM25,2020,0.011620383818005528
REGION1,DKCOSTPH1,DKPM25,2021,0.00194261742770139
REGION1,DKHGBCPN2,CO2,2032,-34.596114163206494
REGION1,DKHGBCPN2,CO2,2033,-403.42232113999916
REGION1,DKHGBCPN2,CO2,2034,-772.6881486000296
REGION1,DKHGBCPN2,CO2,2035,-1141.8264353482696
REGION1,DKHGBCPN2,CO2,2036,-1510.9646313611072
REGION1,DKHGBCPN2,CO2,2037,-3211.8778544942406
REGION1,DKHGBCPN2,CO2,2038,-3622.6332263375616
REGION1,DKHGBCPN2,CO2,2039,-3986.2053290829504
REGION1,DKHGBCPN2,CO2,2040,-4360.90961979003
REGION1,DKHGBCPN2,CO2,2041,-4764.854722509259
REGION1,DKHGBCPN2,CO2,2042,-5175.376368412907
REGION1,DKHGBCPN2,CO2,2043,-5217.225773054246
REGION1,DKHGBCPN2,CO2,2044,-5259.757504945912
REGION1,DKHGBCPN2,CO2,2045,-5302.988388595465
REGION1,DKHGBCPN2,CO2,2046,-5346.935806228949
REGION1,DKHGBCPN2,CO2,2047,-5391.617721093894
REGION1,DKHGBCPN2,CO2,2048,-5437.052701940552
REGION1,DKHGBCPN2,CO2,2049,-5483.259948751483
REGION1,DKHGBCPN2,CO2,2050,-5530.2593197943615
REGION1,DKHGBCPN2,CO2,2051,-5568.148703950244
REGION1,DKHGBCPN2,CO2,2052,-5598.6470319130885
REGION1,DKHGBCPN2,CO2,2053,-5623.165924561061
REGION1,DKHGBCPN2,CO2,2054,-5642.858329468056
REGION1,DKHGBCPN2,CO2,2055,-5658.661896486651
REGION1,DKHGBCPN2,CO2,2056,-5671.336608125414
REGION1,DKHGBCPN2,CO2,2057,-5681.496817245737
REGION1,DKHGBCPN2,CO2,2058,-5689.638087909168
REGION1,DKHGBCPN2,CO2,2059,-5696.159504686189
REGION1,DKHGBCPN2,CO2,2060,-5701.382017629146
REGION1,DKHGSRPH2,DKPM25,2015,0.006294995615154527
REGION1,DKHGSRPH2,DKPM25,2016,0.006252507442901388
REGION1,DKHGSRPH2,DKPM25,2017,0.006252507803568097
REGION1,DKHGSRPH2,DKPM25,2018,0.00625250744290139
REGION1,DKHGSRPH2,DKPM25,2019,0.006252507882034235
REGION1,DKHGSRPH2,DKPM25,2020,0.004062674374182252
REGION1,DKHGSRPH2,DKPM25,2021,0.004062674374182252
REGION1,DKHGSRPH2,DKPM25,2022,0.006808550680864959
REGION1,DKHGSRPH2,DKPM25,2023,0.007086571784945164
REGION1,DKHGSRPH2,DKPM25,2024,0.007364592467199781
REGION1,DKHGSRPH2,DKPM25,2025,0.007642612912889013
REGION1,DKHGSRPH2,DKPM25,2026,0.007920632196328435
REGION1,DKHGSRPH2,DKPM25,2027,0.00815846835717232
REGION1,DKHGSRPH2,DKPM25,2028,0.007167378451577651
REGION1,DKHGSRPH2,DKPM25,2029,0.007659647383017561
REGION1,DKHGSRPH2,DKPM25,2030,0.00758738894274981
REGION1,DKHGSRPH2,DKPM25,2031,0.010745479288367997
REGION1,DKHGSRPH2,DKPM25,2032,0.010745479288367997
REGION1,DKHGSRPH2,DKPM25,2033,0.010745479288367997
REGION1,DKHGSRPH2,DKPM25,2034,0.010745479288367997
REGION1,DKHGSRPH2,DKPM25,2035,0.010745479288367997
REGION1,DKHGSRPH2,DKPM25,2036,0.010745479288367997
REGION1,DKHGSRPH2,DKPM25,2037,0.0002723169435191702
REGION1,DKHGSRPH2,DKPM25,2043,0.00561845265590083
REGION1,DKHGSRPH2,DKPM25,2044,0.008886568858472086
REGION1,DKHGSRPH2,DKPM25,2045,0.010745479288367997
REGION1,DKHGSRPH2,DKPM25,2046,0.010745479288367997
REGION1,DKHGSRPH2,DKPM25,2047,0.010745479288367997
REGION1,DKHGSRPH2,DKPM25,2048,0.010745479288367997
REGION1,DKHGSRPH2,DKPM25,2049,0.010745479288367997
REGION1,DKHGSRPH2,DKPM25,2050,0.010745479288367997
REGION1,DKHYDMPH0,DKHO,2015,0.07999998306619478
REGION1,DKHYDMPH0,DKHO,2016,0.07999998306619478
REGION1,DKHYDMPH0,DKHO,2017,0.022035464592726303
REGION1,DKHYDMPH0,DKHO,2018,0.022035465121181885
REGION1,DKHYDMPH0,DKHO,2019,0.02203546422782084
REGION1,DKHYDMPH0,DKHO,2020,0.022035464452507085
REGION1,DKHYDMPH0,DKHO,2021,0.022035464592726303
REGION1,DKHYDMPH0,DKHO,2022,0.022035464404726098
REGION1,DKHYDMPH0,DKHO,2023,0.02203546467293323
REGION1,DKHYDMPH0,DKHO,2024,0.02203546456110083
REGION1,DKHYDMPH0,DKHO,2025,0.022035464564800832
REGION1,DKHYDMPH0,DKHO,2026,0.022035464570417516
REGION1,DKHYDMPH0,DKHO,2027,0.022035464570417516
REGION1,DKHYDMPH0,DKHO,2028,0.022035464835600413
REGION1,DKHYDMPH0,DKHO,2029,0.022035464452507085
REGION1,DKHYDMPH0,DKHO,2030,0.022035464817389907
REGION1,DKHYDMPH0,DKHO,2031,0.022035464350322068
REGION1,DKHYDMPH0,DKHO,2032,0.022035464392288297
REGION1,DKHYDMPH0,DKHO,2033,0.02203546456110083
REGION1,DKHYDMPH0,DKHO,2034,0.022035464561100834
REGION1,DKHYDMPH0,DKHO,2035,0.022035464561100834
REGION1,DKHYDMPH0,DKHO,2036,0.022035464570417516
REGION1,DKHYDMPH0,DKHO,2037,0.022035463806833452
REGION1,DKHYDMPH0,DKHO,2038,0.022035464392288297
REGION1,DKHYDMPH0,DKHO,2039,0.022035464389917984
REGION1,DKHYDMPH0,DKHO,2040,0.022035464592726303
REGION1,DKHYDMPH0,DKHO,2041,0.022035464750177147
REGION1,DKHYDMPH0,DKHO,2042,0.022035464592726307
REGION1,DKHYDMPH0,DKHO,2043,0.022035464835600413
REGION1,DKHYDMPH0,DKHO,2044,0.02203546450565106
REGION1,DKHYDMPH0,DKHO,2045,0.022035464300473824
REGION1,DKHYDMPH0,DKHO,2046,0.022035464750177147
REGION1,DKHYDMPH0,DKHO,2047,0.02203546450565106
REGION1,DKHYDMPH0,DKHO,2048,0.02203546450565106
REGION1,DKHYDMPH0,DKHO,2049,0.022035464300473824
REGION1,DKHYDMPH0,DKHO,2050,0.022035464300473824
REGION1,DKHYDMPH0,DKHO,2051,0.022035464300473824
REGION1,DKHYDMPH0,DKHO,2052,0.022035464300473824
REGION1,DKHYDMPH0,DKHO,2053,0.022035464392288297
REGION1,DKHYDMPH0,DKHO,2054,0.022035464392288297
REGION1,DKHYDMPH0,DKHO,2055,0.022035464592726303
REGION1,DKHYDMPH0,DKHO,2056,0.022035465121181885
REGION1,DKHYDMPH0,DKHO,2057,0.022035464392288297
REGION1,DKHYDMPH0,DKHO,2058,0.022035464300473824
REGION1,DKHYDMPH0,DKHO,2059,0.021015590354914338
REGION1,DKHYDMPH0,DKHO,2060,0.02101559007618827
REGION1,DKHYDMPH3,DKHO,2018,0.05796450397697479
REGION1,DKHYDMPH3,DKHO,2019,0.05796450475542897
REGION1,DKHYDMPH3,DKHO,2020,0.05796450475542896
REGION1,DKHYDMPH3,DKHO,2021,0.05796450475542896
REGION1,DKHYDMPH3,DKHO,2022,0.05796450475542897
REGION1,DKHYDMPH3,DKHO,2023,0.05796450475542913
REGION1,DKHYDMPH3,DKHO,2024,0.057964504755428976
REGION1,DKHYDMPH3,DKHO,2025,0.05796450475542897
REGION1,DKHYDMPH3,DKHO,2026,0.05796450475542897
REGION1,DKHYDMPH3,DKHO,2027,0.05796450475542846
REGION1,DKHYDMPH3,DKHO,2028,0.05796450475542897
REGION1,DKHYDMPH3,DKHO,2029,0.05796450475542896
REGION1,DKHYDMPH3,DKHO,2030,0.05796450475542824
REGION1,DKHYDMPH3,DKHO,2031,0.057964504755428976
REGION1,DKHYDMPH3,DKHO,2032,0.05796450475542902
REGION1,DKHYDMPH3,DKHO,2033,0.05796450475542802
REGION1,DKHYDMPH3,DKHO,2034,0.057964503952467175
REGION1,DKHYDMPH3,DKHO,2035,0.05796450395246718
REGION1,DKHYDMPH3,DKHO,2036,0.05796450475542896
REGION1,DKHYDMPH3,DKHO,2037,0.057964504755428976
REGION1,DKHYDMPH3,DKHO,2038,0.05796450475542897
REGION1,DKHYDMPH3,DKHO,2039,0.05796450475542896
REGION1,DKHYDMPH3,DKHO,2040,0.05796450403565829
REGION1,DKHYDMPH3,DKHO,2041,0.05796450326688405
REGION1,DKHYDMPH3,DKHO,2042,0.057964504035657324
REGION1,DKHYDMPH3,DKHO,2043,0.057964503962200056
REGION1,DKHYDMPH3,DKHO,2044,0.057964504035656846
REGION1,DKHYDMPH3,DKHO,2045,0.05796450326689071
REGION1,DKHYDMPH3,DKHO,2046,0.057964503266885306
REGION1,DKHYDMPH3,DKHO,2047,0.057964503266885826
REGION1,DKHYDMPH3,DKHO,2048,0.0579645032668876
REGION1,DKHYDMPH3,DKHO,2049,0.057964503266885826
REGION1,DKHYDMPH3,DKHO,2050,0.057964503266885306
REGION1,DKHYDMPH3,DKHO,2051,0.05796450326687325
REGION1,DKHYDMPH3,DKHO,2052,0.057964503266885306
REGION1,DKHYDMPH3,DKHO,2053,0.05796450454494448
REGION1,DKHYDMPH3,DKHO,2054,0.057964504544940926
REGION1,DKHYDMPH3,DKHO,2055,0.05796450403565266
REGION1,DKHYDMPH3,DKHO,2056,0.057964504035658296
REGION1,DKHYDMPH3,DKHO,2057,0.05796450339801158
REGION1,DKHYDMPH3,DKHO,2058,0.057964503266881386
REGION1,DKHYDMPH3,DKHO,2059,0.058984378273470285
REGION1,DKHYDMPH3,DKHO,2060,0.05898437749117088
REGION1,DKNG00X00,CO2,2015,553.2028611103696
REGION1,DKNG00X00,CO2,2016,553.2028953026401
REGION1,DKNG00X00,CO2,2017,502.9115648213523
REGION1,DKNG00X00,CO2,2018,452.6203717228311
REGION1,DKNG00X00,CO2,2019,402.3292500709216
REGION1,DKNG00X00,CO2,2020,352.03814824340765
REGION1,DKNG00X00,CO2,2021,291.5338196778493
REGION1,DKNG00X00,CO2,2022,366.8904966515715
REGION1,DKNG00X00,CO2,2023,363.995301964791
REGION1,DKNG00X00,CO2,2024,374.58293617939626
REGION1,DKNG00X00,CO2,2025,385.17054814792834
REGION1,DKNG00X00,CO2,2026,345.3023046800513
REGION1,DKNG00X00,CO2,2027,356.05600531631126
REGION1,DKNG00X00,CO2,2028,366.8098368262772
REGION1,DKNG00X00,CO2,2029,377.5635275079181
REGION1,DKNG00X00,CO2,2030,388.3172608250026
REGION1,DKNG00X00,CO2,2031,604.1595129481148
REGION1,DKNG00X00,CO2,2032,799.727957948093
REGION1,DKNG00X00,CO2,2033,799.727957948093
REGION1,DKNG00X00,CO2,2034,799.727957948093
REGION1,DKNG00X00,CO2,2035,799.727957948093
REGION1,DKNG00X00,CO2,2036,799.727957948093
REGION1,DKNG00X00,CO2,2037,20.26707858354899
REGION1,DKNG00X00,CO2,2043,217.31912881154653
REGION1,DKNG00X00,CO2,2044,343.72833958451025
REGION1,DKNG00X00,CO2,2045,415.6301281916273
REGION1,DKNG00X00,CO2,2046,415.63012819162714
REGION1,DKNG00X00,CO2,2047,415.6301281916272
REGION1,DKNG00X00,CO2,2048,415.6301281916272
REGION1,DKNG00X00,CO2,2049,415.6301281916272
REGION1,DKNG00X00,CO2,2050,415.6301281916272
REGION1,DKNGCCPH2,DKPM25,2015,0.00015515082314748854
REGION1,DKNGCCPH2,DKPM25,2016,0.00015515083357134338
REGION1,DKNGCCPH2,DKPM25,2017,0.00015515083357134338
REGION1,DKNGCCPH2,DKPM25,2018,0.00015515079200972663
REGION1,DKNGCCPH2,DKPM25,2019,0.00015515080223918524
REGION1,DKNGCCPH2,DKPM25,2020,0.00015515080422655412
REGION1,DKNGCCPH2,DKPM25,2022,0.0001551508058971171
REGION1,DKNGCCPH2,DKPM25,2023,0.00012276963186165296
REGION1,DKNGCCPH2,DKPM25,2024,0.00012276965759484422
REGION1,DKNGCCPH2,DKPM25,2025,0.00012276965173650795
REGION1,DKNGCHPH3,DKPM25,2015,0.00015510947223720437
REGION1,DKNGCHPH3,DKPM25,2016,0.0001586038756974046
REGION1,DKNGCHPH3,DKPM25,2017,7.53522446925805e-05
REGION1,DKNGCHPH3,DKPM25,2020,1.0414611034659994e-05
REGION1,DKNGSTPH2,DKPM25,2015,0.0008420111585188727
REGION1,DKNGSTPH2,DKPM25,2016,0.0008420111251081191
REGION1,DKNGSTPH2,DKPM25,2017,0.0008420111251081191
REGION1,DKNGSTPH2,DKPM25,2018,0.0008060233037589235
REGION1,DKNGSTPH2,DKPM25,2019,0.00042673749006149253
REGION1,DKSODIFH1,DKSO,2015,0.00031892429630325103
REGION1,DKSODIFH1,DKSO,2016,0.00031892429630325103
REGION1,DKSODIFH1,DKSO,2017,0.00031892429630325103
REGION1,DKSODIFH1,DKSO,2018,0.00031892429630325103
REGION1,DKSODIFH1,DKSO,2019,0.00031892429630325103
REGION1,DKSODIFH1,DKSO,2020,0.00031892429630325103
REGION1,DKSODIFH1,DKSO,2021,0.00031892429630325103
REGION1,DKSODIFH1,DKSO,2022,0.00031892429630325103
REGION1,DKSODIFH1,DKSO,2023,0.0003012062798419593
REGION1,DKSODIFH1,DKSO,2024,8.859008230645864e-05
REGION1,DKSOUTPH2,DKSO,2015,2.7707788502497177
REGION1,DKSOUTPH2,DKSO,2016,2.7707788502497177
REGION1,DKSOUTPH2,DKSO,2017,2.7707788502497177
REGION1,DKSOUTPH2,DKSO,2018,2.7707788502497177
REGION1,DKSOUTPH2,DKSO,2019,2.770778850249723
REGION1,DKSOUTPH2,DKSO,2020,2.770778850249723
REGION1,DKSOUTPH2,DKSO,2021,2.770778850249723
REGION1,DKSOUTPH2,DKSO,2022,2.770778850249723
REGION1,DKSOUTPH2,DKSO,2023,2.770778850249723
REGION1,DKSOUTPH2,DKSO,2024,5.001704099181051
REGION1,DKSOUTPH2,DKSO,2025,8.439992080335903
REGION1,DKSOUTPH2,DKSO,2026,9.129991432875215
REGION1,DKSOUTPH2,DKSO,2027,9.80999079479801
REGION1,DKSOUTPH2,DKSO,2028,10.489990156720808
REGION1,DKSOUTPH2,DKSO,2029,11.16998951864361
REGION1,DKSOUTPH2,DKSO,2030,11.849988880566405
REGION1,DKSOUTPH2,DKSO,2031,12.289988467692924
REGION1,DKSOUTPH2,DKSO,2032,12.719988064202926
REGION1,DKSOUTPH2,DKSO,2033,13.149987660712931
REGION1,DKSOUTPH2,DKSO,2034,13.579987257222935
REGION1,DKSOUTPH2,DKSO,2035,14.019986844349452
REGION1,DKSOUTPH2,DKSO,2036,14.379986506543874
REGION1,DKSOUTPH2,DKSO,2037,14.739986168738298
REGION1,DKSOUTPH2,DKSO,2038,15.10998582154923
REGION1,DKSOUTPH2,DKSO,2039,15.469985483743653
REGION1,DKSOUTPH2,DKSO,2040,15.829985145938076
REGION1,DKSOUTPH2,DKSO,2041,16.119984873816914
REGION1,DKSOUTPH2,DKSO,2042,16.409984601695758
REGION1,DKSOUTPH2,DKSO,2043,16.699984329574594
REGION1,DKSOUTPH2,DKSO,2044,16.989984057453434
REGION1,DKSOUTPH2,DKSO,2045,17.27998378533228
REGION1,DKSOUTPH2,DKSO,2046,17.389983682113908
REGION1,DKSOUTPH2,DKSO,2047,17.489983588279017
REGION1,DKSOUTPH2,DKSO,2048,17.599983485060655
REGION1,DKSOUTPH2,DKSO,2049,17.70998338184228
REGION1,DKSOUTPH2,DKSO,2050,17.809983288007395
REGION1,DKSOUTPH2,DKSO,2051,17.899983203556
REGION1,DKSOUTPH2,DKSO,2052,17.989983119104608
REGION1,DKSOUTPH2,DKSO,2053,18.079983034653214
REGION1,DKSOUTPH2,DKSO,2054,18.169982950201824
REGION1,DKSOUTPH2,DKSO,2055,18.259982865750423
REGION1,DKSOUTPH2,DKSO,2056,18.349982781299033
REGION1,DKSOUTPH2,DKSO,2057,18.449982687464146
REGION1,DKSOUTPH2,DKSO,2058,18.539982603012756
REGION1,DKSOUTPH2,DKSO,2059,18.62998251856136
REGION1,DKSOUTPH2,DKSO,2060,18.71998243410997
REGION1,DKWIOFPH3,DKWO,2015,14.291801275780738
REGION1,DKWIOFPH3,DKWO,2016,14.291801275780738
REGION1,DKWIOFPH3,DKWO,2017,14.291801275780738
REGION1,DKWIOFPH3,DKWO,2018,14.291801275780738
REGION1,DKWIOFPH3,DKWO,2019,14.291801275780738
REGION1,DKWIOFPH3,DKWO,2020,14.291801275780738
REGION1,DKWIOFPH3,DKWO,2021,14.291801275780738
REGION1,DKWIOFPH3,DKWO,2022,14.291801275780738
REGION1,DKWIOFPH3,DKWO,2023,14.236140838081987
REGION1,DKWIOFPH3,DKWO,2024,14.17991817373981
REGION1,DKWIOFPH3,DKWO,2025,13.730136859002416
REGION1,DKWIOFPH3,DKWO,2026,13.730136859002416
REGION1,DKWIOFPH3,DKWO,2027,11.827561897663234
REGION1,DKWIOFPH3,DKWO,2028,9.578655323976257
REGION1,DKWIOFPH3,DKWO,2029,9.578655323976257
REGION1,DKWIOFPH3,DKWO,2030,9.578655323976257
REGION1,DKWIOFPH3,DKWO,2031,9.578655323976257
REGION1,DKWIOFPH3,DKWO,2032,9.578655323976257
REGION1,DKWIOFPH3,DKWO,2033,9.578655323976257
REGION1,DKWIOFPH3,DKWO,2034,6.989039404375703
REGION1,DKWIOFPH3,DKWO,2035,4.661421100609681
REGION1,DKWIOFPH3,DKWO,2036,4.651863247671512
REGION1,DKWIOFPH3,DKWO,2037,4.49331533422658
REGION1,DKWIONPH3,DKWI,2015,31.943983599953643
REGION1,DKWIONPH3,DKWI,2016,31.943983599953643
REGION1,DKWIONPH3,DKWI,2017,31.943983599953643
REGION1,DKWIONPH3,DKWI,2018,31.943983599953643
REGION1,DKWIONPH3,DKWI,2019,31.943983599953643
REGION1,DKWIONPH3,DKWI,2020,31.943983599953643
REGION1,DKWIONPH3,DKWI,2021,31.943983599953643
REGION1,DKWIONPH3,DKWI,2022,31.922691268800307
REGION1,DKWIONPH3,DKWI,2023,30.901150734928397
REGION1,DKWIONPH3,DKWI,2024,29.003021306189925
REGION1,DKWIONPH3,DKWI,2025,28.505354012271404
REGION1,DKWIONPH3,DKWI,2026,28.079097921297908
REGION1,DKWIONPH3,DKWI,2027,27.438116860001152
REGION1,DKWIONPH3,DKWI,2028,26.277930492888476
REGION1,DKWIONPH3,DKWI,2029,26.277930492888476
REGION1,DKWIONPH3,DKWI,2030,41.87407790878261
REGION1,DKWIONPH3,DKWI,2031,43.28833646454569
REGION1,DKWIONPH3,DKWI,2032,48.209375904313625
REGION1,DKWIONPH3,DKWI,2033,52.982558866496724
REGION1,DKWIONPH3,DKWI,2034,62.70295364045181
REGION1,DKWIONPH3,DKWI,2035,76.20450358931363
REGION1,DKWIONPH3,DKWI,2036,89.22007791253095
REGION1,DKWIONPH3,DKWI,2037,100.03693837746687
REGION1,DKWIONPH3,DKWI,2038,116.32922881722222
REGION1,DKWIONPH3,DKWI,2039,128.32147577779446
REGION1,DKWIONPH3,DKWI,2040,156.99315149336624
REGION1,DKWIONPH3,DKWI,2041,185.86061102853105
REGION1,DKWIONPH3,DKWI,2042,187.69925640472582
REGION1,DKWIONPH3,DKWI,2043,197.78393448518113
REGION1,DKWIONPH3,DKWI,2044,197.78393448518113
REGION1,DKWIONPH3,DKWI,2045,207.1088184417638
REGION1,DKWIONPH3,DKWI,2046,207.1088184417638
REGION1,DKWIONPH3,DKWI,2047,207.1088184417638
REGION1,DKWIONPH3,DKWI,2048,207.1088184417638
REGION1,DKWIONPH3,DKWI,2049,207.1088184417638
REGION1,DKWIONPH3,DKWI,2050,207.1088184417638
REGION1,DKWIONPH3,DKWI,2051,207.1088184417638
REGION1,DKWIONPH3,DKWI,2052,207.1088184417638
REGION1,DKWIONPH3,DKWI,2053,207.10881844176382
REGION1,DKWIONPH3,DKWI,2054,208.7277883659344
REGION1,DKWIONPH3,DKWI,2055,209.84097699720812
REGION1,DKWIONPH3,DKWI,2056,214.46387453172377
REGION1,DKWIONPH3,DKWI,2057,222.31146183612773
REGION1,DKWIONPH3,DKWI,2058,229.0544302586033
REGION1,DKWIONPH3,DKWI,2059,228.8900618567987
REGION1,DKWIONPH3,DKWI,2060,238.7351220801572
REGION1,DKWS00X00,DKPM25,2015,0.022008985072020967
REGION1,DKWS00X00,DKPM25,2016,0.02403769271208678
REGION1,DKWS00X00,DKPM25,2017,0.02606639765528094
REGION1,DKWS00X00,DKPM25,2018,0.028095105617911148
REGION1,DKWS00X00,DKPM25,2019,0.03012381030153622
REGION1,DKWS00X00,DKPM25,2020,0.03215251460224255
REGION1,DKWS00X00,DKPM25,2021,0.031890622489268494
REGION1,DKWS00X00,DKPM25,2022,0.03162867896431775
REGION1,DKWS00X00,DKPM25,2023,0.03136678742897894
REGION1,DKWS00X00,DKPM25,2024,0.03110481374544012
REGION1,DKWS00X00,DKPM25,2025,0.0308429225570195
REGION1,DKWS00X00,DKPM25,2026,0.030401656399934546
REGION1,DKWS00X00,DKPM25,2027,0.02996038067403027
REGION1,DKWS00X00,DKPM25,2028,0.029519107848094032
REGION1,DKWS00X00,DKPM25,2029,0.02907775903231438
REGION1,DKWS00X00,DKPM25,2030,0.0286364856328009
REGION1,DKWS00X00,DKPM25,2031,0.028118345963482644
REGION1,DKWS00X00,DKPM25,2032,0.02760012960016317
REGION1,DKWS00X00,DKPM25,2033,0.027081988992450422
REGION1,DKWS00X00,DKPM25,2034,0.02656377108303236
REGION1,DKWS00X00,DKPM25,2035,0.026045636717337804
REGION1,DKWS00X00,DKPM25,2036,0.025820092574480293
REGION1,DKWS00X00,DKPM25,2037,0.025594628890423708
REGION1,DKWS00X00,DKPM25,2038,0.025369087467957723
REGION1,DKWS00X00,DKPM25,2039,0.02514361680301762
REGION1,DKWS00X00,DKPM25,2040,0.024918068803696597
REGION1,DKWS00X00,DKPM25,2041,0.024886321199015713
REGION1,DKWS00X00,DKPM25,2042,0.024854577408252948
REGION1,DKWS00X00,DKPM25,2043,0.024822836236633707
REGION1,DKWS00X00,DKPM25,2044,0.024791166586106913
REGION1,DKWS00X00,DKPM25,2045,0.02475942487874715
REGION1,DKWS00X00,DKPM25,2046,0.02448511752015199
REGION1,DKWS00X00,DKPM25,2047,0.02421080525423125
REGION1,DKWS00X00,DKPM25,2048,0.02393649817937392
REGION1,DKWS00X00,DKPM25,2049,0.02366218620284717
REGION1,DKWS00X00,DKPM25,2050,0.023387884695326527
REGION1,DKWS00X00,DKPM25,2051,0.023083840203032266
REGION1,DKWS00X00,DKPM25,2052,0.022783733329477515
REGION1,DKWS00X00,DKPM25,2053,0.022487564888601878
REGION1,DKWS00X00,DKPM25,2054,0.02219518762238001
REGION1,DKWS00X00,DKPM25,2055,0.02190668188566753
REGION1,DKWS00X00,DKPM25,2056,0.021578107512379048
REGION1,DKWS00X00,DKPM25,2057,0.021254432674230363
REGION1,DKWS00X00,DKPM25,2058,0.020935593816084917
REGION1,DKWS00X00,DKPM25,2059,0.02062151871796422
REGION1,DKWS00X00,DKPM25,2060,0.020312196118793206
REGION1,FIBMCSPN2,CO2,2030,-420.8914496729416
REGION1,FIBMCSPN2,CO2,2031,-432.5372023667746
REGION1,FIBMCSPN2,CO2,2032,-4922.22203849911
REGION1,FIBMCSPN2,CO2,2033,-5124.934281744164
REGION1,FIBMCSPN2,CO2,2034,-5373.0791788696
REGION1,FIBMCSPN2,CO2,2035,-5674.156789662496
REGION1,FIBMCSPN2,CO2,2036,-6037.7786745059375
REGION1,FIBMCSPN2,CO2,2037,-6476.318944233802
REGION1,FIBMCSPN2,CO2,2038,-7014.83936654212
REGION1,FIBMCSPN2,CO2,2039,-7871.104274893072
REGION1,FIBMCSPN2,CO2,2040,-9047.160124434567
REGION1,FIBMCSPN2,CO2,2041,-10398.814409768653
REGION1,FIBMCSPN2,CO2,2042,-11917.830894762075
REGION1,FIBMCSPN2,CO2,2043,-13619.937326657515
REGION1,FIBMCSPN2,CO2,2044,-15521.766071124346
REGION1,FIBMCSPN2,CO2,2045,-17640.85742510938
REGION1,FIBMCSPN2,CO2,2046,-19995.689752886512
REGION1,FIBMCSPN2,CO2,2047,-22605.72297536196
REGION1,FIBMCSPN2,CO2,2048,-23053.063422402018
REGION1,FIBMCSPN2,CO2,2049,-23507.918311197503
REGION1,FIBMCSPN2,CO2,2050,-23970.731925124008
REGION1,FIBMCSPN2,CO2,2051,-24422.10049474605
REGION1,FIBMCSPN2,CO2,2052,-24847.406649027904
REGION1,FIBMCSPN2,CO2,2053,-25251.988992283408
REGION1,FIBMCSPN2,CO2,2054,-25640.19286885166
REGION1,FIBMCSPN2,CO2,2055,-26015.651884067895
REGION1,FIBMCSPN2,CO2,2056,-26381.22295558313
REGION1,FIBMCSPN2,CO2,2057,-26739.467327791313
REGION1,FIBMCSPN2,CO2,2058,-27092.380461477078
REGION1,FIBMCSPN2,CO2,2059,-27441.487567974837
REGION1,FIBMCSPN2,CO2,2060,-27788.11261379752
REGION1,FIBMSTPH3,FIPM25,2015,0.011156803196827873
REGION1,FIBMSTPH3,FIPM25,2016,0.011156803446793553
REGION1,FIBMSTPH3,FIPM25,2017,0.011156804484542928
REGION1,FIBMSTPH3,FIPM25,2018,0.011156804079960728
REGION1,FIBMSTPH3,FIPM25,2019,0.011156804295259011
REGION1,FICO00I00,CO2,2015,4958.9004071581785
REGION1,FICO00I00,CO2,2016,4806.571602743569
REGION1,FICO00I00,CO2,2017,5076.985443201324
REGION1,FICO00I00,CO2,2018,1892.0062316955314
REGION1,FICO00I00,CO2,2019,1577.0904963926878
REGION1,FICO00I00,CO2,2020,1999.6698914051024
REGION1,FICO00I00,CO2,2021,4465.280871102091
REGION1,FICO00I00,CO2,2022,4319.89065657059
REGION1,FICO00I00,CO2,2023,1505.0889450619013
REGION1,FICO00X00,CO2,2015,3817.076329580207
REGION1,FICO00X00,CO2,2016,3906.5331797332838
REGION1,FICO00X00,CO2,2017,3995.9798558270168
REGION1,FICO00X00,CO2,2018,4085.441013407804
REGION1,FICO00X00,CO2,2019,4174.900249997256
REGION1,FICO00X00,CO2,2020,4264.357518686483
REGION1,FICO00X00,CO2,2021,4387.166996123525
REGION1,FICO00X00,CO2,2022,4509.977584408039
REGION1,FICO00X00,CO2,2023,4632.798391802734
REGION1,FICO00X00,CO2,2024,2234.373523122813
REGION1,FICO00X00,CO2,2025,2164.6643535887783
REGION1,FICO00X00,CO2,2026,2159.445665300771
REGION1,FICO00X00,CO2,2027,2068.490986481188
REGION1,FICO00X00,CO2,2028,1491.090885035485
REGION1,FICO00X00,CO2,2029,1487.469933135125
REGION1,FICOCHPH3,FIPM25,2015,0.055999962133478604
REGION1,FICOCHPH3,FIPM25,2016,0.055999989075933274
REGION1,FICOCHPH3,FIPM25,2017,0.058799993678855474
REGION1,FICOCHPH3,FIPM25,2018,0.021157243338250864
REGION1,FICOCHPH3,FIPM25,2019,0.01877352966815641
REGION1,FICOCHPH3,FIPM25,2020,0.025692415812452962
REGION1,FICOCHPH3,FIPM25,2021,0.058800016262815086
REGION1,FICOCHPH3,FIPM25,2022,0.058799994074837304
REGION1,FICOCHPH3,FIPM25,2023,0.043915833523356915
REGION1,FICOCHPH3,FIPM25,2024,0.02860447138993089
REGION1,FICOCHPH3,FIPM25,2025,0.027778862104183562
REGION1,FICOCHPH3,FIPM25,2026,0.027778860573893394
REGION1,FICOCHPH3,FIPM25,2027,0.02667328937211989
REGION1,FICOCHPH3,FIPM25,2028,0.01927429889230594
REGION1,FICOCHPH3,FIPM25,2029,0.019274298118674024
REGION1,FICOSTPH3,FIPM25,2015,0.058800025042403226
REGION1,FICOSTPH3,FIPM25,2016,0.05879999916282394
REGION1,FICOSTPH3,FIPM25,2017,0.061599954851880995
REGION1,FICOSTPH3,FIPM25,2018,0.061599987924707195
REGION1,FICOSTPH3,FIPM25,2019,0.0615999904599331
REGION1,FICOSTPH3,FIPM25,2020,0.061599999121639236
REGION1,FICOSTPH3,FIPM25,2021,0.061599965919116526
REGION1,FICOSTPH3,FIPM25,2022,0.06159997703061055
REGION1,FICOSTPH3,FIPM25,2023,0.039558753380310965
REGION1,FIHGBCPN2,CO2,2035,-3553.645137696845
REGION1,FIHGBCPN2,CO2,2036,-3632.6150284210275
REGION1,FIHGBCPN2,CO2,2037,-3711.5849221653543
REGION1,FIHGBCPN2,CO2,2038,-3790.554812842672
REGION1,FIHGBCPN2,CO2,2039,-3869.5247066894344
REGION1,FIHGBCPN2,CO2,2040,-3948.4945973194967
REGION1,FIHGBCPN2,CO2,2041,-4059.513278339055
REGION1,FIHGBCPN2,CO2,2042,-4172.313007719119
REGION1,FIHGBCPN2,CO2,2043,-4286.93699148465
REGION1,FIHGBCPN2,CO2,2044,-4321.884847431382
REGION1,FIHGBCPN2,CO2,2045,-4357.407188681979
REGION1,FIHGBCPN2,CO2,2046,-4393.518298020251
REGION1,FIHGBCPN2,CO2,2047,-4430.23293564897
REGION1,FIHGBCPN2,CO2,2048,-4467.5663593058325
REGION1,FIHGBCPN2,CO2,2049,-4505.534345405171
REGION1,FIHGBCPN2,CO2,2050,-4544.153211266956
REGION1,FIHGBCPN2,CO2,2051,-4575.286501177724
REGION1,FIHGBCPN2,CO2,2052,-4600.346641568353
REGION1,FIHGBCPN2,CO2,2053,-4620.49354577666
REGION1,FIHGBCPN2,CO2,2054,-4636.6745781335685
REGION1,FIHGBCPN2,CO2,2055,-4649.66019520219
REGION1,FIHGBCPN2,CO2,2056,-4660.074866244652
REGION1,FIHGBCPN2,CO2,2057,-4668.423398244952
REGION1,FIHGBCPN2,CO2,2058,-4675.112990737767
REGION1,FIHGBCPN2,CO2,2059,-4680.471567121926
REGION1,FIHGBCPN2,CO2,2060,-4684.76284852272
REGION1,FIHGSRPH2,FIPM25,2015,0.035745517384549425
REGION1,FIHGSRPH2,FIPM25,2016,0.03574551738454942
REGION1,FIHGSRPH2,FIPM25,2017,0.03574551738454942
REGION1,FIHGSRPH2,FIPM25,2018,0.03574551738454942
REGION1,FIHGSRPH2,FIPM25,2019,0.03574551738454942
REGION1,FIHGSRPH2,FIPM25,2020,0.03574551738454942
REGION1,FIHGSRPH2,FIPM25,2021,0.03693703463070106
REGION1,FIHGSRPH2,FIPM25,2022,0.03812855187685271
REGION1,FIHGSRPH2,FIPM25,2023,0.039320069123004356
REGION1,FIHGSRPH2,FIPM25,2024,0.04051158636915601
REGION1,FIHGSRPH2,FIPM25,2025,0.04170310361530766
REGION1,FIHGSRPH2,FIPM25,2026,0.04289462086145931
REGION1,FIHGSRPH2,FIPM25,2027,0.044086138107610945
REGION1,FIHGSRPH2,FIPM25,2028,0.045277655353762596
REGION1,FIHGSRPH2,FIPM25,2029,0.046469172599914246
REGION1,FIHGSRPH2,FIPM25,2030,0.04766068984606589
REGION1,FIHGSRPH2,FIPM25,2031,0.04885220709221754
REGION1,FIHGSRPH2,FIPM25,2032,0.05004372433836919
REGION1,FIHGSRPH2,FIPM25,2033,0.05123524158452085
REGION1,FIHGSRPH2,FIPM25,2034,0.05242675883067248
REGION1,FIHGSRPH2,FIPM25,2045,0.0011915172461516646
REGION1,FIHYDMPH1,FIHO,2015,4.925462841414821
REGION1,FIHYDMPH1,FIHO,2016,4.861587431315961
REGION1,FIHYDMPH1,FIHO,2017,4.746791221226324
REGION1,FIHYDMPH1,FIHO,2018,4.636509901187131
REGION1,FIHYDMPH1,FIHO,2019,4.636509901187131
REGION1,FIHYDMPH1,FIHO,2020,4.636509901187131
REGION1,FIHYDMPH1,FIHO,2021,4.636509878947126
REGION1,FIHYDMPH1,FIHO,2022,4.590334889307496
REGION1,FIHYDMPH1,FIHO,2023,4.513376536174775
REGION1,FIHYDMPH1,FIHO,2024,4.513376536174775
REGION1,FIHYDMPH1,FIHO,2025,4.513376536174775
REGION1,FIHYDMPH1,FIHO,2026,4.513376536174775
REGION1,FIHYDMPH1,FIHO,2027,4.513376536174775
REGION1,FIHYDMPH1,FIHO,2028,4.5133765145254054
REGION1,FIHYDMPH1,FIHO,2029,4.513376536174775
REGION1,FIHYDMPH1,FIHO,2030,4.513376536174775
REGION1,FIHYDMPH1,FIHO,2031,4.513376515365907
REGION1,FIHYDMPH1,FIHO,2032,4.4941369123538335
REGION1,FIHYDMPH1,FIHO,2033,4.4941369123538335
REGION1,FIHYDMPH1,FIHO,2034,4.462070958489453
REGION1,FIHYDMPH1,FIHO,2035,4.4556577624078875
REGION1,FIHYDMPH1,FIHO,2036,4.455657771325229
REGION1,FIHYDMPH1,FIHO,2037,4.317902319217653
REGION1,FIHYDMPH1,FIHO,2038,4.088309935600248
REGION1,FIHYDMPH1,FIHO,2039,4.061374511762903
REGION1,FIHYDMPH1,FIHO,2040,4.061374511341829
REGION1,FIHYDMPH1,FIHO,2041,3.9083043460130096
REGION1,FIHYDMPH1,FIHO,2042,3.7505397160327716
REGION1,FIHYDMPH1,FIHO,2043,3.750090792302701
REGION1,FIHYDMPH1,FIHO,2044,3.7446011023076546
REGION1,FIHYDMPH1,FIHO,2045,3.7446010964036063
REGION1,FIHYDMPH1,FIHO,2046,3.7446010964036063
REGION1,FIHYDMPH1,FIHO,2047,3.7446011023076546
REGION1,FIHYDMPH1,FIHO,2048,3.7446010964036063
REGION1,FIHYDMPH1,FIHO,2049,3.662832845570156
REGION1,FIHYDMPH1,FIHO,2050,3.662832845570156
REGION1,FIHYDMPH1,FIHO,2051,3.662832845570156
REGION1,FIHYDMPH1,FIHO,2052,3.662832788387775
REGION1,FIHYDMPH1,FIHO,2053,3.58202657331374
REGION1,FIHYDMPH1,FIHO,2054,3.582026574110571
REGION1,FIHYDMPH1,FIHO,2055,1.3805302331468703
REGION1,FIHYDMPH1,FIHO,2056,1.3805302331468703
REGION1,FIHYDMPH1,FIHO,2057,1.380530244063526
REGION1,FIHYDMPH1,FIHO,2058,1.380530244063526
REGION1,FIHYDMPH1,FIHO,2059,1.380530244063526
REGION1,FIHYDMPH1,FIHO,2060,1.380530244063526
REGION1,FIHYDMPH2,FIHO,2015,35.73689422560623
REGION1,FIHYDMPH2,FIHO,2016,35.736894427609144
REGION1,FIHYDMPH2,FIHO,2017,35.73689409653442
REGION1,FIHYDMPH2,FIHO,2018,33.38966510706529
REGION1,FIHYDMPH2,FIHO,2019,32.25581141076583
REGION1,FIHYDMPH2,FIHO,2020,32.255811355449914
REGION1,FIHYDMPH2,FIHO,2021,32.255811355449914
REGION1,FIHYDMPH2,FIHO,2022,32.25581134761235
REGION1,FIHYDMPH2,FIHO,2023,32.25581134761235
REGION1,FIHYDMPH2,FIHO,2024,32.255811889862684
REGION1,FIHYDMPH2,FIHO,2025,32.09163300257801
REGION1,FIHYDMPH2,FIHO,2026,31.334876388326755
REGION1,FIHYDMPH2,FIHO,2027,31.334875981103274
REGION1,FIHYDMPH2,FIHO,2028,30.991129046177658
REGION1,FIHYDMPH2,FIHO,2029,27.82685809434092
REGION1,FIHYDMPH2,FIHO,2030,27.25736682507079
REGION1,FIHYDMPH2,FIHO,2031,26.532675645542053
REGION1,FIHYDMPH2,FIHO,2032,26.53267432859662
REGION1,FIHYDMPH2,FIHO,2033,25.88237754284991
REGION1,FIHYDMPH2,FIHO,2034,24.804960075726814
REGION1,FIHYDMPH2,FIHO,2035,23.181138803365908
REGION1,FIHYDMPH2,FIHO,2036,22.349988561776595
REGION1,FIHYDMPH2,FIHO,2037,20.369593611257358
REGION1,FIHYDMPH2,FIHO,2038,20.214394244989673
REGION1,FIHYDMPH2,FIHO,2039,18.53413685610733
REGION1,FIHYDMPH2,FIHO,2040,16.519110642867766
REGION1,FIHYDMPH2,FIHO,2041,15.090250540673951
REGION1,FIHYDMPH2,FIHO,2042,15.090250540673951
REGION1,FIHYDMPH2,FIHO,2043,13.987180802894093
REGION1,FIHYDMPH2,FIHO,2044,13.794784918397664
REGION1,FIHYDMPH2,FIHO,2045,12.114527398063917
REGION1,FIHYDMPH2,FIHO,2046,12.114527527128331
REGION1,FIHYDMPH2,FIHO,2047,11.620711423587416
REGION1,FIHYDMPH2,FIHO,2048,11.620711423587416
REGION1,FIHYDMPH2,FIHO,2049,11.620711423587416
REGION1,FIHYDMPH2,FIHO,2050,11.620711443515926
REGION1,FIHYDMPH2,FIHO,2051,10.002020721641122
REGION1,FIHYDMPH2,FIHO,2052,8.78351333273005
REGION1,FIHYDMPH2,FIHO,2053,8.783513438797465
REGION1,FIHYDMPH2,FIHO,2054,8.78351335265538
REGION1,FIHYDMPH2,FIHO,2055,8.78351344706189
REGION1,FIHYDMPH2,FIHO,2056,7.0788857930147175
REGION1,FIHYDMPH2,FIHO,2057,7.0788857930147175
REGION1,FIHYDMPH2,FIHO,2058,6.904446966787651
REGION1,FIHYDMPH2,FIHO,2059,6.904446966787651
REGION1,FIHYDMPH2,FIHO,2060,6.904446968323563
REGION1,FIHYDMPH3,FIHO,2023,15.410786135061366
REGION1,FIHYDMPH3,FIHO,2024,15.840785799379464
REGION1,FIHYDMPH3,FIHO,2025,15.840786086130594
REGION1,FIHYDMPH3,FIHO,2026,15.840786042943416
REGION1,FIHYDMPH3,FIHO,2027,17.771720340199366
REGION1,FIHYDMPH3,FIHO,2028,17.977499118818674
REGION1,FIHYDMPH3,FIHO,2029,17.977499118818674
REGION1,FIHYDMPH3,FIHO,2030,17.977499122180724
REGION1,FIHYDMPH3,FIHO,2031,17.97749927677182
REGION1,FIHYDMPH3,FIHO,2032,17.97749909753026
REGION1,FIHYDMPH3,FIHO,2033,17.977498821113056
REGION1,FIHYDMPH3,FIHO,2034,17.97749922043655
REGION1,FIHYDMPH3,FIHO,2035,22.259792329958543
REGION1,FIHYDMPH3,FIHO,2036,23.935395911865776
REGION1,FIHYDMPH3,FIHO,2037,27.82249168428083
REGION1,FIHYDMPH3,FIHO,2038,32.1272673731031
REGION1,FIHYDMPH3,FIHO,2039,33.90446012416746
REGION1,FIHYDMPH3,FIHO,2040,33.904460677384414
REGION1,FIHYDMPH3,FIHO,2041,35.16612039650091
REGION1,FIHYDMPH3,FIHO,2042,35.166120114179996
REGION1,FIHYDMPH3,FIHO,2043,36.07758319143804
REGION1,FIHYDMPH3,FIHO,2044,36.07758348107636
REGION1,FIHYDMPH3,FIHO,2045,40.700842738618896
REGION1,FIHYDMPH3,FIHO,2046,40.700843065373704
REGION1,FIHYDMPH3,FIHO,2047,40.80624960723901
REGION1,FIHYDMPH3,FIHO,2048,42.684658072730194
REGION1,FIHYDMPH3,FIHO,2049,43.256426419214044
REGION1,FIHYDMPH3,FIHO,2050,43.746426172803226
REGION1,FIHYDMPH3,FIHO,2051,45.665116716359684
REGION1,FIHYDMPH3,FIHO,2052,47.183623967152904
REGION1,FIHYDMPH3,FIHO,2053,47.18362382357767
REGION1,FIHYDMPH3,FIHO,2054,47.85442986668825
REGION1,FIHYDMPH3,FIHO,2055,47.85442941349273
REGION1,FIHYDMPH3,FIHO,2056,47.854429696131966
REGION1,FIHYDMPH3,FIHO,2057,47.85442941349273
REGION1,FIHYDMPH3,FIHO,2058,47.85442941349273
REGION1,FIHYDMPH3,FIHO,2059,47.85442958404901
REGION1,FIHYDMPH3,FIHO,2060,47.854428744496694
REGION1,FING00I00,CO2,2015,2548.296979555322
REGION1,FING00I00,CO2,2016,1845.9395816565402
REGION1,FING00I00,CO2,2017,1477.7083032832063
REGION1,FING00I00,CO2,2018,1382.6199440818757
REGION1,FING00I00,CO2,2019,1382.6199440818757
REGION1,FING00I00,CO2,2020,1382.6199440818757
REGION1,FING00I00,CO2,2021,1428.7072755512713
REGION1,FING00I00,CO2,2022,1474.7946070206676
REGION1,FING00I00,CO2,2023,2406.459296514175
REGION1,FING00I00,CO2,2024,2447.0670793645163
REGION1,FING00I00,CO2,2025,2093.4742544174123
REGION1,FING00I00,CO2,2026,1659.1439328982513
REGION1,FING00I00,CO2,2027,1705.2312643676466
REGION1,FING00I00,CO2,2028,1751.318595837043
REGION1,FING00I00,CO2,2029,1797.4059273064388
REGION1,FING00I00,CO2,2030,1843.4932587758342
REGION1,FING00I00,CO2,2031,1889.5805902452305
REGION1,FING00I00,CO2,2032,1935.6679217146263
REGION1,FING00I00,CO2,2033,1981.7552531840226
REGION1,FING00I00,CO2,2034,2027.842584653418
REGION1,FING00I00,CO2,2045,46.08733146939653
REGION1,FINGCCPH2,FIPM25,2015,0.0026887095083645124
REGION1,FINGCCPH2,FIPM25,2016,0.0010758526521041948
REGION1,FINGCCPH2,FIPM25,2017,0.00022229152941927188
REGION1,FINGCCPH2,FIPM25,2023,0.0021337258584009076
REGION1,FINGCCPH2,FIPM25,2024,0.0021274578689060193
REGION1,FINGCCPH2,FIPM25,2025,0.0011651223736023357
REGION1,FISOUTPH2,FISO,2015,0.044728970035658885
REGION1,FISOUTPH2,FISO,2016,0.044728970035658885
REGION1,FISOUTPH2,FISO,2017,0.044728970035658844
REGION1,FISOUTPH2,FISO,2018,0.044728970035658844
REGION1,FISOUTPH2,FISO,2019,0.044728970035658844
REGION1,FISOUTPH2,FISO,2020,0.044728970035658844
REGION1,FISOUTPH2,FISO,2021,0.044728970035658844
REGION1,FISOUTPH2,FISO,2022,0.044728970035658844
REGION1,FISOUTPH2,FISO,2023,0.044728970035658844
REGION1,FISOUTPH2,FISO,2024,0.044728970035658844
REGION1,FISOUTPH2,FISO,2025,0.044728970035658844
REGION1,FISOUTPH2,FISO,2026,0.044728970035658844
REGION1,FISOUTPH2,FISO,2027,0.044728970035658844
REGION1,FISOUTPH2,FISO,2028,1.9999980951208265
REGION1,FISOUTPH2,FISO,2029,2.1699979332060964
REGION1,FISOUTPH2,FISO,2030,2.3499977617669714
REGION1,FISOUTPH2,FISO,2031,2.8899972474495943
REGION1,FISOUTPH2,FISO,2032,3.4299967331322168
REGION1,FISOUTPH2,FISO,2033,3.9599962283392363
REGION1,FISOUTPH2,FISO,2034,4.499995714021859
REGION1,FISOUTPH2,FISO,2035,5.0399951997044825
REGION1,FISOUTPH2,FISO,2036,5.19999504731415
REGION1,FISOUTPH2,FISO,2037,5.34999490444821
REGION1,FISOUTPH2,FISO,2038,5.50999475205788
REGION1,FISOUTPH2,FISO,2039,5.669994599667541
REGION1,FISOUTPH2,FISO,2040,5.829994447277207
REGION1,FISOUTPH2,FISO,2041,5.879994399655229
REGION1,FISOUTPH2,FISO,2042,5.929994352033251
REGION1,FISOUTPH2,FISO,2043,5.969994313935667
REGION1,FISOUTPH2,FISO,2044,6.019994266313685
REGION1,FISOUTPH2,FISO,2045,6.069994218691707
REGION1,FISOUTPH2,FISO,2046,6.119994171069728
REGION1,FISOUTPH2,FISO,2047,6.159994132972145
REGION1,FISOUTPH2,FISO,2048,6.209994085350166
REGION1,FISOUTPH2,FISO,2049,6.259994037728186
REGION1,FISOUTPH2,FISO,2050,6.299993999630603
REGION1,FISOUTPH2,FISO,2051,6.329993971057416
REGION1,FISOUTPH2,FISO,2052,6.359993942484229
REGION1,FISOUTPH2,FISO,2053,6.399993904386646
REGION1,FISOUTPH2,FISO,2054,6.429993875813455
REGION1,FISOUTPH2,FISO,2055,6.459993847240269
REGION1,FISOUTPH2,FISO,2056,6.489993818667081
REGION1,FISOUTPH2,FISO,2057,6.529993780569499
REGION1,FISOUTPH2,FISO,2058,6.55999375199631
REGION1,FISOUTPH2,FISO,2059,6.589993723423123
REGION1,FISOUTPH2,FISO,2060,6.619993694849934
REGION1,FIWIOFPH3,FIWO,2015,0.29658094701733345
REGION1,FIWIOFPH3,FIWO,2016,0.29658094701733345
REGION1,FIWIOFPH3,FIWO,2017,0.29658094701733345
REGION1,FIWIOFPH3,FIWO,2018,0.29658094701733345
REGION1,FIWIOFPH3,FIWO,2019,0.29658094701733345
REGION1,FIWIOFPH3,FIWO,2020,0.29658094701733345
REGION1,FIWIOFPH3,FIWO,2021,0.29658094701733345
REGION1,FIWIOFPH3,FIWO,2022,0.29658094701733345
REGION1,FIWIOFPH3,FIWO,2023,0.29658094701733345
REGION1,FIWIOFPH3,FIWO,2024,0.2891382312366704
REGION1,FIWIOFPH3,FIWO,2025,0.2891382312366704
REGION1,FIWIOFPH3,FIWO,2026,0.2891382312366704
REGION1,FIWIOFPH3,FIWO,2027,0.2891382312366704
REGION1,FIWIOFPH3,FIWO,2028,0.2891382312366704
REGION1,FIWIOFPH3,FIWO,2029,0.2891382312366704
REGION1,FIWIOFPH3,FIWO,2030,0.2891382312366704
REGION1,FIWIOFPH3,FIWO,2031,0.2891382312366704
REGION1,FIWIOFPH3,FIWO,2032,0.2891382312366704
REGION1,FIWIOFPH3,FIWO,2033,0.2891382312366704
REGION1,FIWIOFPH3,FIWO,2034,0.2891382312366704
REGION1,FIWIONPH3,FIWI,2015,6.053095538761838
REGION1,FIWIONPH3,FIWI,2016,6.053095538761838
REGION1,FIWIONPH3,FIWI,2017,6.053095538761838
REGION1,FIWIONPH3,FIWI,2018,6.053095538761838
REGION1,FIWIONPH3,FIWI,2019,6.053095538761838
REGION1,FIWIONPH3,FIWI,2020,6.053095538761838
REGION1,FIWIONPH3,FIWI,2021,6.053095538761838
REGION1,FIWIONPH3,FIWI,2022,6.053095538761838
REGION1,FIWIONPH3,FIWI,2023,6.013312298532038
REGION1,FIWIONPH3,FIWI,2024,5.662313330934951
REGION1,FIWIONPH3,FIWI,2025,5.662313330934951
REGION1,FIWIONPH3,FIWI,2026,5.652241624547659
REGION1,FIWIONPH3,FIWI,2027,5.632098211773078
REGION1,FIWIONPH3,FIWI,2028,5.516323946851169
REGION1,FIWIONPH3,FIWI,2029,5.3103575512310695
REGION1,FIWIONPH3,FIWI,2030,5.238495926157748
REGION1,FIWIONPH3,FIWI,2031,5.167993981446712
REGION1,FIWIONPH3,FIWI,2032,4.8275703055562795
REGION1,FIWIONPH3,FIWI,2033,4.6160644714231704
REGION1,FIWIONPH3,FIWI,2034,4.585849352261298
REGION1,FIWIONPH3,FIWI,2035,4.333855258451279
REGION1,FIWIONPH3,FIWI,2036,4.0590991082059835
REGION1,FIWIONPH3,FIWI,2037,3.4173299772078063
REGION1,FIWIONPH3,FIWI,2038,1.8028354433250733
REGION1,FIWIONPN3,FIWI,2015,3.8819889944512775
REGION1,FIWIONPN3,FIWI,2016,3.8819889944512775
REGION1,FIWIONPN3,FIWI,2017,3.8819889944512775
REGION1,FIWIONPN3,FIWI,2018,3.8819889944512775
REGION1,FIWIONPN3,FIWI,2019,3.8819889944512775
REGION1,FIWIONPN3,FIWI,2020,3.88198899445128
REGION1,FIWIONPN3,FIWI,2021,3.88198899445128
REGION1,FIWIONPN3,FIWI,2022,14.261638712235454
REGION1,FIWIONPN3,FIWI,2023,24.641288430019628
REGION1,FIWIONPN3,FIWI,2024,40.210763006695885
REGION1,FIWIONPN3,FIWI,2025,55.78023758337215
REGION1,FIWIONPN3,FIWI,2026,71.34971216004841
REGION1,FIWIONPN3,FIWI,2027,92.10901159561675
REGION1,FIWIONPN3,FIWI,2028,112.8683110311851
REGION1,FIWIONPN3,FIWI,2029,133.62761046675345
REGION1,FIWIONPN3,FIWI,2030,159.57673476121388
REGION1,FIWIONPN3,FIWI,2031,170.6127258878526
REGION1,FIWIONPN3,FIWI,2032,177.56509782875304
REGION1,FIWIONPN3,FIWI,2033,198.2131033593221
REGION1,FIWIONPN3,FIWI,2034,223.72709896250976
REGION1,FIWIONPN3,FIWI,2035,254.8660481158622
REGION1,FIWIONPN3,FIWI,2036,255.14080426556828
REGION1,FIWIONPN3,FIWI,2037,255.78257339530714
REGION1,FIWIONPN3,FIWI,2038,257.39706792602135
REGION1,FIWIONPN3,FIWI,2039,259.19990336580804
REGION1,FIWIONPN3,FIWI,2040,259.199903365808
REGION1,FIWIONPN3,FIWI,2041,259.19990336580815
REGION1,FIWIONPN3,FIWI,2042,259.19990336580815
REGION1,FIWIONPN3,FIWI,2043,259.19990336580815
REGION1,FIWIONPN3,FIWI,2044,259.19990336580815
REGION1,FIWIONPN3,FIWI,2045,259.19990336580804
REGION1,FIWIONPN3,FIWI,2046,259.19990336580815
REGION1,FIWIONPN3,FIWI,2047,259.1999033658081
REGION1,FIWIONPN3,FIWI,2048,259.1999033658081
REGION1,FIWIONPN3,FIWI,2049,259.19990336580815
REGION1,FIWIONPN3,FIWI,2050,259.1999033658081
REGION1,FIWIONPN3,FIWI,2051,259.1999033658081
REGION1,FIWIONPN3,FIWI,2052,259.1999033658081
REGION1,FIWIONPN3,FIWI,2053,259.1999033658081
REGION1,FIWIONPN3,FIWI,2054,259.19990336580815
REGION1,FIWIONPN3,FIWI,2055,259.19990336580815
REGION1,FIWIONPN3,FIWI,2056,259.1999033658081
REGION1,FIWIONPN3,FIWI,2057,259.19990336580815
REGION1,FIWIONPN3,FIWI,2058,259.1999033658081
REGION1,FIWIONPN3,FIWI,2059,259.1999033658081
REGION1,FIWIONPN3,FIWI,2060,259.19990336580815
REGION1,FIWS00X00,FIPM25,2015,0.113178255187402
REGION1,FIWS00X00,FIPM25,2016,0.11217021636484326
REGION1,FIWS00X00,FIPM25,2017,0.11116143329273216
REGION1,FIWS00X00,FIPM25,2018,0.1101526653900573
REGION1,FIWS00X00,FIPM25,2019,0.10914464723312724
REGION1,FIWS00X00,FIPM25,2020,0.10813584537464652
REGION1,FIWS00X00,FIPM25,2021,0.10832911461158216
REGION1,FIWS00X00,FIPM25,2022,0.10852315934919773
REGION1,FIWS00X00,FIPM25,2023,0.10871644426763258
REGION1,FIWS00X00,FIPM25,2024,0.10890972062243992
REGION1,FIWS00X00,FIPM25,2025,0.1091037636190093
REGION1,FIWS00X00,FIPM25,2026,0.10982558994374267
REGION1,FIWS00X00,FIPM25,2027,0.11054815974129435
REGION1,FIWS00X00,FIPM25,2028,0.11127074307767956
REGION1,FIWS00X00,FIPM25,2029,0.11199256180151092
REGION1,FIWS00X00,FIPM25,2030,0.11271512411739874
REGION1,FIWS00X00,FIPM25,2031,0.1114171744921067
REGION1,FIWS00X00,FIPM25,2032,0.11011847555627736
REGION1,FIWS00X00,FIPM25,2033,0.10882052030378517
REGION1,FIWS00X00,FIPM25,2034,0.10752258442154086
REGION1,FIWS00X00,FIPM25,2035,0.10622463706997835
REGION1,FIWS00X00,FIPM25,2036,0.10468879387275286
REGION1,FIWS00X00,FIPM25,2037,0.10315371083617271
REGION1,FIWS00X00,FIPM25,2038,0.1016178578718897
REGION1,FIWS00X00,FIPM25,2039,0.10008278769104051
REGION1,FIWS00X00,FIPM25,2040,0.09854696806298266
REGION1,FIWS00X00,FIPM25,2041,0.09718507225041403
REGION1,FIWS00X00,FIPM25,2042,0.09582244460609426
REGION1,FIWS00X00,FIPM25,2043,0.09446055030063058
REGION1,FIWS00X00,FIPM25,2044,0.09309794773186385
REGION1,FIWS00X00,FIPM25,2045,0.091736035871394
REGION1,FIWS00X00,FIPM25,2046,0.09055853951134887
REGION1,FIWS00X00,FIPM25,2047,0.08938176096964208
REGION1,FIWS00X00,FIPM25,2048,0.08820421932980411
REGION1,FIWS00X00,FIPM25,2049,0.08702744186852247
REGION1,FIWS00X00,FIPM25,2050,0.08584990227038383
REGION1,FIWS00X00,FIPM25,2051,0.08499131011712958
REGION1,FIWS00X00,FIPM25,2052,0.08414161302065147
REGION1,FIWS00X00,FIPM25,2053,0.08330007985251048
REGION1,FIWS00X00,FIPM25,2054,0.08246748936388953
REGION1,FIWS00X00,FIPM25,2055,0.08164233175047633
REGION1,FIWS00X00,FIPM25,2056,0.08082610595803416
REGION1,FIWS00X00,FIPM25,2057,0.08001802087412199
REGION1,FIWS00X00,FIPM25,2058,0.07921738783370155
REGION1,FIWS00X00,FIPM25,2059,0.07842568166740436
REGION1,FIWS00X00,FIPM25,2060,0.07764141254599463
REGION1,NOBMCSPN2,CO2,2033,-1909.4895909558654
REGION1,NOBMCSPN2,CO2,2034,-2001.945414989584
REGION1,NOBMCSPN2,CO2,2035,-2114.1237545861113
REGION1,NOBMCSPN2,CO2,2036,-2249.604665946183
REGION1,NOBMCSPN2,CO2,2037,-2412.9994769409936
REGION1,NOBMCSPN2,CO2,2038,-2613.645828122761
REGION1,NOBMCSPN2,CO2,2039,-2932.6800111704524
REGION1,NOBMCSPN2,CO2,2040,-3370.8643697826756
REGION1,NOBMCSPN2,CO2,2041,-3874.474920453773
REGION1,NOBMCSPN2,CO2,2042,-4440.442318098121
REGION1,NOBMCSPN2,CO2,2043,-5074.627148077414
REGION1,NOBMCSPN2,CO2,2044,-5783.226091427122
REGION1,NOBMCSPN2,CO2,2045,-6572.774449225723
REGION1,NOBMCSPN2,CO2,2046,-7450.157153588292
REGION1,NOBMCSPN2,CO2,2047,-8422.62366913969
REGION1,NOBMCSPN2,CO2,2048,-9229.83041109433
REGION1,NOBMCSPN2,CO2,2049,-9308.247960450632
REGION1,NOBMCSPN2,CO2,2050,-9388.045416219831
REGION1,NOBMCSPN2,CO2,2051,-9452.376206583749
REGION1,NOBMCSPN2,CO2,2052,-9504.156508014154
REGION1,NOBMCSPN2,CO2,2053,-9545.762857931908
REGION1,NOBMCSPN2,CO2,2054,-9579.185533436046
REGION1,NOBMCSPN2,CO2,2055,-9606.040402118828
REGION1,NOBMCSPN2,CO2,2056,-9627.5273468227
REGION1,NOBMCSPN2,CO2,2057,-9644.781022671767
REGION1,NOBMCSPN2,CO2,2058,-9658.619538090727
REGION1,NOBMCSPN2,CO2,2059,-9669.693923761586
REGION1,NOBMCSPN2,CO2,2060,-9678.55778227795
REGION1,NOCO00I00,CO2,2015,12.729557131037097
REGION1,NOCO00I00,CO2,2016,12.605394179573723
REGION1,NOCO00I00,CO2,2017,18.47922842093605
REGION1,NOCO00I00,CO2,2018,9.465709932201475
REGION1,NOCO00I00,CO2,2019,3.8291766999250365
REGION1,NOCO00I00,CO2,2020,1.3800235180316074
REGION1,NOCO00I00,CO2,2021,2.7534836323973293
REGION1,NOCO00I00,CO2,2022,45.741724717961006
REGION1,NOCOCHPH3,NOPM25,2015,7.676927993871354e-05
REGION1,NOCOCHPH3,NOPM25,2016,7.676927993871354e-05
REGION1,NOCOCHPH3,NOPM25,2017,0.00011366208001128954
REGION1,NOCOCHPH3,NOPM25,2018,5.6327040054835165e-05
REGION1,NOCOCHPH3,NOPM25,2019,2.1611520137088e-05
REGION1,NOCOCHPH3,NOPM25,2021,1.74988800016128e-05
REGION1,NOCOCHPH3,NOPM25,2022,0.0003002226773405582
REGION1,NOCOSTPH1,NOPM25,2015,7.676927993871354e-05
REGION1,NOCOSTPH1,NOPM25,2016,7.676927993871354e-05
REGION1,NOCOSTPH1,NOPM25,2017,0.00011366208001128954
REGION1,NOCOSTPH1,NOPM25,2018,6.128640009354237e-05
REGION1,NOCOSTPH1,NOPM25,2019,2.6449920088704e-05
REGION1,NOCOSTPH1,NOPM25,2020,1.74988800016128e-05
REGION1,NOCOSTPH1,NOPM25,2021,1.74988800016128e-05
REGION1,NOCOSTPH1,NOPM25,2022,0.00028256253862250986
REGION1,NOHGSRPH2,NOPM25,2015,0.053618276076824116
REGION1,NOHGSRPH2,NOPM25,2016,0.05361827607682412
REGION1,NOHGSRPH2,NOPM25,2017,0.05361827607682412
REGION1,NOHGSRPH2,NOPM25,2018,0.05361827607682412
REGION1,NOHGSRPH2,NOPM25,2019,0.05361827607682412
REGION1,NOHGSRPH2,NOPM25,2020,0.05361827607682412
REGION1,NOHGSRPH2,NOPM25,2021,0.05540555194605159
REGION1,NOHGSRPH2,NOPM25,2022,0.05719282781527906
REGION1,NOHGSRPH2,NOPM25,2023,0.058980103684506555
REGION1,NOHGSRPH2,NOPM25,2024,0.060767379553734
REGION1,NOHGSRPH2,NOPM25,2025,0.06255465542296147
REGION1,NOHGSRPH2,NOPM25,2026,0.06434193129218894
REGION1,NOHGSRPH2,NOPM25,2027,0.06612920716141639
REGION1,NOHGSRPH2,NOPM25,2028,0.06791648303064389
REGION1,NOHGSRPH2,NOPM25,2029,0.06970375889987135
REGION1,NOHGSRPH2,NOPM25,2030,0.07149103476909885
REGION1,NOHGSRPH2,NOPM25,2031,0.0732783106383263
REGION1,NOHGSRPH2,NOPM25,2032,0.07506558650755378
REGION1,NOHGSRPH2,NOPM25,2033,0.07685286237678127
REGION1,NOHGSRPH2,NOPM25,2034,0.06428686798942539
REGION1,NOHGSRPH2,NOPM25,2035,0.04887473412809925
REGION1,NOHGSRPH2,NOPM25,2036,0.02145086427580669
REGION1,NOHYDMPH1,NOHO,2015,43.054374359749765
REGION1,NOHYDMPH1,NOHO,2016,41.95192157361956
REGION1,NOHYDMPH1,NOHO,2017,39.09851436507524
REGION1,NOHYDMPH1,NOHO,2018,37.16279524173075
REGION1,NOHYDMPH1,NOHO,2019,36.93129198995219
REGION1,NOHYDMPH1,NOHO,2020,36.93129198995219
REGION1,NOHYDMPH1,NOHO,2021,36.85388075826457
REGION1,NOHYDMPH1,NOHO,2022,36.672475570045705
REGION1,NOHYDMPH1,NOHO,2023,36.48332894778773
REGION1,NOHYDMPH1,NOHO,2024,36.442433019087595
REGION1,NOHYDMPH1,NOHO,2025,36.42987119700782
REGION1,NOHYDMPH1,NOHO,2026,36.273588638462954
REGION1,NOHYDMPH1,NOHO,2027,36.17251587100094
REGION1,NOHYDMPH1,NOHO,2028,35.72995726682884
REGION1,NOHYDMPH1,NOHO,2029,35.22517780665774
REGION1,NOHYDMPH1,NOHO,2030,34.99761763104169
REGION1,NOHYDMPH1,NOHO,2031,34.79591046679596
REGION1,NOHYDMPH1,NOHO,2032,34.27082944021335
REGION1,NOHYDMPH1,NOHO,2033,33.88231188380375
REGION1,NOHYDMPH1,NOHO,2034,33.24841613734741
REGION1,NOHYDMPH1,NOHO,2035,32.6281034228706
REGION1,NOHYDMPH1,NOHO,2036,32.18861255342577
REGION1,NOHYDMPH1,NOHO,2037,32.03671126722803
REGION1,NOHYDMPH1,NOHO,2038,31.650385404578124
REGION1,NOHYDMPH1,NOHO,2039,30.919506525307114
REGION1,NOHYDMPH1,NOHO,2040,30.569403275580292
REGION1,NOHYDMPH1,NOHO,2041,30.56940328446657
REGION1,NOHYDMPH1,NOHO,2042,30.409760741323513
REGION1,NOHYDMPH1,NOHO,2043,30.039647146356728
REGION1,NOHYDMPH1,NOHO,2044,29.63754732507104
REGION1,NOHYDMPH1,NOHO,2045,29.428683050146027
REGION1,NOHYDMPH1,NOHO,2046,29.34060925708232
REGION1,NOHYDMPH1,NOHO,2047,29.340609516735345
REGION1,NOHYDMPH1,NOHO,2048,29.238368270488582
REGION1,NOHYDMPH1,NOHO,2049,29.077703446852983
REGION1,NOHYDMPH1,NOHO,2050,29.077703446852983
REGION1,NOHYDMPH1,NOHO,2051,28.604910699929913
REGION1,NOHYDMPH1,NOHO,2052,28.60301194010206
REGION1,NOHYDMPH1,NOHO,2053,27.534863365477722
REGION1,NOHYDMPH1,NOHO,2054,24.147887823801824
REGION1,NOHYDMPH1,NOHO,2055,22.80466628605961
REGION1,NOHYDMPH1,NOHO,2056,24.52887047760056
REGION1,NOHYDMPH1,NOHO,2057,26.4568220556713
REGION1,NOHYDMPH1,NOHO,2058,23.99548089455988
REGION1,NOHYDMPH1,NOHO,2059,22.33533150124726
REGION1,NOHYDMPH1,NOHO,2060,23.996886573469663
REGION1,NOHYDMPH2,NOHO,2015,253.62256552837383
REGION1,NOHYDMPH2,NOHO,2016,253.62256451075876
REGION1,NOHYDMPH2,NOHO,2017,252.40443345486293
REGION1,NOHYDMPH2,NOHO,2018,249.08305706680423
REGION1,NOHYDMPH2,NOHO,2019,248.2797289309198
REGION1,NOHYDMPH2,NOHO,2020,248.27972932006514
REGION1,NOHYDMPH2,NOHO,2021,247.9175020112009
REGION1,NOHYDMPH2,NOHO,2022,247.55235533879974
REGION1,NOHYDMPH2,NOHO,2023,247.18720845683438
REGION1,NOHYDMPH2,NOHO,2024,247.1872091264363
REGION1,NOHYDMPH2,NOHO,2025,246.97542284890469
REGION1,NOHYDMPH2,NOHO,2026,246.21591640070076
REGION1,NOHYDMPH2,NOHO,2027,246.21591549701273
REGION1,NOHYDMPH2,NOHO,2028,243.41158487141138
REGION1,NOHYDMPH2,NOHO,2029,240.27569851725158
REGION1,NOHYDMPH2,NOHO,2030,238.71871352398924
REGION1,NOHYDMPH2,NOHO,2031,237.4932751074216
REGION1,NOHYDMPH2,NOHO,2032,236.78196984999568
REGION1,NOHYDMPH2,NOHO,2033,231.40700070191795
REGION1,NOHYDMPH2,NOHO,2034,227.64306204230567
REGION1,NOHYDMPH2,NOHO,2035,224.38302735669467
REGION1,NOHYDMPH2,NOHO,2036,220.69650008888706
REGION1,NOHYDMPH2,NOHO,2037,216.83762340505672
REGION1,NOHYDMPH2,NOHO,2038,207.4022165604181
REGION1,NOHYDMPH2,NOHO,2039,200.46295671283838
REGION1,NOHYDMPH2,NOHO,2040,192.8401410937693
REGION1,NOHYDMPH2,NOHO,2041,187.2592299240797
REGION1,NOHYDMPH2,NOHO,2042,181.48990243861104
REGION1,NOHYDMPH2,NOHO,2043,174.33301438593807
REGION1,NOHYDMPH2,NOHO,2044,159.7738598783026
REGION1,NOHYDMPH2,NOHO,2045,146.81635531286736
REGION1,NOHYDMPH2,NOHO,2046,144.0111803139234
REGION1,NOHYDMPH2,NOHO,2047,131.52752332014484
REGION1,NOHYDMPH2,NOHO,2048,127.8001001307685
REGION1,NOHYDMPH2,NOHO,2049,123.62281585099166
REGION1,NOHYDMPH2,NOHO,2050,120.4109800359313
REGION1,NOHYDMPH2,NOHO,2051,109.47846874437826
REGION1,NOHYDMPH2,NOHO,2052,103.05041550799147
REGION1,NOHYDMPH2,NOHO,2053,94.50742918282349
REGION1,NOHYDMPH2,NOHO,2054,88.69740542007094
REGION1,NOHYDMPH2,NOHO,2055,84.57372314909904
REGION1,NOHYDMPH2,NOHO,2056,83.83528401594866
REGION1,NOHYDMPH2,NOHO,2057,81.40754997533165
REGION1,NOHYDMPH2,NOHO,2058,76.50953827933273
REGION1,NOHYDMPH2,NOHO,2059,68.08428326499033
REGION1,NOHYDMPH2,NOHO,2060,63.49901336977207
REGION1,NOHYDMPH3,NOHO,2015,153.59118454894113
REGION1,NOHYDMPH3,NOHO,2016,153.59118655060638
REGION1,NOHYDMPH3,NOHO,2017,153.59118454894113
REGION1,NOHYDMPH3,NOHO,2018,153.59118454894113
REGION1,NOHYDMPH3,NOHO,2019,153.5911845565733
REGION1,NOHYDMPH3,NOHO,2020,153.59118459673473
REGION1,NOHYDMPH3,NOHO,2021,153.59118653604799
REGION1,NOHYDMPH3,NOHO,2022,153.59118454894113
REGION1,NOHYDMPH3,NOHO,2023,153.59118454894113
REGION1,NOHYDMPH3,NOHO,2024,153.5911858792536
REGION1,NOHYDMPH3,NOHO,2025,153.59118612036383
REGION1,NOHYDMPH3,NOHO,2026,153.59118455506507
REGION1,NOHYDMPH3,NOHO,2027,153.59118454894113
REGION1,NOHYDMPH3,NOHO,2028,153.59118454894113
REGION1,NOHYDMPH3,NOHO,2029,153.59118500082764
REGION1,NOHYDMPH3,NOHO,2030,153.5911845500214
REGION1,NOHYDMPH3,NOHO,2031,153.5911863778844
REGION1,NOHYDMPH3,NOHO,2032,153.59118521013372
REGION1,NOHYDMPH3,NOHO,2033,153.59118454894113
REGION1,NOHYDMPH3,NOHO,2034,153.59118454894113
REGION1,NOHYDMPH3,NOHO,2035,153.59118454894113
REGION1,NOHYDMPH3,NOHO,2036,153.59118454894113
REGION1,NOHYDMPH3,NOHO,2037,153.59118454894113
REGION1,NOHYDMPH3,NOHO,2038,153.59118471219807
REGION1,NOHYDMPH3,NOHO,2039,153.5911847243439
REGION1,NOHYDMPH3,NOHO,2040,147.31065120015907
REGION1,NOHYDMPH3,NOHO,2041,147.3106518198073
REGION1,NOHYDMPH3,NOHO,2042,147.31065083088188
REGION1,NOHYDMPH3,NOHO,2043,147.3106524046784
REGION1,NOHYDMPH3,NOHO,2044,147.31065157062193
REGION1,NOHYDMPH3,NOHO,2045,136.32701952551514
REGION1,NOHYDMPH3,NOHO,2046,136.32702091820104
REGION1,NOHYDMPH3,NOHO,2047,132.67554809605988
REGION1,NOHYDMPH3,NOHO,2048,128.00166174217037
REGION1,NOHYDMPH3,NOHO,2049,124.49624673816076
REGION1,NOHYDMPH3,NOHO,2050,121.16610332022958
REGION1,NOHYDMPH3,NOHO,2051,111.87675689243878
REGION1,NOHYDMPH3,NOHO,2052,111.87675627627556
REGION1,NOHYDMPH3,NOHO,2053,103.06940234759266
REGION1,NOHYDMPH3,NOHO,2054,97.87700853674545
REGION1,NOHYDMPH3,NOHO,2055,94.5906826280554
REGION1,NOHYDMPH3,NOHO,2056,93.0979605509879
REGION1,NOHYDMPH3,NOHO,2057,91.4913114267807
REGION1,NOHYDMPH3,NOHO,2058,89.88466414037967
REGION1,NOHYDMPH3,NOHO,2059,88.05892733726915
REGION1,NOHYDMPH3,NOHO,2060,68.56006068792945
REGION1,NOHYDSPH2,NOHO,2015,6.118492324853496
REGION1,NOHYDSPH2,NOHO,2016,6.118493523008822
REGION1,NOHYDSPH2,NOHO,2017,6.118494090486403
REGION1,NOHYDSPH2,NOHO,2018,6.118493886195383
REGION1,NOHYDSPH2,NOHO,2019,6.118493181509178
REGION1,NOHYDSPH2,NOHO,2020,6.118493105804417
REGION1,NOHYDSPH2,NOHO,2021,6.118493147478363
REGION1,NOHYDSPH2,NOHO,2022,6.118493534597946
REGION1,NOHYDSPH2,NOHO,2023,6.118493732725637
REGION1,NOHYDSPH2,NOHO,2024,6.1184874823098845
REGION1,NOHYDSPH2,NOHO,2025,6.118491846168962
REGION1,NOHYDSPH2,NOHO,2026,6.1184927527156505
REGION1,NOHYDSPH2,NOHO,2027,6.118490756880156
REGION1,NOHYDSPH2,NOHO,2028,6.118492620395498
REGION1,NOHYDSPH2,NOHO,2029,6.118494369215608
REGION1,NOHYDSPH2,NOHO,2030,6.118491061261769
REGION1,NOHYDSPH2,NOHO,2031,6.118490807828774
REGION1,NOHYDSPH2,NOHO,2032,6.118489517959958
REGION1,NOHYDSPH2,NOHO,2033,6.118489517959958
REGION1,NOHYDSPH2,NOHO,2034,6.118492576171268
REGION1,NOHYDSPH2,NOHO,2035,6.118491725216385
REGION1,NOHYDSPH2,NOHO,2036,6.118490927884005
REGION1,NOHYDSPH2,NOHO,2037,6.118490905243083
REGION1,NOHYDSPH2,NOHO,2038,6.118490927884005
REGION1,NOHYDSPH2,NOHO,2039,6.118490993691544
REGION1,NOHYDSPH2,NOHO,2040,6.118490993691544
REGION1,NOHYDSPH2,NOHO,2041,6.118491095188362
REGION1,NOHYDSPH2,NOHO,2042,6.118490971050622
REGION1,NOHYDSPH2,NOHO,2043,6.118491117829284
REGION1,NOHYDSPH2,NOHO,2044,6.118490993691544
REGION1,NOHYDSPH2,NOHO,2045,6.118490971050622
REGION1,NOHYDSPH2,NOHO,2046,6.118491095188362
REGION1,NOHYDSPH2,NOHO,2047,6.118491117829284
REGION1,NOHYDSPH2,NOHO,2048,6.118489761306171
REGION1,NOHYDSPH2,NOHO,2049,6.1184892969994475
REGION1,NOHYDSPH2,NOHO,2050,6.1184892969994475
REGION1,NOHYDSPH2,NOHO,2051,6.118491117829284
REGION1,NOHYDSPH2,NOHO,2052,6.118489783947093
REGION1,NOHYDSPH2,NOHO,2053,5.39172188989773
REGION1,NOHYDSPH2,NOHO,2054,5.263023210727574
REGION1,NOHYDSPH2,NOHO,2055,5.263023108476418
REGION1,NOHYDSPH2,NOHO,2056,5.263020940050618
REGION1,NOHYDSPH2,NOHO,2057,5.263024369914772
REGION1,NOHYDSPH2,NOHO,2058,5.263020298987988
REGION1,NOHYDSPH2,NOHO,2059,2.2348152938165318
REGION1,NOHYDSPH2,NOHO,2060,2.234815566028397
REGION1,NOHYDSPH3,NOHO,2015,8.2140110277135
REGION1,NOHYDSPH3,NOHO,2016,8.214009894871133
REGION1,NOHYDSPH3,NOHO,2017,8.214012216132888
REGION1,NOHYDSPH3,NOHO,2018,8.21401163125378
REGION1,NOHYDSPH3,NOHO,2019,8.214007743527628
REGION1,NOHYDSPH3,NOHO,2020,8.21400586258088
REGION1,NOHYDSPH3,NOHO,2021,8.21400933440039
REGION1,NOHYDSPH3,NOHO,2022,8.21401118908774
REGION1,NOHYDSPH3,NOHO,2023,8.214012178383014
REGION1,NOHYDSPH3,NOHO,2024,8.214009066020324
REGION1,NOHYDSPH3,NOHO,2025,8.214009431786856
REGION1,NOHYDSPH3,NOHO,2026,8.214010374417184
REGION1,NOHYDSPH3,NOHO,2027,8.214007555267354
REGION1,NOHYDSPH3,NOHO,2028,8.214009669080511
REGION1,NOHYDSPH3,NOHO,2029,8.214010125344457
REGION1,NOHYDSPH3,NOHO,2030,8.214005041301634
REGION1,NOHYDSPH3,NOHO,2031,8.214004296551499
REGION1,NOHYDSPH3,NOHO,2032,8.214003595233114
REGION1,NOHYDSPH3,NOHO,2033,8.214003032266184
REGION1,NOHYDSPH3,NOHO,2034,8.214005435319125
REGION1,NOHYDSPH3,NOHO,2035,8.214008383650526
REGION1,NOHYDSPH3,NOHO,2036,8.214008520418131
REGION1,NOHYDSPH3,NOHO,2037,8.214006666432597
REGION1,NOHYDSPH3,NOHO,2038,8.214004136967922
REGION1,NOHYDSPH3,NOHO,2039,8.21400231940236
REGION1,NOHYDSPH3,NOHO,2040,8.214003138788994
REGION1,NOHYDSPH3,NOHO,2041,8.214006666432597
REGION1,NOHYDSPH3,NOHO,2042,8.214006666432597
REGION1,NOHYDSPH3,NOHO,2043,8.214005458941626
REGION1,NOHYDSPH3,NOHO,2044,8.21400361894294
REGION1,NOHYDSPH3,NOHO,2045,8.214005186841286
REGION1,NOHYDSPH3,NOHO,2046,8.214004272672069
REGION1,NOHYDSPH3,NOHO,2047,8.214004272672069
REGION1,NOHYDSPH3,NOHO,2048,8.214003618942943
REGION1,NOHYDSPH3,NOHO,2049,8.214003490290871
REGION1,NOHYDSPH3,NOHO,2050,8.214003480937517
REGION1,NOHYDSPH3,NOHO,2051,8.214003618942941
REGION1,NOHYDSPH3,NOHO,2052,8.21400361894294
REGION1,NOHYDSPH3,NOHO,2053,8.214003099150116
REGION1,NOHYDSPH3,NOHO,2054,8.214005017422206
REGION1,NOHYDSPH3,NOHO,2055,8.214005199803438
REGION1,NOHYDSPH3,NOHO,2056,8.214003618942943
REGION1,NOHYDSPH3,NOHO,2057,8.214002586729475
REGION1,NOHYDSPH3,NOHO,2058,6.226744678876097
REGION1,NOHYDSPH3,NOHO,2059,4.23948573880926
REGION1,NOHYDSPH3,NOHO,2060,4.239486258140701
REGION1,NONG00X00,CO2,2015,2073.929916122813
REGION1,NONG00X00,CO2,2016,2073.929916122813
REGION1,NONG00X00,CO2,2017,2073.929916122813
REGION1,NONG00X00,CO2,2018,2073.929916122813
REGION1,NONG00X00,CO2,2019,2073.929916122813
REGION1,NONG00X00,CO2,2020,2073.929916122813
REGION1,NONG00X00,CO2,2021,2143.060913326907
REGION1,NONG00X00,CO2,2022,3172.08432566339
REGION1,NONG00X00,CO2,2023,3238.102570113664
REGION1,NONG00X00,CO2,2024,3304.114852740172
REGION1,NONG00X00,CO2,2025,3370.1269599765214
REGION1,NONG00X00,CO2,2026,3436.14517473842
REGION1,NONG00X00,CO2,2027,3502.157459505688
REGION1,NONG00X00,CO2,2028,3568.175645409936
REGION1,NONG00X00,CO2,2029,2696.108890959658
REGION1,NONG00X00,CO2,2030,2765.239888163752
REGION1,NONG00X00,CO2,2031,2834.370885367846
REGION1,NONG00X00,CO2,2032,2903.5018825719394
REGION1,NONG00X00,CO2,2033,2972.632879776034
REGION1,NONG00X00,CO2,2034,2486.586076472836
REGION1,NONG00X00,CO2,2035,1890.4519254886409
REGION1,NONG00X00,CO2,2036,829.7094275195257
REGION1,NONGCCPH2,NOPM25,2022,0.0023052816910939956
REGION1,NONGCCPH2,NOPM25,2023,0.0023052819586131023
REGION1,NONGCCPH2,NOPM25,2024,0.00230528182889023
REGION1,NONGCCPH2,NOPM25,2025,0.0023052812729549964
REGION1,NONGCCPH2,NOPM25,2026,0.002305281469502772
REGION1,NONGCCPH2,NOPM25,2027,0.0023052813421062025
REGION1,NONGCCPH2,NOPM25,2028,0.002305281469502772
REGION1,NOSODIFH1,NOSO,2015,6.790727680466185e-05
REGION1,NOSODIFH1,NOSO,2016,6.790727680466185e-05
REGION1,NOSODIFH1,NOSO,2017,6.790727680466185e-05
REGION1,NOSODIFH1,NOSO,2018,6.790727680466185e-05
REGION1,NOSODIFH1,NOSO,2019,6.790727680466185e-05
REGION1,NOSODIFH1,NOSO,2020,6.790727680466185e-05
REGION1,NOSODIFH1,NOSO,2021,6.790727680466185e-05
REGION1,NOSODIFH1,NOSO,2022,6.790727680466185e-05
REGION1,NOSODIFH1,NOSO,2023,6.482058240444991e-05
REGION1,NOSODIFH1,NOSO,2024,6.482058240444991e-05
REGION1,NOSODIFH1,NOSO,2025,1.5433472001059547e-05
REGION1,NOSODIFH1,NOSO,2026,1.5433472001059503e-05
REGION1,NOSODIFH1,NOSO,2027,1.5433472001059503e-05
REGION1,NOSODIFH1,NOSO,2028,1.5433472001059547e-05
REGION1,NOSOUTPH2,NOSO,2015,0.046232508726373814
REGION1,NOSOUTPH2,NOSO,2016,0.046232508726373814
REGION1,NOSOUTPH2,NOSO,2017,0.046232508726373814
REGION1,NOSOUTPH2,NOSO,2018,0.046232508726373814
REGION1,NOSOUTPH2,NOSO,2019,0.046232508726373814
REGION1,NOSOUTPH2,NOSO,2020,0.04623250872637384
REGION1,NOSOUTPH2,NOSO,2021,0.04623250872637384
REGION1,NOSOUTPH2,NOSO,2022,0.04623250872637384
REGION1,NOSOUTPH2,NOSO,2023,0.04623250872637384
REGION1,NOSOUTPH2,NOSO,2024,0.04623250872637384
REGION1,NOSOUTPH2,NOSO,2025,0.11839715717999964
REGION1,NOSOUTPH2,NOSO,2026,0.4190624284034405
REGION1,NOSOUTPH2,NOSO,2027,1.818607850370882
REGION1,NOSOUTPH2,NOSO,2028,1.9999826478321738
REGION1,NOSOUTPH2,NOSO,2029,2.1699979182150293
REGION1,NOSOUTPH2,NOSO,2030,2.3499977455324053
REGION1,NOSOUTPH2,NOSO,2031,2.889997227484533
REGION1,NOSOUTPH2,NOSO,2032,3.4299967094366597
REGION1,NOSOUTPH2,NOSO,2033,3.9599962009822667
REGION1,NOSOUTPH2,NOSO,2034,4.499995682934394
REGION1,NOSOUTPH2,NOSO,2035,5.039995164886521
REGION1,NOSOUTPH2,NOSO,2036,5.199995011390853
REGION1,NOSOUTPH2,NOSO,2037,5.349994867488668
REGION1,NOSOUTPH2,NOSO,2038,5.5099947139930014
REGION1,NOSOUTPH2,NOSO,2039,5.669993916140552
REGION1,NOSOUTPH2,NOSO,2040,5.829993744461978
REGION1,NOSOUTPH2,NOSO,2041,5.879993690812426
REGION1,NOSOUTPH2,NOSO,2042,5.9299936371628705
REGION1,NOSOUTPH2,NOSO,2043,5.969993594243228
REGION1,NOSOUTPH2,NOSO,2044,6.019993540593673
REGION1,NOSOUTPH2,NOSO,2045,6.069993486944121
REGION1,NOSOUTPH2,NOSO,2046,6.119993505650377
REGION1,NOSOUTPH2,NOSO,2047,6.159993520615383
REGION1,NOSOUTPH2,NOSO,2048,6.209993539321639
REGION1,NOSOUTPH2,NOSO,2049,6.259993623718778
REGION1,NOSOUTPH2,NOSO,2050,6.299993732268474
REGION1,NOSOUTPH2,NOSO,2051,6.349993908140754
REGION1,NOSOUTPH2,NOSO,2052,6.389993694312845
REGION1,NOSOUTPH2,NOSO,2053,6.429993654840625
REGION1,NOSOUTPH2,NOSO,2054,6.47999360550035
REGION1,NOSOUTPH2,NOSO,2055,6.51999356602813
REGION1,NOSOUTPH2,NOSO,2056,6.569993516687855
REGION1,NOSOUTPH2,NOSO,2057,6.619993467347581
REGION1,NOSOUTPH2,NOSO,2058,6.659993427875359
REGION1,NOSOUTPH2,NOSO,2059,6.709993378535085
REGION1,NOSOUTPH2,NOSO,2060,6.75999332919481
REGION1,NOWIOFPH3,NOWI,2015,0.03771693135564376
REGION1,NOWIOFPH3,NOWI,2016,0.03771693135564376
REGION1,NOWIOFPH3,NOWI,2017,0.03771693135564376
REGION1,NOWIOFPH3,NOWI,2018,0.03771693135564376
REGION1,NOWIOFPH3,NOWI,2019,0.03771693135564376
REGION1,NOWIOFPH3,NOWI,2020,0.03771693135564376
REGION1,NOWIOFPH3,NOWI,2021,0.03771693135564376
REGION1,NOWIOFPH3,NOWI,2022,0.03771693135564376
REGION1,NOWIOFPH3,NOWI,2023,0.03771693135564376
REGION1,NOWIOFPH3,NOWI,2024,0.03771693135564376
REGION1,NOWIOFPH3,NOWI,2025,0.03771693135564376
REGION1,NOWIOFPH3,NOWI,2026,0.03771693135564376
REGION1,NOWIOFPH3,NOWI,2027,0.03771693135564376
REGION1,NOWIOFPH3,NOWI,2028,0.03771693135564376
REGION1,NOWIOFPH3,NOWI,2029,0.03771693135564376
REGION1,NOWIOFPH3,NOWI,2030,0.03771693135564376
REGION1,NOWIOFPH3,NOWI,2031,0.03771693135564376
REGION1,NOWIOFPH3,NOWI,2032,0.03771693135564376
REGION1,NOWIOFPH3,NOWI,2033,0.03771693135564376
REGION1,NOWIOFPH3,NOWI,2034,0.03771693135564376
REGION1,NOWIONPH3,NOWI,2015,7.5781406689676984
REGION1,NOWIONPH3,NOWI,2016,7.5781406689676984
REGION1,NOWIONPH3,NOWI,2017,7.5781406689676984
REGION1,NOWIONPH3,NOWI,2018,7.5781406689676984
REGION1,NOWIONPH3,NOWI,2019,7.5781406689676984
REGION1,NOWIONPH3,NOWI,2020,7.5781406689676984
REGION1,NOWIONPH3,NOWI,2021,7.5781406689676984
REGION1,NOWIONPH3,NOWI,2022,7.5781406689676984
REGION1,NOWIONPH3,NOWI,2023,7.547800661658266
REGION1,NOWIONPH3,NOWI,2024,7.467519844168003
REGION1,NOWIONPH3,NOWI,2025,7.467519844168003
REGION1,NOWIONPH3,NOWI,2026,7.430230939869247
REGION1,NOWIONPH3,NOWI,2027,6.728322153069137
REGION1,NOWIONPH3,NOWI,2028,6.691471941762131
REGION1,NOWIONPH3,NOWI,2029,6.207154878870056
REGION1,NOWIONPH3,NOWI,2030,5.015664713276873
REGION1,NOWIONPH3,NOWI,2031,4.655059074058317
REGION1,NOWIONPH3,NOWI,2032,4.41290054261228
REGION1,NOWIONPH3,NOWI,2033,3.814154799752118
REGION1,NOWIONPH3,NOWI,2034,3.7966070800821154
REGION1,NOWIONPH3,NOWI,2035,3.772917658527612
REGION1,NOWIONPH3,NOWI,2036,3.0359134323874986
REGION1,NOWIONPH3,NOWI,2037,0.8993206330876385
REGION1,NOWIONPH3,NOWI,2038,0.39482369257506084
REGION1,NOWIONPN3,NOWI,2018,12.193974292622926
REGION1,NOWIONPN3,NOWI,2019,24.38794858524585
REGION1,NOWIONPN3,NOWI,2020,36.58192287786878
REGION1,NOWIONPN3,NOWI,2021,54.87288431680328
REGION1,NOWIONPN3,NOWI,2022,73.1638457557377
REGION1,NOWIONPN3,NOWI,2023,91.45480719467213
REGION1,NOWIONPN3,NOWI,2024,115.84275577991801
REGION1,NOWIONPN3,NOWI,2025,140.23070436516386
REGION1,NOWIONPN3,NOWI,2026,164.61865295040977
REGION1,NOWIONPN3,NOWI,2027,195.10358868196715
REGION1,NOWIONPN3,NOWI,2028,225.58852441352417
REGION1,NOWIONPN3,NOWI,2029,256.07346014508147
REGION1,NOWIONPN3,NOWI,2030,292.6553830229502
REGION1,NOWIONPN3,NOWI,2031,329.237305900819
REGION1,NOWIONPN3,NOWI,2032,365.8192287786878
REGION1,NOWIONPN3,NOWI,2033,402.4011516565565
REGION1,NOWIONPN3,NOWI,2034,438.9830745344253
REGION1,NOWIONPN3,NOWI,2035,475.56499741229413
REGION1,NOWIONPN3,NOWI,2036,512.1469202901629
REGION1,NOWIONPN3,NOWI,2037,548.7288431680317
REGION1,NOWIONPN3,NOWI,2038,571.9401183736751
REGION1,NOWIONPN3,NOWI,2039,599.0589071723264
REGION1,NOWIONPN3,NOWI,2040,631.8435346932226
REGION1,NOWIONPN3,NOWI,2041,658.5665196189282
REGION1,NOWIONPN3,NOWI,2042,671.9075925370695
REGION1,NOWIONPN3,NOWI,2043,686.6057395482878
REGION1,NOWIONPN3,NOWI,2044,708.2557359764968
REGION1,NOWIONPN3,NOWI,2045,738.7406717080542
REGION1,NOWIONPN3,NOWI,2046,747.683100147521
REGION1,NOWIONPN3,NOWI,2047,769.4731340121186
REGION1,NOWIONPN3,NOWI,2048,786.9291663885871
REGION1,NOWIONPN3,NOWI,2049,807.5552924979173
REGION1,NOWIONPN3,NOWI,2050,824.4097896530799
REGION1,NOWIONPN3,NOWI,2051,832.2256761513677
REGION1,NOWIONPN3,NOWI,2052,847.1806863237273
REGION1,NOWIONPN3,NOWI,2053,865.0353983440106
REGION1,NOWIONPN3,NOWI,2054,876.2134649704489
REGION1,NOWIONPN3,NOWI,2055,882.1258620412663
REGION1,NOWIONPN3,NOWI,2056,869.4588143725638
REGION1,NOWIONPN3,NOWI,2057,855.5013426036894
REGION1,NOWIONPN3,NOWI,2058,878.8318834415858
REGION1,NOWIONPN3,NOWI,2059,901.0299582636677
REGION1,NOWIONPN3,NOWI,2060,925.4179068489135
REGION1,NOWS00X00,NOPM25,2015,0.008846299049725836
REGION1,NOWS00X00,NOPM25,2016,0.008846299403888211
REGION1,NOWS00X00,NOPM25,2017,0.008846299567016089
REGION1,NOWS00X00,NOPM25,2018,0.008846299856696709
REGION1,NOWS00X00,NOPM25,2019,0.008846299840623031
REGION1,NOWS00X00,NOPM25,2020,0.0088462902895174
REGION1,NOWS00X00,NOPM25,2021,0.008846290397044154
REGION1,NOWS00X00,NOPM25,2022,0.008846291066985978
REGION1,NOWS00X00,NOPM25,2023,0.008846290858488958
REGION1,NOWS00X00,NOPM25,2024,0.008846290671717787
REGION1,NOWS00X00,NOPM25,2025,0.008846289463938539
REGION1,NOWS00X00,NOPM25,2026,0.008846290291338908
REGION1,NOWS00X00,NOPM25,2027,0.008846290351522389
REGION1,NOWS00X00,NOPM25,2028,0.008846289526653891
REGION1,NOWS00X00,NOPM25,2029,0.008846291060538365
REGION1,NOWS00X00,NOPM25,2030,0.008846291334128066
REGION1,NOWS00X00,NOPM25,2031,0.00884628941656445
REGION1,NOWS00X00,NOPM25,2032,0.008846288936219315
REGION1,NOWS00X00,NOPM25,2033,0.008846288241557672
REGION1,NOWS00X00,NOPM25,2034,0.008846288927023325
REGION1,NOWS00X00,NOPM25,2035,0.00884628856295351
REGION1,NOWS00X00,NOPM25,2036,0.008846288551836777
REGION1,NOWS00X00,NOPM25,2037,0.008846288394853685
REGION1,NOWS00X00,NOPM25,2038,0.00884628827162445
REGION1,NOWS00X00,NOPM25,2039,0.008846288189058483
REGION1,NOWS00X00,NOPM25,2040,0.008846288178415443
REGION1,NOWS00X00,NOPM25,2041,0.008846288265062317
REGION1,NOWS00X00,NOPM25,2042,0.008846288294429377
REGION1,NOWS00X00,NOPM25,2043,0.008846288294429377
REGION1,NOWS00X00,NOPM25,2044,0.008846288294429377
REGION1,NOWS00X00,NOPM25,2045,0.008846288294429376
REGION1,NOWS00X00,NOPM25,2046,0.008846288294429377
REGION1,NOWS00X00,NOPM25,2047,0.008846288294429377
REGION1,NOWS00X00,NOPM25,2048,0.008846288294429377
REGION1,NOWS00X00,NOPM25,2049,0.008846289111129672
REGION1,NOWS00X00,NOPM25,2050,0.008846288776929709
REGION1,NOWS00X00,NOPM25,2051,0.008846289190666405
REGION1,NOWS00X00,NOPM25,2052,0.00884628798490934
REGION1,NOWS00X00,NOPM25,2053,0.008846288265062317
REGION1,NOWS00X00,NOPM25,2054,0.008846288265062317
REGION1,NOWS00X00,NOPM25,2055,0.008846288725153417
REGION1,NOWS00X00,NOPM25,2056,0.008846288397726276
REGION1,NOWS00X00,NOPM25,2057,0.00884628893141209
REGION1,NOWS00X00,NOPM25,2058,0.008846288687409965
REGION1,NOWS00X00,NOPM25,2059,0.008846288381915104
REGION1,NOWS00X00,NOPM25,2060,0.008846289887078617
REGION1,SEBMCCPH1,SEPM25,2016,0.00019638097347142474
REGION1,SEBMCCPH1,SEPM25,2017,0.00019638094478042096
REGION1,SEBMCCPH1,SEPM25,2018,0.00019638096002245488
REGION1,SEBMCCPH1,SEPM25,2019,0.0001963809527031695
REGION1,SEBMCCPH1,SEPM25,2020,0.0001963809417281593
REGION1,SEBMCCPH1,SEPM25,2021,0.00019638092532167723
REGION1,SEBMCCPH1,SEPM25,2022,0.00019638101626417984
REGION1,SEBMCCPH1,SEPM25,2023,0.00019638100977526074
REGION1,SEBMCCPH1,SEPM25,2024,0.00019638100799273392
REGION1,SEBMCCPH1,SEPM25,2025,0.00019638097027930117
REGION1,SEBMCHPH3,SEPM25,2022,0.006296464438765022
REGION1,SEBMCHPH3,SEPM25,2023,0.006296466534519306
REGION1,SEBMCHPH3,SEPM25,2024,0.006296465693644083
REGION1,SEBMCHPH3,SEPM25,2025,0.006296465693644083
REGION1,SEBMCHPH3,SEPM25,2026,0.006296464438765022
REGION1,SEBMCHPH3,SEPM25,2027,0.006296465952097022
REGION1,SEBMCHPH3,SEPM25,2028,0.006296464438765022
REGION1,SEBMCHPH3,SEPM25,2029,0.006296464486160494
REGION1,SEBMCHPH3,SEPM25,2030,0.0031482322193825043
REGION1,SEBMCSPN2,CO2,2030,-4588.587570697125
REGION1,SEBMCSPN2,CO2,2031,-4715.549954090743
REGION1,SEBMCSPN2,CO2,2032,-4877.197293428415
REGION1,SEBMCSPN2,CO2,2033,-5078.055112285705
REGION1,SEBMCSPN2,CO2,2034,-5323.929922899927
REGION1,SEBMCSPN2,CO2,2035,-5622.255160162757
REGION1,SEBMCSPN2,CO2,2036,-5982.550991625997
REGION1,SEBMCSPN2,CO2,2037,-6417.078579182229
REGION1,SEBMCSPN2,CO2,2038,-6950.673332216455
REGION1,SEBMCSPN2,CO2,2039,-7799.105421411302
REGION1,SEBMCSPN2,CO2,2040,-8964.40264708696
REGION1,SEBMCSPN2,CO2,2041,-10303.69671398119
REGION1,SEBMCSPN2,CO2,2042,-11808.816477801363
REGION1,SEBMCSPN2,CO2,2043,-13495.354845864409
REGION1,SEBMCSPN2,CO2,2044,-15379.788123613558
REGION1,SEBMCSPN2,CO2,2045,-17479.497070048812
REGION1,SEBMCSPN2,CO2,2046,-19238.645093481355
REGION1,SEBMCSPN2,CO2,2047,-19689.91585091926
REGION1,SEBMCSPN2,CO2,2048,-20148.859852180005
REGION1,SEBMCSPN2,CO2,2049,-20615.53561834821
REGION1,SEBMCSPN2,CO2,2050,-21090.280663950183
REGION1,SEBMCSPN2,CO2,2051,-21529.284449936174
REGION1,SEBMCSPN2,CO2,2052,-21946.084869151087
REGION1,SEBMCSPN2,CO2,2053,-22345.025119206264
REGION1,SEBMCSPN2,CO2,2054,-22729.889691716886
REGION1,SEBMCSPN2,CO2,2055,-23103.813049758377
REGION1,SEBMCSPN2,CO2,2056,-23329.811982582833
REGION1,SEBMCSPN2,CO2,2057,-23547.13298282301
REGION1,SEBMCSPN2,CO2,2058,-23757.560142755578
REGION1,SEBMCSPN2,CO2,2059,-24370.26261929114
REGION1,SEBMCSPN2,CO2,2060,-25047.213350220973
REGION1,SEBMSTPH3,SEPM25,2015,1.3751610518894533
REGION1,SEBMSTPH3,SEPM25,2016,4.1275836367453005
REGION1,SEBMSTPH3,SEPM25,2017,4.958814734609115
REGION1,SEBMSTPH3,SEPM25,2018,8.602835136878126
REGION1,SEBMSTPH3,SEPM25,2019,8.60283677945459
REGION1,SEBMSTPH3,SEPM25,2020,8.602836504362365
REGION1,SEBMSTPH3,SEPM25,2021,8.602837977296742
REGION1,SEBMSTPH3,SEPM25,2022,8.602839136371943
REGION1,SEBMSTPH3,SEPM25,2023,8.602836927810543
REGION1,SEBMSTPH3,SEPM25,2024,8.602835889167004
REGION1,SEBMSTPH3,SEPM25,2025,8.60283793929092
REGION1,SEBMSTPH3,SEPM25,2026,8.602837111118665
REGION1,SEBMSTPH3,SEPM25,2027,8.602837111118665
REGION1,SEBMSTPH3,SEPM25,2028,8.60283591106881
REGION1,SEBMSTPH3,SEPM25,2029,8.602836041745961
REGION1,SEBMSTPH3,SEPM25,2030,0.2938350347414613
REGION1,SEBMSTPH3,SEPM25,2031,0.09794499556451924
REGION1,SEBMSTPH3,SEPM25,2032,0.09794500016385763
REGION1,SEBMSTPH3,SEPM25,2033,0.0979450261204001
REGION1,SEBMSTPH3,SEPM25,2034,0.0979450232833146
REGION1,SEBMSTPH3,SEPM25,2035,0.09794500217470009
REGION1,SEBMSTPH3,SEPM25,2036,0.09794499968990292
REGION1,SEBMSTPH3,SEPM25,2037,0.09794502286383762
REGION1,SEBMSTPH3,SEPM25,2038,0.0979450242268276
REGION1,SEBMSTPH3,SEPM25,2039,0.09794502037904045
REGION1,SEBMSTPH3,SEPM25,2040,0.09794499451955388
REGION1,SEBMSTPH3,SEPM25,2041,0.09794503332180561
REGION1,SECO00X00,CO2,2015,796.0130531512333
REGION1,SECO00X00,CO2,2016,708.8308255241265
REGION1,SECO00X00,CO2,2017,621.6483139658461
REGION1,SECO00X00,CO2,2018,534.4663560677549
REGION1,SECO00X00,CO2,2019,447.2833946540435
REGION1,SECO00X00,CO2,2020,360.10131269359476
REGION1,SECOCHPH3,SEPM25,2015,0.008930088297391081
REGION1,SECOCHPH3,SEPM25,2016,0.008633832674908271
REGION1,SECOCHPH3,SEPM25,2017,0.0076472717140957484
REGION1,SECOCHPH3,SEPM25,2018,0.00664085707579639
REGION1,SECOCHPH3,SEPM25,2019,0.00561402249642214
REGION1,SECOCHPH3,SEPM25,2020,0.004566132081746262
REGION1,SECOSTPH1,SEPM25,2015,0.0006710860849039298
REGION1,SEHGBCPN2,CO2,2029,-364.6276084559038
REGION1,SEHGBCPN2,CO2,2030,-789.6989195117832
REGION1,SEHGBCPN2,CO2,2031,-1154.3265280703492
REGION1,SEHGBCPN2,CO2,2032,-1549.17598805124
REGION1,SEHGBCPN2,CO2,2033,-1944.025447218368
REGION1,SEHGBCPN2,CO2,2034,-2338.8749069218816
REGION1,SEHGBCPN2,CO2,2035,-7718.303946811556
REGION1,SEHGBCPN2,CO2,2036,-8143.3752550168965
REGION1,SEHGBCPN2,CO2,2037,-8538.224718819516
REGION1,SEHGBCPN2,CO2,2038,-8933.074175599233
REGION1,SEHGBCPN2,CO2,2039,-9327.923639880733
REGION1,SEHGBCPN2,CO2,2040,-9722.77309643953
REGION1,SEHGBCPN2,CO2,2041,-10198.134141584318
REGION1,SEHGBCPN2,CO2,2042,-10681.121299760944
REGION1,SEHGBCPN2,CO2,2043,-10767.491552951631
REGION1,SEHGBCPN2,CO2,2044,-10855.270016793693
REGION1,SEHGBCPN2,CO2,2045,-10944.49141428953
REGION1,SEHGBCPN2,CO2,2046,-11035.191619480298
REGION1,SEHGBCPN2,CO2,2047,-11127.40770553945
REGION1,SEHGBCPN2,CO2,2048,-11221.177995297969
REGION1,SEHGBCPN2,CO2,2049,-11316.54211434597
REGION1,SEHGBCPN2,CO2,2050,-11413.541046865232
REGION1,SEHGBCPN2,CO2,2051,-11491.73847239205
REGION1,SEHGBCPN2,CO2,2052,-11554.68197972791
REGION1,SEHGBCPN2,CO2,2053,-11605.284921014885
REGION1,SEHGBCPN2,CO2,2054,-11645.926789455483
REGION1,SEHGBCPN2,CO2,2055,-11678.542739345576
REGION1,SEHGBCPN2,CO2,2056,-11704.701248952606
REGION1,SEHGBCPN2,CO2,2057,-11725.67024102581
REGION1,SEHGBCPN2,CO2,2058,-11742.472477868138
REGION1,SEHGBCPN2,CO2,2059,-11348.174302039548
REGION1,SEHGBCPN2,CO2,2060,-10882.792488870135
REGION1,SEHGSRPH2,SEPM25,2015,0.027547878731026085
REGION1,SEHGSRPH2,SEPM25,2016,0.02754787873102608
REGION1,SEHGSRPH2,SEPM25,2017,0.02754787873102608
REGION1,SEHGSRPH2,SEPM25,2018,0.02754787873102608
REGION1,SEHGSRPH2,SEPM25,2019,0.02754787873102608
REGION1,SEHGSRPH2,SEPM25,2020,0.02754787873102608
REGION1,SEHGSRPH2,SEPM25,2021,0.03350546496178431
REGION1,SEHGSRPH2,SEPM25,2022,0.03946305119254257
REGION1,SEHGSRPH2,SEPM25,2023,0.04117820910551999
REGION1,SEHGSRPH2,SEPM25,2024,0.04117820910551999
REGION1,SEHGSRPH2,SEPM25,2025,0.04117820910551999
REGION1,SEHGSRPH2,SEPM25,2026,0.04117820910551999
REGION1,SEHGSRPH2,SEPM25,2027,0.04117820910551999
REGION1,SEHGSRPH2,SEPM25,2028,0.04117820910551999
REGION1,SEHGSRPH2,SEPM25,2029,0.04117820910551999
REGION1,SEHGSRPH2,SEPM25,2030,0.04117820910551999
REGION1,SEHGSRPH2,SEPM25,2031,0.04117820910551999
REGION1,SEHGSRPH2,SEPM25,2032,0.04117820910551999
REGION1,SEHGSRPH2,SEPM25,2033,0.04117820910551999
REGION1,SEHGSRPH2,SEPM25,2034,0.04117820910551999
REGION1,SEHGSRPH2,SEPM25,2043,0.005957586230758321
REGION1,SEHGSRPH2,SEPM25,2044,0.0005373217880764593
REGION1,SEHGSRPH2,SEPM25,2045,0.007452310166245647
REGION1,SEHYDMPH1,SEHO,2015,19.23791351064674
REGION1,SEHYDMPH1,SEHO,2016,16.958970847467125
REGION1,SEHYDMPH1,SEHO,2017,14.44446116662355
REGION1,SEHYDMPH1,SEHO,2018,13.67094812172037
REGION1,SEHYDMPH1,SEHO,2019,13.615778915779018
REGION1,SEHYDMPH1,SEHO,2020,13.277319946344504
REGION1,SEHYDMPH1,SEHO,2021,13.262286781057076
REGION1,SEHYDMPH1,SEHO,2022,13.130987872258318
REGION1,SEHYDMPH1,SEHO,2023,12.899817497048394
REGION1,SEHYDMPH1,SEHO,2024,12.721121195171474
REGION1,SEHYDMPH1,SEHO,2025,12.442156883059281
REGION1,SEHYDMPH1,SEHO,2026,12.407339325374261
REGION1,SEHYDMPH1,SEHO,2027,12.267502523738145
REGION1,SEHYDMPH1,SEHO,2028,12.21063177581104
REGION1,SEHYDMPH1,SEHO,2029,11.68801654860087
REGION1,SEHYDMPH1,SEHO,2030,11.471595697387137
REGION1,SEHYDMPH1,SEHO,2031,11.430183822817582
REGION1,SEHYDMPH1,SEHO,2032,11.208586864079136
REGION1,SEHYDMPH1,SEHO,2033,10.811271003251246
REGION1,SEHYDMPH1,SEHO,2034,10.610166961952995
REGION1,SEHYDMPH1,SEHO,2035,10.378542908478762
REGION1,SEHYDMPH1,SEHO,2036,10.223105767393688
REGION1,SEHYDMPH1,SEHO,2037,10.034340589929386
REGION1,SEHYDMPH1,SEHO,2038,9.469178217775955
REGION1,SEHYDMPH1,SEHO,2039,9.038747887138333
REGION1,SEHYDMPH1,SEHO,2040,8.86827745515469
REGION1,SEHYDMPH1,SEHO,2041,8.531023972662705
REGION1,SEHYDMPH1,SEHO,2042,7.698952197791376
REGION1,SEHYDMPH1,SEHO,2043,7.546549857883307
REGION1,SEHYDMPH1,SEHO,2044,7.270209146849173
REGION1,SEHYDMPH1,SEHO,2045,7.270209146849173
REGION1,SEHYDMPH1,SEHO,2046,7.1943343128816775
REGION1,SEHYDMPH1,SEHO,2047,7.1943343128816775
REGION1,SEHYDMPH1,SEHO,2048,7.182988527236905
REGION1,SEHYDMPH1,SEHO,2049,7.087967572461997
REGION1,SEHYDMPH1,SEHO,2050,7.070665289339361
REGION1,SEHYDMPH1,SEHO,2051,7.0706652493537305
REGION1,SEHYDMPH1,SEHO,2052,6.771703835909124
REGION1,SEHYDMPH1,SEHO,2053,6.756103077968269
REGION1,SEHYDMPH1,SEHO,2054,6.7561034287329615
REGION1,SEHYDMPH1,SEHO,2055,6.497986755681243
REGION1,SEHYDMPH1,SEHO,2056,6.488909885446111
REGION1,SEHYDMPH1,SEHO,2057,6.40395831811439
REGION1,SEHYDMPH1,SEHO,2058,6.2305947189386
REGION1,SEHYDMPH1,SEHO,2059,5.8244581523812435
REGION1,SEHYDMPH1,SEHO,2060,5.704887937900976
REGION1,SEHYDMPH2,SEHO,2015,141.55115647798647
REGION1,SEHYDMPH2,SEHO,2016,140.50308815821123
REGION1,SEHYDMPH2,SEHO,2017,140.1414440656216
REGION1,SEHYDMPH2,SEHO,2018,134.28843657641858
REGION1,SEHYDMPH2,SEHO,2019,133.0120332875944
REGION1,SEHYDMPH2,SEHO,2020,132.87021411605565
REGION1,SEHYDMPH2,SEHO,2021,132.23201006690329
REGION1,SEHYDMPH2,SEHO,2022,130.7996033075798
REGION1,SEHYDMPH2,SEHO,2023,130.7996033075798
REGION1,SEHYDMPH2,SEHO,2024,127.65114961305466
REGION1,SEHYDMPH2,SEHO,2025,127.65114848754564
REGION1,SEHYDMPH2,SEHO,2026,127.26113819835278
REGION1,SEHYDMPH2,SEHO,2027,126.87112471910186
REGION1,SEHYDMPH2,SEHO,2028,126.87112685695766
REGION1,SEHYDMPH2,SEHO,2029,123.53688303763664
REGION1,SEHYDMPH2,SEHO,2030,123.09439849095583
REGION1,SEHYDMPH2,SEHO,2031,121.60554638264647
REGION1,SEHYDMPH2,SEHO,2032,118.4443282820021
REGION1,SEHYDMPH2,SEHO,2033,112.39135168940155
REGION1,SEHYDMPH2,SEHO,2034,108.9067773013939
REGION1,SEHYDMPH2,SEHO,2035,102.05179402922616
REGION1,SEHYDMPH2,SEHO,2036,98.14813612209808
REGION1,SEHYDMPH2,SEHO,2037,91.1016926754131
REGION1,SEHYDMPH2,SEHO,2038,86.72434829660139
REGION1,SEHYDMPH2,SEHO,2039,83.93328507573912
REGION1,SEHYDMPH2,SEHO,2040,81.763402210938
REGION1,SEHYDMPH2,SEHO,2041,73.84829869780319
REGION1,SEHYDMPH2,SEHO,2042,70.62326037818251
REGION1,SEHYDMPH2,SEHO,2043,65.90057714306097
REGION1,SEHYDMPH2,SEHO,2044,58.48894274962918
REGION1,SEHYDMPH2,SEHO,2045,56.56015918915391
REGION1,SEHYDMPH2,SEHO,2046,54.336384321578876
REGION1,SEHYDMPH2,SEHO,2047,52.705428098927754
REGION1,SEHYDMPH2,SEHO,2048,47.215485783781084
REGION1,SEHYDMPH2,SEHO,2049,45.12715202866901
REGION1,SEHYDMPH2,SEHO,2050,42.50343930064357
REGION1,SEHYDMPH2,SEHO,2051,39.56771733823744
REGION1,SEHYDMPH2,SEHO,2052,39.0004280701396
REGION1,SEHYDMPH2,SEHO,2053,34.2635639624265
REGION1,SEHYDMPH2,SEHO,2054,29.790486174119827
REGION1,SEHYDMPH2,SEHO,2055,23.997044645887772
REGION1,SEHYDMPH2,SEHO,2056,19.18075886134034
REGION1,SEHYDMPH2,SEHO,2057,18.81202194497431
REGION1,SEHYDMPH2,SEHO,2058,17.578167153517725
REGION1,SEHYDMPH2,SEHO,2059,16.457770844567897
REGION1,SEHYDMPH2,SEHO,2060,15.493379084965518
REGION1,SEHYDMPH3,SEHO,2015,70.80904644396912
REGION1,SEHYDMPH3,SEHO,2016,70.80904644396912
REGION1,SEHYDMPH3,SEHO,2017,70.80904909108347
REGION1,SEHYDMPH3,SEHO,2018,70.80904644396912
REGION1,SEHYDMPH3,SEHO,2019,70.8090490423334
REGION1,SEHYDMPH3,SEHO,2020,70.80904672563105
REGION1,SEHYDMPH3,SEHO,2021,70.8090490423334
REGION1,SEHYDMPH3,SEHO,2022,84.33587129563477
REGION1,SEHYDMPH3,SEHO,2023,103.08478276360722
REGION1,SEHYDMPH3,SEHO,2024,105.90090001237019
REGION1,SEHYDMPH3,SEHO,2025,105.90089916217586
REGION1,SEHYDMPH3,SEHO,2026,106.29572792586995
REGION1,SEHYDMPH3,SEHO,2027,106.80557654684775
REGION1,SEHYDMPH3,SEHO,2028,106.83244687314587
REGION1,SEHYDMPH3,SEHO,2029,110.66930479332427
REGION1,SEHYDMPH3,SEHO,2030,111.29821313435724
REGION1,SEHYDMPH3,SEHO,2031,113.9084778021607
REGION1,SEHYDMPH3,SEHO,2032,117.95174407595306
REGION1,SEHYDMPH3,SEHO,2033,125.88158583936267
REGION1,SEHYDMPH3,SEHO,2034,130.63726392334019
REGION1,SEHYDMPH3,SEHO,2035,138.7938696588267
REGION1,SEHYDMPH3,SEHO,2036,143.38086175964426
REGION1,SEHYDMPH3,SEHO,2037,150.61607219582123
REGION1,SEHYDMPH3,SEHO,2038,155.54858012947304
REGION1,SEHYDMPH3,SEHO,2039,158.76006873964604
REGION1,SEHYDMPH3,SEHO,2040,161.09042197819838
REGION1,SEHYDMPH3,SEHO,2041,170.9227812567814
REGION1,SEHYDMPH3,SEHO,2042,176.5698868644462
REGION1,SEHYDMPH3,SEHO,2043,183.0249773180492
REGION1,SEHYDMPH3,SEHO,2044,192.2929530375672
REGION1,SEHYDMPH3,SEHO,2045,195.80172880566417
REGION1,SEHYDMPH3,SEHO,2046,199.69138059281542
REGION1,SEHYDMPH3,SEHO,2047,202.9223403809109
REGION1,SEHYDMPH3,SEHO,2048,210.0136234344509
REGION1,SEHYDMPH3,SEHO,2049,213.78697379952342
REGION1,SEHYDMPH3,SEHO,2050,218.0179944085482
REGION1,SEHYDMPH3,SEHO,2051,222.31371849569393
REGION1,SEHYDMPH3,SEHO,2052,224.54996802303182
REGION1,SEHYDMPH3,SEHO,2053,230.68242758123787
REGION1,SEHYDMPH3,SEHO,2054,236.53550034909276
REGION1,SEHYDMPH3,SEHO,2055,243.97706207920362
REGION1,SEHYDMPH3,SEHO,2056,243.97705796804132
REGION1,SEHYDMPH3,SEHO,2057,243.97706207920356
REGION1,SEHYDMPH3,SEHO,2058,237.0986814785029
REGION1,SEHYDMPH3,SEHO,2059,237.0986763740919
REGION1,SEHYDMPH3,SEHO,2060,226.95837992510695
REGION1,SEHYDSPH2,SEHO,2015,1.3164353718461115
REGION1,SEHYDSPH2,SEHO,2016,1.3164359799574354
REGION1,SEHYDSPH2,SEHO,2017,1.3164354334398485
REGION1,SEHYDSPH2,SEHO,2018,1.316434888857343
REGION1,SEHYDSPH2,SEHO,2019,1.3164356303190377
REGION1,SEHYDSPH2,SEHO,2020,1.3164353724541162
REGION1,SEHYDSPH2,SEHO,2021,1.3164348924392573
REGION1,SEHYDSPH2,SEHO,2022,1.316435748030469
REGION1,SEHYDSPH2,SEHO,2023,1.3164355521539315
REGION1,SEHYDSPH2,SEHO,2024,1.3164357688097912
REGION1,SEHYDSPH2,SEHO,2025,1.3164349292440538
REGION1,SEHYDSPH2,SEHO,2026,1.316435597478795
REGION1,SEHYDSPH2,SEHO,2027,1.3164355959602903
REGION1,SEHYDSPH2,SEHO,2028,1.3164353432769214
REGION1,SEHYDSPH2,SEHO,2029,1.316435852060796
REGION1,SEHYDSPH2,SEHO,2030,1.3164356213532324
REGION1,SEHYDSPH2,SEHO,2031,1.3164355112804214
REGION1,SEHYDSPH2,SEHO,2032,1.3164357373497373
REGION1,SEHYDSPH2,SEHO,2033,1.3164356365904009
REGION1,SEHYDSPH2,SEHO,2034,1.3164355374577403
REGION1,SEHYDSPH2,SEHO,2035,1.3164356298322384
REGION1,SEHYDSPH2,SEHO,2036,0.7785372004384183
REGION1,SEHYDSPH2,SEHO,2037,0.7785373064074288
REGION1,SEHYDSPH2,SEHO,2038,0.7785374474041925
REGION1,SEHYDSPH2,SEHO,2039,0.7785373293483712
REGION1,SEHYDSPH2,SEHO,2040,0.7785373599523188
REGION1,SEHYDSPH2,SEHO,2041,0.7785372985993148
REGION1,SEHYDSPH2,SEHO,2042,0.7785372961335966
REGION1,SEHYDSPH2,SEHO,2043,0.7785372317570178
REGION1,SEHYDSPH2,SEHO,2044,0.778536973823089
REGION1,SEHYDSPH2,SEHO,2045,0.7785372309483883
REGION1,SEHYDSPH2,SEHO,2046,0.7785372653912959
REGION1,SEHYDSPH2,SEHO,2047,0.7785372083774458
REGION1,SEHYDSPH2,SEHO,2048,0.7785372992746263
REGION1,SEHYDSPH2,SEHO,2049,0.7785373758662648
REGION1,SEHYDSPH2,SEHO,2050,0.778537382777764
REGION1,SEHYDSPH2,SEHO,2051,0.778537074886631
REGION1,SEHYDSPH2,SEHO,2052,0.778537077968172
REGION1,SEHYDSPH2,SEHO,2053,0.7785371294119064
REGION1,SEHYDSPH2,SEHO,2054,0.7785372004212365
REGION1,SEHYDSPH2,SEHO,2055,0.7785371965856014
REGION1,SEHYDSPH2,SEHO,2056,0.7785370502479227
REGION1,SEHYDSPH2,SEHO,2057,0.77853681554962
REGION1,SEHYDSPH2,SEHO,2058,0.7785367822592559
REGION1,SEHYDSPH2,SEHO,2059,0.7785372558617346
REGION1,SEHYDSPH2,SEHO,2060,0.778537004679377
REGION1,SEHYDSPH3,SEHO,2015,4.149254136106075
REGION1,SEHYDSPH3,SEHO,2016,4.149253662741698
REGION1,SEHYDSPH3,SEHO,2017,4.149254367767005
REGION1,SEHYDSPH3,SEHO,2018,4.149251263214918
REGION1,SEHYDSPH3,SEHO,2019,4.149254152582332
REGION1,SEHYDSPH3,SEHO,2020,4.149253027689037
REGION1,SEHYDSPH3,SEHO,2021,4.149253486655112
REGION1,SEHYDSPH3,SEHO,2022,4.149253905004393
REGION1,SEHYDSPH3,SEHO,2023,4.149253775590332
REGION1,SEHYDSPH3,SEHO,2024,4.149253344773857
REGION1,SEHYDSPH3,SEHO,2025,4.149253602458139
REGION1,SEHYDSPH3,SEHO,2026,4.149251838178109
REGION1,SEHYDSPH3,SEHO,2027,4.149251507595844
REGION1,SEHYDSPH3,SEHO,2028,4.1492525212691405
REGION1,SEHYDSPH3,SEHO,2029,4.149253809097472
REGION1,SEHYDSPH3,SEHO,2030,4.149253101004511
REGION1,SEHYDSPH3,SEHO,2031,4.149252911937239
REGION1,SEHYDSPH3,SEHO,2032,4.149253486655112
REGION1,SEHYDSPH3,SEHO,2033,4.149252106545736
REGION1,SEHYDSPH3,SEHO,2034,4.14925358806933
REGION1,SEHYDSPH3,SEHO,2035,4.149254133327478
REGION1,SEHYDSPH3,SEHO,2036,4.14925456346541
REGION1,SEHYDSPH3,SEHO,2037,4.149254576296235
REGION1,SEHYDSPH3,SEHO,2038,4.149253247953336
REGION1,SEHYDSPH3,SEHO,2039,4.149253028019464
REGION1,SEHYDSPH3,SEHO,2040,4.149254214133079
REGION1,SEHYDSPH3,SEHO,2041,4.149252873673256
REGION1,SEHYDSPH3,SEHO,2042,4.149252631507726
REGION1,SEHYDSPH3,SEHO,2043,4.149253783367566
REGION1,SEHYDSPH3,SEHO,2044,4.149253057123308
REGION1,SEHYDSPH3,SEHO,2045,4.149253760202005
REGION1,SEHYDSPH3,SEHO,2046,4.149252777863501
REGION1,SEHYDSPH3,SEHO,2047,4.149253014463477
REGION1,SEHYDSPH3,SEHO,2048,4.149253394437956
REGION1,SEHYDSPH3,SEHO,2049,4.149252777863501
REGION1,SEHYDSPH3,SEHO,2050,4.149254330235302
REGION1,SEHYDSPH3,SEHO,2051,4.149254462732636
REGION1,SEHYDSPH3,SEHO,2052,4.149254076483686
REGION1,SEHYDSPH3,SEHO,2053,4.149254324299619
REGION1,SEHYDSPH3,SEHO,2054,4.149251019191213
REGION1,SEHYDSPH3,SEHO,2055,4.149250822062125
REGION1,SENG00I00,CO2,2015,1065.5391035724324
REGION1,SENG00I00,CO2,2016,1065.5391035724322
REGION1,SENG00I00,CO2,2017,1065.5391035724322
REGION1,SENG00I00,CO2,2018,1065.5391035724322
REGION1,SENG00I00,CO2,2019,1065.5391035724322
REGION1,SENG00I00,CO2,2020,1065.5391035724322
REGION1,SENG00I00,CO2,2021,1295.9757609194114
REGION1,SENG00I00,CO2,2022,1526.4124182663916
REGION1,SENG00I00,CO2,2023,1756.84907561337
REGION1,SENG00I00,CO2,2024,1987.2857329603485
REGION1,SENG00I00,CO2,2025,2217.722390307328
REGION1,SENG00I00,CO2,2026,2448.159047654308
REGION1,SENG00I00,CO2,2027,2678.595705001287
REGION1,SENG00I00,CO2,2028,2909.032362348267
REGION1,SENG00I00,CO2,2029,2909.032362348267
REGION1,SENG00I00,CO2,2030,2909.032362348267
REGION1,SENG00I00,CO2,2031,2909.0323623482677
REGION1,SENG00I00,CO2,2032,2909.032362348267
REGION1,SENG00I00,CO2,2033,2909.032362348267
REGION1,SENG00I00,CO2,2034,2909.0323623482664
REGION1,SENG00I00,CO2,2043,230.43665734698263
REGION1,SENG00I00,CO2,2044,20.78335620637464
REGION1,SENG00I00,CO2,2045,288.2518821727563
REGION1,SENG00I00,CO2,2046,24.057415706401315
REGION1,SENG00I00,CO2,2048,229.34069110095896
REGION1,SENG00I00,CO2,2049,357.85355077850414
REGION1,SENG00I00,CO2,2050,525.7217518712041
REGION1,SESODIFH1,SESO,2015,0.0010588954104488472
REGION1,SESODIFH1,SESO,2016,0.0010588954104488472
REGION1,SESODIFH1,SESO,2017,0.0010588954104488472
REGION1,SESODIFH1,SESO,2018,0.0010588954104488472
REGION1,SESODIFH1,SESO,2019,0.0010588954104488472
REGION1,SESODIFH1,SESO,2020,0.0010588954104488472
REGION1,SESODIFH1,SESO,2021,0.0010588954104488514
REGION1,SESODIFH1,SESO,2022,0.0010588954104488514
REGION1,SESODIFH1,SESO,2023,0.0010588954104488472
REGION1,SESODIFH1,SESO,2024,0.0010588954104488472
REGION1,SESODIFH1,SESO,2025,0.0010588954104488472
REGION1,SESODIFH1,SESO,2026,0.001034269935787246
REGION1,SESODIFH1,SESO,2027,0.001034269935787246
REGION1,SESODIFH1,SESO,2028,0.001034269935787246
REGION1,SESODIFH1,SESO,2029,0.001034269935787246
REGION1,SESODIFH1,SESO,2030,0.001034269935787246
REGION1,SESODIFH1,SESO,2031,0.001034269935787246
REGION1,SESODIFH1,SESO,2032,0.001034269935787246
REGION1,SESODIFH1,SESO,2033,0.000535604073889824
REGION1,SESODIFH1,SESO,2034,0.000535604073889824
REGION1,SESODIFH1,SESO,2035,0.00044633672824151996
REGION1,SESODIFH1,SESO,2036,0.00029242751160651306
REGION1,SESOUTPH2,SESO,2015,0.31907227519036546
REGION1,SESOUTPH2,SESO,2016,0.31907227519036546
REGION1,SESOUTPH2,SESO,2017,0.31907227519036546
REGION1,SESOUTPH2,SESO,2018,0.31907227519036546
REGION1,SESOUTPH2,SESO,2019,0.31907227519036546
REGION1,SESOUTPH2,SESO,2020,0.31907227519036546
REGION1,SESOUTPH2,SESO,2021,0.31907227519036546
REGION1,SESOUTPH2,SESO,2022,0.31907227519036546
REGION1,SESOUTPH2,SESO,2023,0.31907227519036546
REGION1,SESOUTPH2,SESO,2024,0.31907227519036546
REGION1,SESOUTPH2,SESO,2025,0.31907227519036546
REGION1,SESOUTPH2,SESO,2026,0.31907227519036546
REGION1,SESOUTPH2,SESO,2027,4.868961055698132
REGION1,SESOUTPH2,SESO,2028,5.558960393416282
REGION1,SESOUTPH2,SESO,2029,6.238959740732725
REGION1,SESOUTPH2,SESO,2030,6.928959078450876
REGION1,SESOUTPH2,SESO,2031,7.248958771305673
REGION1,SESOUTPH2,SESO,2032,7.568958464160469
REGION1,SESOUTPH2,SESO,2033,7.889456822877161
REGION1,SESOUTPH2,SESO,2034,8.209456515731956
REGION1,SESOUTPH2,SESO,2035,8.529545475932398
REGION1,SESOUTPH2,SESO,2036,9.199698742063767
REGION1,SESOUTPH2,SESO,2037,9.869990526490097
REGION1,SESOUTPH2,SESO,2038,10.539989883404825
REGION1,SESOUTPH2,SESO,2039,11.219989230721268
REGION1,SESOUTPH2,SESO,2040,11.889988587635994
REGION1,SESOUTPH2,SESO,2041,12.059988424465105
REGION1,SESOUTPH2,SESO,2042,12.229988261294217
REGION1,SESOUTPH2,SESO,2043,12.399988098123325
REGION1,SESOUTPH2,SESO,2044,12.559987944550723
REGION1,SESOUTPH2,SESO,2045,12.729987781379833
REGION1,SESOUTPH2,SESO,2046,13.059987464636343
REGION1,SESOUTPH2,SESO,2047,13.38998714789285
REGION1,SESOUTPH2,SESO,2048,13.709986840747646
REGION1,SESOUTPH2,SESO,2049,14.039986524004153
REGION1,SESOUTPH2,SESO,2050,14.36998620726066
REGION1,SESOUTPH2,SESO,2051,14.659985928910316
REGION1,SESOUTPH2,SESO,2052,14.949985650559977
REGION1,SESOUTPH2,SESO,2053,15.249985362611348
REGION1,SESOUTPH2,SESO,2054,15.549985074662718
REGION1,SESOUTPH2,SESO,2055,15.859984777115798
REGION1,SESOUTPH2,SESO,2056,16.0999845467569
REGION1,SESOUTPH2,SESO,2057,16.339984316397995
REGION1,SESOUTPH2,SESO,2058,16.589984076440807
REGION1,SESOUTPH2,SESO,2059,16.83998383648361
REGION1,SESOUTPH2,SESO,2060,17.089983596526423
REGION1,SEWIOFPH3,SEWO,2015,2.5231065585334322
REGION1,SEWIOFPH3,SEWO,2016,2.5231065585334322
REGION1,SEWIOFPH3,SEWO,2017,2.5231065585334322
REGION1,SEWIOFPH3,SEWO,2018,2.5231065585334322
REGION1,SEWIOFPH3,SEWO,2019,2.5231065585334322
REGION1,SEWIOFPH3,SEWO,2020,2.5231065585334322
REGION1,SEWIOFPH3,SEWO,2021,2.5231065585334322
REGION1,SEWIOFPH3,SEWO,2022,2.5231065585334322
REGION1,SEWIOFPH3,SEWO,2023,2.5231065585334322
REGION1,SEWIOFPH3,SEWO,2024,2.4826839367101465
REGION1,SEWIOFPH3,SEWO,2025,2.328343017021239
REGION1,SEWIOFPH3,SEWO,2026,2.328343017021239
REGION1,SEWIOFPH3,SEWO,2027,2.328343017021239
REGION1,SEWIOFPH3,SEWO,2028,2.328343017021239
REGION1,SEWIOFPH3,SEWO,2029,2.328343017021239
REGION1,SEWIOFPH3,SEWO,2030,2.328343017021239
REGION1,SEWIOFPH3,SEWO,2031,2.328343017021239
REGION1,SEWIOFPH3,SEWO,2032,0.705558490006436
REGION1,SEWIOFPH3,SEWO,2033,0.705558490006436
REGION1,SEWIOFPH3,SEWO,2034,0.705558490006436
REGION1,SEWIOFPH3,SEWO,2035,0.705558490006436
REGION1,SEWIOFPH3,SEWO,2036,0.705558490006436
REGION1,SEWIOFPH3,SEWO,2037,0.705558490006436
REGION1,SEWIONPH3,SEWI,2015,43.17154703823362
REGION1,SEWIONPH3,SEWI,2016,43.17154703823362
REGION1,SEWIONPH3,SEWI,2017,43.17154703823362
REGION1,SEWIONPH3,SEWI,2018,43.17154703823362
REGION1,SEWIONPH3,SEWI,2019,43.17154703823362
REGION1,SEWIONPH3,SEWI,2020,43.17154703823362
REGION1,SEWIONPH3,SEWI,2021,43.17154703823362
REGION1,SEWIONPH3,SEWI,2022,43.154964780687216
REGION1,SEWIONPH3,SEWI,2023,42.88035618711661
REGION1,SEWIONPH3,SEWI,2024,41.24984763591013
REGION1,SEWIONPH3,SEWI,2025,40.964905171694625
REGION1,SEWIONPH3,SEWI,2026,40.712406254852596
REGION1,SEWIONPH3,SEWI,2027,40.517024002892676
REGION1,SEWIONPH3,SEWI,2028,40.414726694260935
REGION1,SEWIONPH3,SEWI,2029,40.28222884893834
REGION1,SEWIONPH3,SEWI,2030,40.03461649108343
REGION1,SEWIONPH3,SEWI,2031,39.730688543590155
REGION1,SEWIONPH3,SEWI,2032,38.847823517411214
REGION1,SEWIONPH3,SEWI,2033,35.516552116117985
REGION1,SEWIONPH3,SEWI,2034,31.276380743222653
REGION1,SEWIONPH3,SEWI,2035,26.614283039424084
REGION1,SEWIONPH3,SEWI,2036,20.452892909351547
REGION1,SEWIONPH3,SEWI,2037,14.862829643148748
REGION1,SEWIONPH3,SEWI,2038,7.908847656119692
REGION1,SEWIONPN3,SEWI,2015,5.630027367721677
REGION1,SEWIONPN3,SEWI,2016,5.630027367721677
REGION1,SEWIONPN3,SEWI,2017,5.630027367721677
REGION1,SEWIONPN3,SEWI,2018,5.630027367721677
REGION1,SEWIONPN3,SEWI,2019,5.630027367721677
REGION1,SEWIONPN3,SEWI,2020,5.630027367721677
REGION1,SEWIONPN3,SEWI,2021,5.630027367721677
REGION1,SEWIONPN3,SEWI,2022,5.630027367721677
REGION1,SEWIONPN3,SEWI,2023,5.630027367721677
REGION1,SEWIONPN3,SEWI,2024,5.630027367721677
REGION1,SEWIONPN3,SEWI,2025,5.630027367721677
REGION1,SEWIONPN3,SEWI,2026,5.630027367721677
REGION1,SEWIONPN3,SEWI,2027,5.630027367721677
REGION1,SEWIONPN3,SEWI,2028,13.348087890947173
REGION1,SEWIONPN3,SEWI,2029,26.706174490236037
REGION1,SEWIONPN3,SEWI,2030,44.431007609135655
REGION1,SEWIONPN3,SEWI,2031,56.37843448096904
REGION1,SEWIONPN3,SEWI,2032,74.10326759986866
REGION1,SEWIONPN3,SEWI,2033,91.82810071876825
REGION1,SEWIONPN3,SEWI,2034,109.55293383766787
REGION1,SEWIONPN3,SEWI,2035,127.27776695656748
REGION1,SEWIONPN3,SEWI,2036,145.0026000754671
REGION1,SEWIONPN3,SEWI,2037,162.72743319436668
REGION1,SEWIONPN3,SEWI,2038,180.4522663132663
REGION1,SEWIONPN3,SEWI,2039,198.1770994321659
REGION1,SEWIONPN3,SEWI,2040,214.70311346306872
REGION1,SEWIONPN3,SEWI,2041,236.85915486169324
REGION1,SEWIONPN3,SEWI,2042,259.01519626031774
REGION1,SEWIONPN3,SEWI,2043,281.1712376589423
REGION1,SEWIONPN3,SEWI,2044,303.3272790575668
REGION1,SEWIONPN3,SEWI,2045,325.48332045619134
REGION1,SEWIONPN3,SEWI,2046,352.07057013454073
REGION1,SEWIONPN3,SEWI,2047,378.6578198128902
REGION1,SEWIONPN3,SEWI,2048,405.2450694912396
REGION1,SEWIONPN3,SEWI,2049,436.2635274493139
REGION1,SEWIONPN3,SEWI,2050,466.79233450644324
REGION1,SEWIONPN3,SEWI,2051,486.2016885335434
REGION1,SEWIONPN3,SEWI,2052,490.85962240582455
REGION1,SEWIONPN3,SEWI,2053,494.4154963604258
REGION1,SEWIONPN3,SEWI,2054,512.0758677192111
REGION1,SEWIONPN3,SEWI,2055,514.7989751245348
REGION1,SEWIONPN3,SEWI,2056,517.4417796406265
REGION1,SEWIONPN3,SEWI,2057,519.9019004526183
REGION1,SEWIONPN3,SEWI,2058,521.5668587968611
REGION1,SEWIONPN3,SEWI,2059,531.5632536738723
REGION1,SEWIONPN3,SEWI,2060,544.8568785130469
REGION1,SEWS00X00,SEPM25,2015,0.13834584954068313
REGION1,SEWS00X00,SEPM25,2016,0.13664795420608655
REGION1,SEWS00X00,SEPM25,2017,0.13495005785696507
REGION1,SEWS00X00,SEPM25,2018,0.13325216480934848
REGION1,SEWS00X00,SEPM25,2019,0.13155500983667695
REGION1,SEWS00X00,SEPM25,2020,0.12985711468781888
REGION1,SEWS00X00,SEPM25,2021,0.1288141343443184
REGION1,SEWS00X00,SEPM25,2022,0.12777162692669203
REGION1,SEWS00X00,SEPM25,2023,0.1267286475071376
REGION1,SEWS00X00,SEPM25,2024,0.1256864364542653
REGION1,SEWS00X00,SEPM25,2025,0.12464346208453742
REGION1,SEWS00X00,SEPM25,2026,0.12468138393370239
REGION1,SEWS00X00,SEPM25,2027,0.12471928448224404
REGION1,SEWS00X00,SEPM25,2028,0.12475721434444191
REGION1,SEWS00X00,SEPM25,2029,0.12479512241963572
REGION1,SEWS00X00,SEPM25,2030,0.12483304318720054
REGION1,SEWS00X00,SEPM25,2031,0.12332026971409459
REGION1,SEWS00X00,SEPM25,2032,0.12180673718162825
REGION1,SEWS00X00,SEPM25,2033,0.12029320137788435
REGION1,SEWS00X00,SEPM25,2034,0.11877967570893802
REGION1,SEWS00X00,SEPM25,2035,0.11726687191083125
REGION1,SEWS00X00,SEPM25,2036,0.1153125164142474
REGION1,SEWS00X00,SEPM25,2037,0.11335887401018717
REGION1,SEWS00X00,SEPM25,2038,0.11140528613277924
REGION1,SEWS00X00,SEPM25,2039,0.10945168190397422
REGION1,SEWS00X00,SEPM25,2040,0.10749804467008393
REGION1,SEWS00X00,SEPM25,2041,0.10691152929724114
REGION1,SEWS00X00,SEPM25,2042,0.10632499810771187
REGION1,SEWS00X00,SEPM25,2043,0.10573919717840048
REGION1,SEWS00X00,SEPM25,2044,0.10515266584061939
REGION1,SEWS00X00,SEPM25,2045,0.10456687940192258
REGION1,SEWS00X00,SEPM25,2046,0.10322582158447911
REGION1,SEWS00X00,SEPM25,2047,0.10188471090525136
REGION1,SEWS00X00,SEPM25,2048,0.100543678574214
REGION1,SEWS00X00,SEPM25,2049,0.09920256786206288
REGION1,SEWS00X00,SEPM25,2050,0.09786154053837536
REGION1,SEWS00X00,SEPM25,2051,0.0961977968581682
REGION1,SEWS00X00,SEPM25,2052,0.09456236950104657
REGION1,SEWS00X00,SEPM25,2053,0.09295518004567604
REGION1,SEWS00X00,SEPM25,2054,0.09137473946841788
REGION1,SEWS00X00,SEPM25,2055,0.08982106652755821
REGION1,SEWS00X00,SEPM25,2056,0.08811497445542445
REGION1,SEWS00X00,SEPM25,2057,0.08644086783179965
REGION1,SEWS00X00,SEPM25,2058,0.08479800900754406
REGION1,SEWS00X00,SEPM25,2059,0.0831870723462249
REGION1,SEWS00X00,SEPM25,2060,0.08160664655276087
