REGION,FUEL,TIMESLICE,YEAR,VALUE
REGION1,DKE2,S01B1,2015,0.036948406
REGION1,DKE2,S01B1,2016,0.036948406
REGION1,DKE2,S01B1,2017,0.036948406
REGION1,DKE2,S01B1,2018,0.036948406
REGION1,DKE2,S01B1,2019,0.036948406
REGION1,DKE2,S01B1,2020,0.036948406
REGION1,DKE2,S01B1,2021,0.036948406
REGION1,DKE2,S01B1,2022,0.036948406
REGION1,DKE2,S01B1,2023,0.036948406
REGION1,DKE2,S01B1,2024,0.036948406
REGION1,DKE2,S01B1,2025,0.036948406
REGION1,DKE2,S01B1,2026,0.036948406
REGION1,DKE2,S01B1,2027,0.036948406
REGION1,DKE2,S01B1,2028,0.036948406
REGION1,DKE2,S01B1,2029,0.036948406
REGION1,DKE2,S01B1,2030,0.036948406
REGION1,DKE2,S01B1,2031,0.036948406
REGION1,DKE2,S01B1,2032,0.036948406
REGION1,DKE2,S01B1,2033,0.036948406
REGION1,DKE2,S01B1,2034,0.036948406
REGION1,DKE2,S01B1,2035,0.036948406
REGION1,DKE2,S01B1,2036,0.036948406
REGION1,DKE2,S01B1,2037,0.036948406
REGION1,DKE2,S01B1,2038,0.036948406
REGION1,DKE2,S01B1,2039,0.036948406
REGION1,DKE2,S01B1,2040,0.036948406
REGION1,DKE2,S01B1,2041,0.036948406
REGION1,DKE2,S01B1,2042,0.036948406
REGION1,DKE2,S01B1,2043,0.036948406
REGION1,DKE2,S01B1,2044,0.036948406
REGION1,DKE2,S01B1,2045,0.036948406
REGION1,DKE2,S01B1,2046,0.036948406
REGION1,DKE2,S01B1,2047,0.036948406
REGION1,DKE2,S01B1,2048,0.036948406
REGION1,DKE2,S01B1,2049,0.036948406
REGION1,DKE2,S01B1,2050,0.036948406
REGION1,DKE2,S01B1,2051,0.036948406
REGION1,DKE2,S01B1,2052,0.036948406
REGION1,DKE2,S01B1,2053,0.036948406
REGION1,DKE2,S01B1,2054,0.036948406
REGION1,DKE2,S01B1,2055,0.036948406
REGION1,DKE2,S01B1,2056,0.036948406
REGION1,DKE2,S01B1,2057,0.036948406
REGION1,DKE2,S01B1,2058,0.036948406
REGION1,DKE2,S01B1,2059,0.036948406
REGION1,DKE2,S01B1,2060,0.036948406
REGION1,DKE2,S01B2,2015,0.134447827
REGION1,DKE2,S01B2,2016,0.134447827
REGION1,DKE2,S01B2,2017,0.134447827
REGION1,DKE2,S01B2,2018,0.134447827
REGION1,DKE2,S01B2,2019,0.134447827
REGION1,DKE2,S01B2,2020,0.134447827
REGION1,DKE2,S01B2,2021,0.134447827
REGION1,DKE2,S01B2,2022,0.134447827
REGION1,DKE2,S01B2,2023,0.134447827
REGION1,DKE2,S01B2,2024,0.134447827
REGION1,DKE2,S01B2,2025,0.134447827
REGION1,DKE2,S01B2,2026,0.134447827
REGION1,DKE2,S01B2,2027,0.134447827
REGION1,DKE2,S01B2,2028,0.134447827
REGION1,DKE2,S01B2,2029,0.134447827
REGION1,DKE2,S01B2,2030,0.134447827
REGION1,DKE2,S01B2,2031,0.134447827
REGION1,DKE2,S01B2,2032,0.134447827
REGION1,DKE2,S01B2,2033,0.134447827
REGION1,DKE2,S01B2,2034,0.134447827
REGION1,DKE2,S01B2,2035,0.134447827
REGION1,DKE2,S01B2,2036,0.134447827
REGION1,DKE2,S01B2,2037,0.134447827
REGION1,DKE2,S01B2,2038,0.134447827
REGION1,DKE2,S01B2,2039,0.134447827
REGION1,DKE2,S01B2,2040,0.134447827
REGION1,DKE2,S01B2,2041,0.134447827
REGION1,DKE2,S01B2,2042,0.134447827
REGION1,DKE2,S01B2,2043,0.134447827
REGION1,DKE2,S01B2,2044,0.134447827
REGION1,DKE2,S01B2,2045,0.134447827
REGION1,DKE2,S01B2,2046,0.134447827
REGION1,DKE2,S01B2,2047,0.134447827
REGION1,DKE2,S01B2,2048,0.134447827
REGION1,DKE2,S01B2,2049,0.134447827
REGION1,DKE2,S01B2,2050,0.134447827
REGION1,DKE2,S01B2,2051,0.134447827
REGION1,DKE2,S01B2,2052,0.134447827
REGION1,DKE2,S01B2,2053,0.134447827
REGION1,DKE2,S01B2,2054,0.134447827
REGION1,DKE2,S01B2,2055,0.134447827
REGION1,DKE2,S01B2,2056,0.134447827
REGION1,DKE2,S01B2,2057,0.134447827
REGION1,DKE2,S01B2,2058,0.134447827
REGION1,DKE2,S01B2,2059,0.134447827
REGION1,DKE2,S01B2,2060,0.134447827
REGION1,DKE2,S01B3,2015,0.021899204
REGION1,DKE2,S01B3,2016,0.021899204
REGION1,DKE2,S01B3,2017,0.021899204
REGION1,DKE2,S01B3,2018,0.021899204
REGION1,DKE2,S01B3,2019,0.021899204
REGION1,DKE2,S01B3,2020,0.021899204
REGION1,DKE2,S01B3,2021,0.021899204
REGION1,DKE2,S01B3,2022,0.021899204
REGION1,DKE2,S01B3,2023,0.021899204
REGION1,DKE2,S01B3,2024,0.021899204
REGION1,DKE2,S01B3,2025,0.021899204
REGION1,DKE2,S01B3,2026,0.021899204
REGION1,DKE2,S01B3,2027,0.021899204
REGION1,DKE2,S01B3,2028,0.021899204
REGION1,DKE2,S01B3,2029,0.021899204
REGION1,DKE2,S01B3,2030,0.021899204
REGION1,DKE2,S01B3,2031,0.021899204
REGION1,DKE2,S01B3,2032,0.021899204
REGION1,DKE2,S01B3,2033,0.021899204
REGION1,DKE2,S01B3,2034,0.021899204
REGION1,DKE2,S01B3,2035,0.021899204
REGION1,DKE2,S01B3,2036,0.021899204
REGION1,DKE2,S01B3,2037,0.021899204
REGION1,DKE2,S01B3,2038,0.021899204
REGION1,DKE2,S01B3,2039,0.021899204
REGION1,DKE2,S01B3,2040,0.021899204
REGION1,DKE2,S01B3,2041,0.021899204
REGION1,DKE2,S01B3,2042,0.021899204
REGION1,DKE2,S01B3,2043,0.021899204
REGION1,DKE2,S01B3,2044,0.021899204
REGION1,DKE2,S01B3,2045,0.021899204
REGION1,DKE2,S01B3,2046,0.021899204
REGION1,DKE2,S01B3,2047,0.021899204
REGION1,DKE2,S01B3,2048,0.021899204
REGION1,DKE2,S01B3,2049,0.021899204
REGION1,DKE2,S01B3,2050,0.021899204
REGION1,DKE2,S01B3,2051,0.021899204
REGION1,DKE2,S01B3,2052,0.021899204
REGION1,DKE2,S01B3,2053,0.021899204
REGION1,DKE2,S01B3,2054,0.021899204
REGION1,DKE2,S01B3,2055,0.021899204
REGION1,DKE2,S01B3,2056,0.021899204
REGION1,DKE2,S01B3,2057,0.021899204
REGION1,DKE2,S01B3,2058,0.021899204
REGION1,DKE2,S01B3,2059,0.021899204
REGION1,DKE2,S01B3,2060,0.021899204
REGION1,DKE2,S02B1,2015,0.019727216
REGION1,DKE2,S02B1,2016,0.019727216
REGION1,DKE2,S02B1,2017,0.019727216
REGION1,DKE2,S02B1,2018,0.019727216
REGION1,DKE2,S02B1,2019,0.019727216
REGION1,DKE2,S02B1,2020,0.019727216
REGION1,DKE2,S02B1,2021,0.019727216
REGION1,DKE2,S02B1,2022,0.019727216
REGION1,DKE2,S02B1,2023,0.019727216
REGION1,DKE2,S02B1,2024,0.019727216
REGION1,DKE2,S02B1,2025,0.019727216
REGION1,DKE2,S02B1,2026,0.019727216
REGION1,DKE2,S02B1,2027,0.019727216
REGION1,DKE2,S02B1,2028,0.019727216
REGION1,DKE2,S02B1,2029,0.019727216
REGION1,DKE2,S02B1,2030,0.019727216
REGION1,DKE2,S02B1,2031,0.019727216
REGION1,DKE2,S02B1,2032,0.019727216
REGION1,DKE2,S02B1,2033,0.019727216
REGION1,DKE2,S02B1,2034,0.019727216
REGION1,DKE2,S02B1,2035,0.019727216
REGION1,DKE2,S02B1,2036,0.019727216
REGION1,DKE2,S02B1,2037,0.019727216
REGION1,DKE2,S02B1,2038,0.019727216
REGION1,DKE2,S02B1,2039,0.019727216
REGION1,DKE2,S02B1,2040,0.019727216
REGION1,DKE2,S02B1,2041,0.019727216
REGION1,DKE2,S02B1,2042,0.019727216
REGION1,DKE2,S02B1,2043,0.019727216
REGION1,DKE2,S02B1,2044,0.019727216
REGION1,DKE2,S02B1,2045,0.019727216
REGION1,DKE2,S02B1,2046,0.019727216
REGION1,DKE2,S02B1,2047,0.019727216
REGION1,DKE2,S02B1,2048,0.019727216
REGION1,DKE2,S02B1,2049,0.019727216
REGION1,DKE2,S02B1,2050,0.019727216
REGION1,DKE2,S02B1,2051,0.019727216
REGION1,DKE2,S02B1,2052,0.019727216
REGION1,DKE2,S02B1,2053,0.019727216
REGION1,DKE2,S02B1,2054,0.019727216
REGION1,DKE2,S02B1,2055,0.019727216
REGION1,DKE2,S02B1,2056,0.019727216
REGION1,DKE2,S02B1,2057,0.019727216
REGION1,DKE2,S02B1,2058,0.019727216
REGION1,DKE2,S02B1,2059,0.019727216
REGION1,DKE2,S02B1,2060,0.019727216
REGION1,DKE2,S02B2,2015,0.073590079
REGION1,DKE2,S02B2,2016,0.073590079
REGION1,DKE2,S02B2,2017,0.073590079
REGION1,DKE2,S02B2,2018,0.073590079
REGION1,DKE2,S02B2,2019,0.073590079
REGION1,DKE2,S02B2,2020,0.073590079
REGION1,DKE2,S02B2,2021,0.073590079
REGION1,DKE2,S02B2,2022,0.073590079
REGION1,DKE2,S02B2,2023,0.073590079
REGION1,DKE2,S02B2,2024,0.073590079
REGION1,DKE2,S02B2,2025,0.073590079
REGION1,DKE2,S02B2,2026,0.073590079
REGION1,DKE2,S02B2,2027,0.073590079
REGION1,DKE2,S02B2,2028,0.073590079
REGION1,DKE2,S02B2,2029,0.073590079
REGION1,DKE2,S02B2,2030,0.073590079
REGION1,DKE2,S02B2,2031,0.073590079
REGION1,DKE2,S02B2,2032,0.073590079
REGION1,DKE2,S02B2,2033,0.073590079
REGION1,DKE2,S02B2,2034,0.073590079
REGION1,DKE2,S02B2,2035,0.073590079
REGION1,DKE2,S02B2,2036,0.073590079
REGION1,DKE2,S02B2,2037,0.073590079
REGION1,DKE2,S02B2,2038,0.073590079
REGION1,DKE2,S02B2,2039,0.073590079
REGION1,DKE2,S02B2,2040,0.073590079
REGION1,DKE2,S02B2,2041,0.073590079
REGION1,DKE2,S02B2,2042,0.073590079
REGION1,DKE2,S02B2,2043,0.073590079
REGION1,DKE2,S02B2,2044,0.073590079
REGION1,DKE2,S02B2,2045,0.073590079
REGION1,DKE2,S02B2,2046,0.073590079
REGION1,DKE2,S02B2,2047,0.073590079
REGION1,DKE2,S02B2,2048,0.073590079
REGION1,DKE2,S02B2,2049,0.073590079
REGION1,DKE2,S02B2,2050,0.073590079
REGION1,DKE2,S02B2,2051,0.073590079
REGION1,DKE2,S02B2,2052,0.073590079
REGION1,DKE2,S02B2,2053,0.073590079
REGION1,DKE2,S02B2,2054,0.073590079
REGION1,DKE2,S02B2,2055,0.073590079
REGION1,DKE2,S02B2,2056,0.073590079
REGION1,DKE2,S02B2,2057,0.073590079
REGION1,DKE2,S02B2,2058,0.073590079
REGION1,DKE2,S02B2,2059,0.073590079
REGION1,DKE2,S02B2,2060,0.073590079
REGION1,DKE2,S02B3,2015,0.007564934
REGION1,DKE2,S02B3,2016,0.007564934
REGION1,DKE2,S02B3,2017,0.007564934
REGION1,DKE2,S02B3,2018,0.007564934
REGION1,DKE2,S02B3,2019,0.007564934
REGION1,DKE2,S02B3,2020,0.007564934
REGION1,DKE2,S02B3,2021,0.007564934
REGION1,DKE2,S02B3,2022,0.007564934
REGION1,DKE2,S02B3,2023,0.007564934
REGION1,DKE2,S02B3,2024,0.007564934
REGION1,DKE2,S02B3,2025,0.007564934
REGION1,DKE2,S02B3,2026,0.007564934
REGION1,DKE2,S02B3,2027,0.007564934
REGION1,DKE2,S02B3,2028,0.007564934
REGION1,DKE2,S02B3,2029,0.007564934
REGION1,DKE2,S02B3,2030,0.007564934
REGION1,DKE2,S02B3,2031,0.007564934
REGION1,DKE2,S02B3,2032,0.007564934
REGION1,DKE2,S02B3,2033,0.007564934
REGION1,DKE2,S02B3,2034,0.007564934
REGION1,DKE2,S02B3,2035,0.007564934
REGION1,DKE2,S02B3,2036,0.007564934
REGION1,DKE2,S02B3,2037,0.007564934
REGION1,DKE2,S02B3,2038,0.007564934
REGION1,DKE2,S02B3,2039,0.007564934
REGION1,DKE2,S02B3,2040,0.007564934
REGION1,DKE2,S02B3,2041,0.007564934
REGION1,DKE2,S02B3,2042,0.007564934
REGION1,DKE2,S02B3,2043,0.007564934
REGION1,DKE2,S02B3,2044,0.007564934
REGION1,DKE2,S02B3,2045,0.007564934
REGION1,DKE2,S02B3,2046,0.007564934
REGION1,DKE2,S02B3,2047,0.007564934
REGION1,DKE2,S02B3,2048,0.007564934
REGION1,DKE2,S02B3,2049,0.007564934
REGION1,DKE2,S02B3,2050,0.007564934
REGION1,DKE2,S02B3,2051,0.007564934
REGION1,DKE2,S02B3,2052,0.007564934
REGION1,DKE2,S02B3,2053,0.007564934
REGION1,DKE2,S02B3,2054,0.007564934
REGION1,DKE2,S02B3,2055,0.007564934
REGION1,DKE2,S02B3,2056,0.007564934
REGION1,DKE2,S02B3,2057,0.007564934
REGION1,DKE2,S02B3,2058,0.007564934
REGION1,DKE2,S02B3,2059,0.007564934
REGION1,DKE2,S02B3,2060,0.007564934
REGION1,DKE2,S03B1,2015,0.075530999
REGION1,DKE2,S03B1,2016,0.075530999
REGION1,DKE2,S03B1,2017,0.075530999
REGION1,DKE2,S03B1,2018,0.075530999
REGION1,DKE2,S03B1,2019,0.075530999
REGION1,DKE2,S03B1,2020,0.075530999
REGION1,DKE2,S03B1,2021,0.075530999
REGION1,DKE2,S03B1,2022,0.075530999
REGION1,DKE2,S03B1,2023,0.075530999
REGION1,DKE2,S03B1,2024,0.075530999
REGION1,DKE2,S03B1,2025,0.075530999
REGION1,DKE2,S03B1,2026,0.075530999
REGION1,DKE2,S03B1,2027,0.075530999
REGION1,DKE2,S03B1,2028,0.075530999
REGION1,DKE2,S03B1,2029,0.075530999
REGION1,DKE2,S03B1,2030,0.075530999
REGION1,DKE2,S03B1,2031,0.075530999
REGION1,DKE2,S03B1,2032,0.075530999
REGION1,DKE2,S03B1,2033,0.075530999
REGION1,DKE2,S03B1,2034,0.075530999
REGION1,DKE2,S03B1,2035,0.075530999
REGION1,DKE2,S03B1,2036,0.075530999
REGION1,DKE2,S03B1,2037,0.075530999
REGION1,DKE2,S03B1,2038,0.075530999
REGION1,DKE2,S03B1,2039,0.075530999
REGION1,DKE2,S03B1,2040,0.075530999
REGION1,DKE2,S03B1,2041,0.075530999
REGION1,DKE2,S03B1,2042,0.075530999
REGION1,DKE2,S03B1,2043,0.075530999
REGION1,DKE2,S03B1,2044,0.075530999
REGION1,DKE2,S03B1,2045,0.075530999
REGION1,DKE2,S03B1,2046,0.075530999
REGION1,DKE2,S03B1,2047,0.075530999
REGION1,DKE2,S03B1,2048,0.075530999
REGION1,DKE2,S03B1,2049,0.075530999
REGION1,DKE2,S03B1,2050,0.075530999
REGION1,DKE2,S03B1,2051,0.075530999
REGION1,DKE2,S03B1,2052,0.075530999
REGION1,DKE2,S03B1,2053,0.075530999
REGION1,DKE2,S03B1,2054,0.075530999
REGION1,DKE2,S03B1,2055,0.075530999
REGION1,DKE2,S03B1,2056,0.075530999
REGION1,DKE2,S03B1,2057,0.075530999
REGION1,DKE2,S03B1,2058,0.075530999
REGION1,DKE2,S03B1,2059,0.075530999
REGION1,DKE2,S03B1,2060,0.075530999
REGION1,DKE2,S03B2,2015,0.341793254
REGION1,DKE2,S03B2,2016,0.341793254
REGION1,DKE2,S03B2,2017,0.341793254
REGION1,DKE2,S03B2,2018,0.341793254
REGION1,DKE2,S03B2,2019,0.341793254
REGION1,DKE2,S03B2,2020,0.341793254
REGION1,DKE2,S03B2,2021,0.341793254
REGION1,DKE2,S03B2,2022,0.341793254
REGION1,DKE2,S03B2,2023,0.341793254
REGION1,DKE2,S03B2,2024,0.341793254
REGION1,DKE2,S03B2,2025,0.341793254
REGION1,DKE2,S03B2,2026,0.341793254
REGION1,DKE2,S03B2,2027,0.341793254
REGION1,DKE2,S03B2,2028,0.341793254
REGION1,DKE2,S03B2,2029,0.341793254
REGION1,DKE2,S03B2,2030,0.341793254
REGION1,DKE2,S03B2,2031,0.341793254
REGION1,DKE2,S03B2,2032,0.341793254
REGION1,DKE2,S03B2,2033,0.341793254
REGION1,DKE2,S03B2,2034,0.341793254
REGION1,DKE2,S03B2,2035,0.341793254
REGION1,DKE2,S03B2,2036,0.341793254
REGION1,DKE2,S03B2,2037,0.341793254
REGION1,DKE2,S03B2,2038,0.341793254
REGION1,DKE2,S03B2,2039,0.341793254
REGION1,DKE2,S03B2,2040,0.341793254
REGION1,DKE2,S03B2,2041,0.341793254
REGION1,DKE2,S03B2,2042,0.341793254
REGION1,DKE2,S03B2,2043,0.341793254
REGION1,DKE2,S03B2,2044,0.341793254
REGION1,DKE2,S03B2,2045,0.341793254
REGION1,DKE2,S03B2,2046,0.341793254
REGION1,DKE2,S03B2,2047,0.341793254
REGION1,DKE2,S03B2,2048,0.341793254
REGION1,DKE2,S03B2,2049,0.341793254
REGION1,DKE2,S03B2,2050,0.341793254
REGION1,DKE2,S03B2,2051,0.341793254
REGION1,DKE2,S03B2,2052,0.341793254
REGION1,DKE2,S03B2,2053,0.341793254
REGION1,DKE2,S03B2,2054,0.341793254
REGION1,DKE2,S03B2,2055,0.341793254
REGION1,DKE2,S03B2,2056,0.341793254
REGION1,DKE2,S03B2,2057,0.341793254
REGION1,DKE2,S03B2,2058,0.341793254
REGION1,DKE2,S03B2,2059,0.341793254
REGION1,DKE2,S03B2,2060,0.341793254
REGION1,DKE2,S03B3,2015,0.0550981
REGION1,DKE2,S03B3,2016,0.0550981
REGION1,DKE2,S03B3,2017,0.0550981
REGION1,DKE2,S03B3,2018,0.0550981
REGION1,DKE2,S03B3,2019,0.0550981
REGION1,DKE2,S03B3,2020,0.0550981
REGION1,DKE2,S03B3,2021,0.0550981
REGION1,DKE2,S03B3,2022,0.0550981
REGION1,DKE2,S03B3,2023,0.0550981
REGION1,DKE2,S03B3,2024,0.0550981
REGION1,DKE2,S03B3,2025,0.0550981
REGION1,DKE2,S03B3,2026,0.0550981
REGION1,DKE2,S03B3,2027,0.0550981
REGION1,DKE2,S03B3,2028,0.0550981
REGION1,DKE2,S03B3,2029,0.0550981
REGION1,DKE2,S03B3,2030,0.0550981
REGION1,DKE2,S03B3,2031,0.0550981
REGION1,DKE2,S03B3,2032,0.0550981
REGION1,DKE2,S03B3,2033,0.0550981
REGION1,DKE2,S03B3,2034,0.0550981
REGION1,DKE2,S03B3,2035,0.0550981
REGION1,DKE2,S03B3,2036,0.0550981
REGION1,DKE2,S03B3,2037,0.0550981
REGION1,DKE2,S03B3,2038,0.0550981
REGION1,DKE2,S03B3,2039,0.0550981
REGION1,DKE2,S03B3,2040,0.0550981
REGION1,DKE2,S03B3,2041,0.0550981
REGION1,DKE2,S03B3,2042,0.0550981
REGION1,DKE2,S03B3,2043,0.0550981
REGION1,DKE2,S03B3,2044,0.0550981
REGION1,DKE2,S03B3,2045,0.0550981
REGION1,DKE2,S03B3,2046,0.0550981
REGION1,DKE2,S03B3,2047,0.0550981
REGION1,DKE2,S03B3,2048,0.0550981
REGION1,DKE2,S03B3,2049,0.0550981
REGION1,DKE2,S03B3,2050,0.0550981
REGION1,DKE2,S03B3,2051,0.0550981
REGION1,DKE2,S03B3,2052,0.0550981
REGION1,DKE2,S03B3,2053,0.0550981
REGION1,DKE2,S03B3,2054,0.0550981
REGION1,DKE2,S03B3,2055,0.0550981
REGION1,DKE2,S03B3,2056,0.0550981
REGION1,DKE2,S03B3,2057,0.0550981
REGION1,DKE2,S03B3,2058,0.0550981
REGION1,DKE2,S03B3,2059,0.0550981
REGION1,DKE2,S03B3,2060,0.0550981
REGION1,DKE2,S04B1,2015,0.021551843
REGION1,DKE2,S04B1,2016,0.021551843
REGION1,DKE2,S04B1,2017,0.021551843
REGION1,DKE2,S04B1,2018,0.021551843
REGION1,DKE2,S04B1,2019,0.021551843
REGION1,DKE2,S04B1,2020,0.021551843
REGION1,DKE2,S04B1,2021,0.021551843
REGION1,DKE2,S04B1,2022,0.021551843
REGION1,DKE2,S04B1,2023,0.021551843
REGION1,DKE2,S04B1,2024,0.021551843
REGION1,DKE2,S04B1,2025,0.021551843
REGION1,DKE2,S04B1,2026,0.021551843
REGION1,DKE2,S04B1,2027,0.021551843
REGION1,DKE2,S04B1,2028,0.021551843
REGION1,DKE2,S04B1,2029,0.021551843
REGION1,DKE2,S04B1,2030,0.021551843
REGION1,DKE2,S04B1,2031,0.021551843
REGION1,DKE2,S04B1,2032,0.021551843
REGION1,DKE2,S04B1,2033,0.021551843
REGION1,DKE2,S04B1,2034,0.021551843
REGION1,DKE2,S04B1,2035,0.021551843
REGION1,DKE2,S04B1,2036,0.021551843
REGION1,DKE2,S04B1,2037,0.021551843
REGION1,DKE2,S04B1,2038,0.021551843
REGION1,DKE2,S04B1,2039,0.021551843
REGION1,DKE2,S04B1,2040,0.021551843
REGION1,DKE2,S04B1,2041,0.021551843
REGION1,DKE2,S04B1,2042,0.021551843
REGION1,DKE2,S04B1,2043,0.021551843
REGION1,DKE2,S04B1,2044,0.021551843
REGION1,DKE2,S04B1,2045,0.021551843
REGION1,DKE2,S04B1,2046,0.021551843
REGION1,DKE2,S04B1,2047,0.021551843
REGION1,DKE2,S04B1,2048,0.021551843
REGION1,DKE2,S04B1,2049,0.021551843
REGION1,DKE2,S04B1,2050,0.021551843
REGION1,DKE2,S04B1,2051,0.021551843
REGION1,DKE2,S04B1,2052,0.021551843
REGION1,DKE2,S04B1,2053,0.021551843
REGION1,DKE2,S04B1,2054,0.021551843
REGION1,DKE2,S04B1,2055,0.021551843
REGION1,DKE2,S04B1,2056,0.021551843
REGION1,DKE2,S04B1,2057,0.021551843
REGION1,DKE2,S04B1,2058,0.021551843
REGION1,DKE2,S04B1,2059,0.021551843
REGION1,DKE2,S04B1,2060,0.021551843
REGION1,DKE2,S04B2,2015,0.080879438
REGION1,DKE2,S04B2,2016,0.080879438
REGION1,DKE2,S04B2,2017,0.080879438
REGION1,DKE2,S04B2,2018,0.080879438
REGION1,DKE2,S04B2,2019,0.080879438
REGION1,DKE2,S04B2,2020,0.080879438
REGION1,DKE2,S04B2,2021,0.080879438
REGION1,DKE2,S04B2,2022,0.080879438
REGION1,DKE2,S04B2,2023,0.080879438
REGION1,DKE2,S04B2,2024,0.080879438
REGION1,DKE2,S04B2,2025,0.080879438
REGION1,DKE2,S04B2,2026,0.080879438
REGION1,DKE2,S04B2,2027,0.080879438
REGION1,DKE2,S04B2,2028,0.080879438
REGION1,DKE2,S04B2,2029,0.080879438
REGION1,DKE2,S04B2,2030,0.080879438
REGION1,DKE2,S04B2,2031,0.080879438
REGION1,DKE2,S04B2,2032,0.080879438
REGION1,DKE2,S04B2,2033,0.080879438
REGION1,DKE2,S04B2,2034,0.080879438
REGION1,DKE2,S04B2,2035,0.080879438
REGION1,DKE2,S04B2,2036,0.080879438
REGION1,DKE2,S04B2,2037,0.080879438
REGION1,DKE2,S04B2,2038,0.080879438
REGION1,DKE2,S04B2,2039,0.080879438
REGION1,DKE2,S04B2,2040,0.080879438
REGION1,DKE2,S04B2,2041,0.080879438
REGION1,DKE2,S04B2,2042,0.080879438
REGION1,DKE2,S04B2,2043,0.080879438
REGION1,DKE2,S04B2,2044,0.080879438
REGION1,DKE2,S04B2,2045,0.080879438
REGION1,DKE2,S04B2,2046,0.080879438
REGION1,DKE2,S04B2,2047,0.080879438
REGION1,DKE2,S04B2,2048,0.080879438
REGION1,DKE2,S04B2,2049,0.080879438
REGION1,DKE2,S04B2,2050,0.080879438
REGION1,DKE2,S04B2,2051,0.080879438
REGION1,DKE2,S04B2,2052,0.080879438
REGION1,DKE2,S04B2,2053,0.080879438
REGION1,DKE2,S04B2,2054,0.080879438
REGION1,DKE2,S04B2,2055,0.080879438
REGION1,DKE2,S04B2,2056,0.080879438
REGION1,DKE2,S04B2,2057,0.080879438
REGION1,DKE2,S04B2,2058,0.080879438
REGION1,DKE2,S04B2,2059,0.080879438
REGION1,DKE2,S04B2,2060,0.080879438
REGION1,DKE2,S04B3,2015,0.012722742
REGION1,DKE2,S04B3,2016,0.012722742
REGION1,DKE2,S04B3,2017,0.012722742
REGION1,DKE2,S04B3,2018,0.012722742
REGION1,DKE2,S04B3,2019,0.012722742
REGION1,DKE2,S04B3,2020,0.012722742
REGION1,DKE2,S04B3,2021,0.012722742
REGION1,DKE2,S04B3,2022,0.012722742
REGION1,DKE2,S04B3,2023,0.012722742
REGION1,DKE2,S04B3,2024,0.012722742
REGION1,DKE2,S04B3,2025,0.012722742
REGION1,DKE2,S04B3,2026,0.012722742
REGION1,DKE2,S04B3,2027,0.012722742
REGION1,DKE2,S04B3,2028,0.012722742
REGION1,DKE2,S04B3,2029,0.012722742
REGION1,DKE2,S04B3,2030,0.012722742
REGION1,DKE2,S04B3,2031,0.012722742
REGION1,DKE2,S04B3,2032,0.012722742
REGION1,DKE2,S04B3,2033,0.012722742
REGION1,DKE2,S04B3,2034,0.012722742
REGION1,DKE2,S04B3,2035,0.012722742
REGION1,DKE2,S04B3,2036,0.012722742
REGION1,DKE2,S04B3,2037,0.012722742
REGION1,DKE2,S04B3,2038,0.012722742
REGION1,DKE2,S04B3,2039,0.012722742
REGION1,DKE2,S04B3,2040,0.012722742
REGION1,DKE2,S04B3,2041,0.012722742
REGION1,DKE2,S04B3,2042,0.012722742
REGION1,DKE2,S04B3,2043,0.012722742
REGION1,DKE2,S04B3,2044,0.012722742
REGION1,DKE2,S04B3,2045,0.012722742
REGION1,DKE2,S04B3,2046,0.012722742
REGION1,DKE2,S04B3,2047,0.012722742
REGION1,DKE2,S04B3,2048,0.012722742
REGION1,DKE2,S04B3,2049,0.012722742
REGION1,DKE2,S04B3,2050,0.012722742
REGION1,DKE2,S04B3,2051,0.012722742
REGION1,DKE2,S04B3,2052,0.012722742
REGION1,DKE2,S04B3,2053,0.012722742
REGION1,DKE2,S04B3,2054,0.012722742
REGION1,DKE2,S04B3,2055,0.012722742
REGION1,DKE2,S04B3,2056,0.012722742
REGION1,DKE2,S04B3,2057,0.012722742
REGION1,DKE2,S04B3,2058,0.012722742
REGION1,DKE2,S04B3,2059,0.012722742
REGION1,DKE2,S04B3,2060,0.012722742
REGION1,DKE2,S05B1,2015,0.022359863
REGION1,DKE2,S05B1,2016,0.022359863
REGION1,DKE2,S05B1,2017,0.022359863
REGION1,DKE2,S05B1,2018,0.022359863
REGION1,DKE2,S05B1,2019,0.022359863
REGION1,DKE2,S05B1,2020,0.022359863
REGION1,DKE2,S05B1,2021,0.022359863
REGION1,DKE2,S05B1,2022,0.022359863
REGION1,DKE2,S05B1,2023,0.022359863
REGION1,DKE2,S05B1,2024,0.022359863
REGION1,DKE2,S05B1,2025,0.022359863
REGION1,DKE2,S05B1,2026,0.022359863
REGION1,DKE2,S05B1,2027,0.022359863
REGION1,DKE2,S05B1,2028,0.022359863
REGION1,DKE2,S05B1,2029,0.022359863
REGION1,DKE2,S05B1,2030,0.022359863
REGION1,DKE2,S05B1,2031,0.022359863
REGION1,DKE2,S05B1,2032,0.022359863
REGION1,DKE2,S05B1,2033,0.022359863
REGION1,DKE2,S05B1,2034,0.022359863
REGION1,DKE2,S05B1,2035,0.022359863
REGION1,DKE2,S05B1,2036,0.022359863
REGION1,DKE2,S05B1,2037,0.022359863
REGION1,DKE2,S05B1,2038,0.022359863
REGION1,DKE2,S05B1,2039,0.022359863
REGION1,DKE2,S05B1,2040,0.022359863
REGION1,DKE2,S05B1,2041,0.022359863
REGION1,DKE2,S05B1,2042,0.022359863
REGION1,DKE2,S05B1,2043,0.022359863
REGION1,DKE2,S05B1,2044,0.022359863
REGION1,DKE2,S05B1,2045,0.022359863
REGION1,DKE2,S05B1,2046,0.022359863
REGION1,DKE2,S05B1,2047,0.022359863
REGION1,DKE2,S05B1,2048,0.022359863
REGION1,DKE2,S05B1,2049,0.022359863
REGION1,DKE2,S05B1,2050,0.022359863
REGION1,DKE2,S05B1,2051,0.022359863
REGION1,DKE2,S05B1,2052,0.022359863
REGION1,DKE2,S05B1,2053,0.022359863
REGION1,DKE2,S05B1,2054,0.022359863
REGION1,DKE2,S05B1,2055,0.022359863
REGION1,DKE2,S05B1,2056,0.022359863
REGION1,DKE2,S05B1,2057,0.022359863
REGION1,DKE2,S05B1,2058,0.022359863
REGION1,DKE2,S05B1,2059,0.022359863
REGION1,DKE2,S05B1,2060,0.022359863
REGION1,DKE2,S05B2,2015,0.082371972
REGION1,DKE2,S05B2,2016,0.082371972
REGION1,DKE2,S05B2,2017,0.082371972
REGION1,DKE2,S05B2,2018,0.082371972
REGION1,DKE2,S05B2,2019,0.082371972
REGION1,DKE2,S05B2,2020,0.082371972
REGION1,DKE2,S05B2,2021,0.082371972
REGION1,DKE2,S05B2,2022,0.082371972
REGION1,DKE2,S05B2,2023,0.082371972
REGION1,DKE2,S05B2,2024,0.082371972
REGION1,DKE2,S05B2,2025,0.082371972
REGION1,DKE2,S05B2,2026,0.082371972
REGION1,DKE2,S05B2,2027,0.082371972
REGION1,DKE2,S05B2,2028,0.082371972
REGION1,DKE2,S05B2,2029,0.082371972
REGION1,DKE2,S05B2,2030,0.082371972
REGION1,DKE2,S05B2,2031,0.082371972
REGION1,DKE2,S05B2,2032,0.082371972
REGION1,DKE2,S05B2,2033,0.082371972
REGION1,DKE2,S05B2,2034,0.082371972
REGION1,DKE2,S05B2,2035,0.082371972
REGION1,DKE2,S05B2,2036,0.082371972
REGION1,DKE2,S05B2,2037,0.082371972
REGION1,DKE2,S05B2,2038,0.082371972
REGION1,DKE2,S05B2,2039,0.082371972
REGION1,DKE2,S05B2,2040,0.082371972
REGION1,DKE2,S05B2,2041,0.082371972
REGION1,DKE2,S05B2,2042,0.082371972
REGION1,DKE2,S05B2,2043,0.082371972
REGION1,DKE2,S05B2,2044,0.082371972
REGION1,DKE2,S05B2,2045,0.082371972
REGION1,DKE2,S05B2,2046,0.082371972
REGION1,DKE2,S05B2,2047,0.082371972
REGION1,DKE2,S05B2,2048,0.082371972
REGION1,DKE2,S05B2,2049,0.082371972
REGION1,DKE2,S05B2,2050,0.082371972
REGION1,DKE2,S05B2,2051,0.082371972
REGION1,DKE2,S05B2,2052,0.082371972
REGION1,DKE2,S05B2,2053,0.082371972
REGION1,DKE2,S05B2,2054,0.082371972
REGION1,DKE2,S05B2,2055,0.082371972
REGION1,DKE2,S05B2,2056,0.082371972
REGION1,DKE2,S05B2,2057,0.082371972
REGION1,DKE2,S05B2,2058,0.082371972
REGION1,DKE2,S05B2,2059,0.082371972
REGION1,DKE2,S05B2,2060,0.082371972
REGION1,DKE2,S05B3,2015,0.013514122
REGION1,DKE2,S05B3,2016,0.013514122
REGION1,DKE2,S05B3,2017,0.013514122
REGION1,DKE2,S05B3,2018,0.013514122
REGION1,DKE2,S05B3,2019,0.013514122
REGION1,DKE2,S05B3,2020,0.013514122
REGION1,DKE2,S05B3,2021,0.013514122
REGION1,DKE2,S05B3,2022,0.013514122
REGION1,DKE2,S05B3,2023,0.013514122
REGION1,DKE2,S05B3,2024,0.013514122
REGION1,DKE2,S05B3,2025,0.013514122
REGION1,DKE2,S05B3,2026,0.013514122
REGION1,DKE2,S05B3,2027,0.013514122
REGION1,DKE2,S05B3,2028,0.013514122
REGION1,DKE2,S05B3,2029,0.013514122
REGION1,DKE2,S05B3,2030,0.013514122
REGION1,DKE2,S05B3,2031,0.013514122
REGION1,DKE2,S05B3,2032,0.013514122
REGION1,DKE2,S05B3,2033,0.013514122
REGION1,DKE2,S05B3,2034,0.013514122
REGION1,DKE2,S05B3,2035,0.013514122
REGION1,DKE2,S05B3,2036,0.013514122
REGION1,DKE2,S05B3,2037,0.013514122
REGION1,DKE2,S05B3,2038,0.013514122
REGION1,DKE2,S05B3,2039,0.013514122
REGION1,DKE2,S05B3,2040,0.013514122
REGION1,DKE2,S05B3,2041,0.013514122
REGION1,DKE2,S05B3,2042,0.013514122
REGION1,DKE2,S05B3,2043,0.013514122
REGION1,DKE2,S05B3,2044,0.013514122
REGION1,DKE2,S05B3,2045,0.013514122
REGION1,DKE2,S05B3,2046,0.013514122
REGION1,DKE2,S05B3,2047,0.013514122
REGION1,DKE2,S05B3,2048,0.013514122
REGION1,DKE2,S05B3,2049,0.013514122
REGION1,DKE2,S05B3,2050,0.013514122
REGION1,DKE2,S05B3,2051,0.013514122
REGION1,DKE2,S05B3,2052,0.013514122
REGION1,DKE2,S05B3,2053,0.013514122
REGION1,DKE2,S05B3,2054,0.013514122
REGION1,DKE2,S05B3,2055,0.013514122
REGION1,DKE2,S05B3,2056,0.013514122
REGION1,DKE2,S05B3,2057,0.013514122
REGION1,DKE2,S05B3,2058,0.013514122
REGION1,DKE2,S05B3,2059,0.013514122
REGION1,DKE2,S05B3,2060,0.013514122
REGION1,FIE2,S01B1,2015,0.047303712
REGION1,FIE2,S01B1,2016,0.047303712
REGION1,FIE2,S01B1,2017,0.047303712
REGION1,FIE2,S01B1,2018,0.047303712
REGION1,FIE2,S01B1,2019,0.047303712
REGION1,FIE2,S01B1,2020,0.047303712
REGION1,FIE2,S01B1,2021,0.047303712
REGION1,FIE2,S01B1,2022,0.047303712
REGION1,FIE2,S01B1,2023,0.047303712
REGION1,FIE2,S01B1,2024,0.047303712
REGION1,FIE2,S01B1,2025,0.047303712
REGION1,FIE2,S01B1,2026,0.047303712
REGION1,FIE2,S01B1,2027,0.047303712
REGION1,FIE2,S01B1,2028,0.047303712
REGION1,FIE2,S01B1,2029,0.047303712
REGION1,FIE2,S01B1,2030,0.047303712
REGION1,FIE2,S01B1,2031,0.047303712
REGION1,FIE2,S01B1,2032,0.047303712
REGION1,FIE2,S01B1,2033,0.047303712
REGION1,FIE2,S01B1,2034,0.047303712
REGION1,FIE2,S01B1,2035,0.047303712
REGION1,FIE2,S01B1,2036,0.047303712
REGION1,FIE2,S01B1,2037,0.047303712
REGION1,FIE2,S01B1,2038,0.047303712
REGION1,FIE2,S01B1,2039,0.047303712
REGION1,FIE2,S01B1,2040,0.047303712
REGION1,FIE2,S01B1,2041,0.047303712
REGION1,FIE2,S01B1,2042,0.047303712
REGION1,FIE2,S01B1,2043,0.047303712
REGION1,FIE2,S01B1,2044,0.047303712
REGION1,FIE2,S01B1,2045,0.047303712
REGION1,FIE2,S01B1,2046,0.047303712
REGION1,FIE2,S01B1,2047,0.047303712
REGION1,FIE2,S01B1,2048,0.047303712
REGION1,FIE2,S01B1,2049,0.047303712
REGION1,FIE2,S01B1,2050,0.047303712
REGION1,FIE2,S01B1,2051,0.047303712
REGION1,FIE2,S01B1,2052,0.047303712
REGION1,FIE2,S01B1,2053,0.047303712
REGION1,FIE2,S01B1,2054,0.047303712
REGION1,FIE2,S01B1,2055,0.047303712
REGION1,FIE2,S01B1,2056,0.047303712
REGION1,FIE2,S01B1,2057,0.047303712
REGION1,FIE2,S01B1,2058,0.047303712
REGION1,FIE2,S01B1,2059,0.047303712
REGION1,FIE2,S01B1,2060,0.047303712
REGION1,FIE2,S01B2,2015,0.133645142
REGION1,FIE2,S01B2,2016,0.133645142
REGION1,FIE2,S01B2,2017,0.133645142
REGION1,FIE2,S01B2,2018,0.133645142
REGION1,FIE2,S01B2,2019,0.133645142
REGION1,FIE2,S01B2,2020,0.133645142
REGION1,FIE2,S01B2,2021,0.133645142
REGION1,FIE2,S01B2,2022,0.133645142
REGION1,FIE2,S01B2,2023,0.133645142
REGION1,FIE2,S01B2,2024,0.133645142
REGION1,FIE2,S01B2,2025,0.133645142
REGION1,FIE2,S01B2,2026,0.133645142
REGION1,FIE2,S01B2,2027,0.133645142
REGION1,FIE2,S01B2,2028,0.133645142
REGION1,FIE2,S01B2,2029,0.133645142
REGION1,FIE2,S01B2,2030,0.133645142
REGION1,FIE2,S01B2,2031,0.133645142
REGION1,FIE2,S01B2,2032,0.133645142
REGION1,FIE2,S01B2,2033,0.133645142
REGION1,FIE2,S01B2,2034,0.133645142
REGION1,FIE2,S01B2,2035,0.133645142
REGION1,FIE2,S01B2,2036,0.133645142
REGION1,FIE2,S01B2,2037,0.133645142
REGION1,FIE2,S01B2,2038,0.133645142
REGION1,FIE2,S01B2,2039,0.133645142
REGION1,FIE2,S01B2,2040,0.133645142
REGION1,FIE2,S01B2,2041,0.133645142
REGION1,FIE2,S01B2,2042,0.133645142
REGION1,FIE2,S01B2,2043,0.133645142
REGION1,FIE2,S01B2,2044,0.133645142
REGION1,FIE2,S01B2,2045,0.133645142
REGION1,FIE2,S01B2,2046,0.133645142
REGION1,FIE2,S01B2,2047,0.133645142
REGION1,FIE2,S01B2,2048,0.133645142
REGION1,FIE2,S01B2,2049,0.133645142
REGION1,FIE2,S01B2,2050,0.133645142
REGION1,FIE2,S01B2,2051,0.133645142
REGION1,FIE2,S01B2,2052,0.133645142
REGION1,FIE2,S01B2,2053,0.133645142
REGION1,FIE2,S01B2,2054,0.133645142
REGION1,FIE2,S01B2,2055,0.133645142
REGION1,FIE2,S01B2,2056,0.133645142
REGION1,FIE2,S01B2,2057,0.133645142
REGION1,FIE2,S01B2,2058,0.133645142
REGION1,FIE2,S01B2,2059,0.133645142
REGION1,FIE2,S01B2,2060,0.133645142
REGION1,FIE2,S01B3,2015,0.025438455
REGION1,FIE2,S01B3,2016,0.025438455
REGION1,FIE2,S01B3,2017,0.025438455
REGION1,FIE2,S01B3,2018,0.025438455
REGION1,FIE2,S01B3,2019,0.025438455
REGION1,FIE2,S01B3,2020,0.025438455
REGION1,FIE2,S01B3,2021,0.025438455
REGION1,FIE2,S01B3,2022,0.025438455
REGION1,FIE2,S01B3,2023,0.025438455
REGION1,FIE2,S01B3,2024,0.025438455
REGION1,FIE2,S01B3,2025,0.025438455
REGION1,FIE2,S01B3,2026,0.025438455
REGION1,FIE2,S01B3,2027,0.025438455
REGION1,FIE2,S01B3,2028,0.025438455
REGION1,FIE2,S01B3,2029,0.025438455
REGION1,FIE2,S01B3,2030,0.025438455
REGION1,FIE2,S01B3,2031,0.025438455
REGION1,FIE2,S01B3,2032,0.025438455
REGION1,FIE2,S01B3,2033,0.025438455
REGION1,FIE2,S01B3,2034,0.025438455
REGION1,FIE2,S01B3,2035,0.025438455
REGION1,FIE2,S01B3,2036,0.025438455
REGION1,FIE2,S01B3,2037,0.025438455
REGION1,FIE2,S01B3,2038,0.025438455
REGION1,FIE2,S01B3,2039,0.025438455
REGION1,FIE2,S01B3,2040,0.025438455
REGION1,FIE2,S01B3,2041,0.025438455
REGION1,FIE2,S01B3,2042,0.025438455
REGION1,FIE2,S01B3,2043,0.025438455
REGION1,FIE2,S01B3,2044,0.025438455
REGION1,FIE2,S01B3,2045,0.025438455
REGION1,FIE2,S01B3,2046,0.025438455
REGION1,FIE2,S01B3,2047,0.025438455
REGION1,FIE2,S01B3,2048,0.025438455
REGION1,FIE2,S01B3,2049,0.025438455
REGION1,FIE2,S01B3,2050,0.025438455
REGION1,FIE2,S01B3,2051,0.025438455
REGION1,FIE2,S01B3,2052,0.025438455
REGION1,FIE2,S01B3,2053,0.025438455
REGION1,FIE2,S01B3,2054,0.025438455
REGION1,FIE2,S01B3,2055,0.025438455
REGION1,FIE2,S01B3,2056,0.025438455
REGION1,FIE2,S01B3,2057,0.025438455
REGION1,FIE2,S01B3,2058,0.025438455
REGION1,FIE2,S01B3,2059,0.025438455
REGION1,FIE2,S01B3,2060,0.025438455
REGION1,FIE2,S02B1,2015,0.0252701
REGION1,FIE2,S02B1,2016,0.0252701
REGION1,FIE2,S02B1,2017,0.0252701
REGION1,FIE2,S02B1,2018,0.0252701
REGION1,FIE2,S02B1,2019,0.0252701
REGION1,FIE2,S02B1,2020,0.0252701
REGION1,FIE2,S02B1,2021,0.0252701
REGION1,FIE2,S02B1,2022,0.0252701
REGION1,FIE2,S02B1,2023,0.0252701
REGION1,FIE2,S02B1,2024,0.0252701
REGION1,FIE2,S02B1,2025,0.0252701
REGION1,FIE2,S02B1,2026,0.0252701
REGION1,FIE2,S02B1,2027,0.0252701
REGION1,FIE2,S02B1,2028,0.0252701
REGION1,FIE2,S02B1,2029,0.0252701
REGION1,FIE2,S02B1,2030,0.0252701
REGION1,FIE2,S02B1,2031,0.0252701
REGION1,FIE2,S02B1,2032,0.0252701
REGION1,FIE2,S02B1,2033,0.0252701
REGION1,FIE2,S02B1,2034,0.0252701
REGION1,FIE2,S02B1,2035,0.0252701
REGION1,FIE2,S02B1,2036,0.0252701
REGION1,FIE2,S02B1,2037,0.0252701
REGION1,FIE2,S02B1,2038,0.0252701
REGION1,FIE2,S02B1,2039,0.0252701
REGION1,FIE2,S02B1,2040,0.0252701
REGION1,FIE2,S02B1,2041,0.0252701
REGION1,FIE2,S02B1,2042,0.0252701
REGION1,FIE2,S02B1,2043,0.0252701
REGION1,FIE2,S02B1,2044,0.0252701
REGION1,FIE2,S02B1,2045,0.0252701
REGION1,FIE2,S02B1,2046,0.0252701
REGION1,FIE2,S02B1,2047,0.0252701
REGION1,FIE2,S02B1,2048,0.0252701
REGION1,FIE2,S02B1,2049,0.0252701
REGION1,FIE2,S02B1,2050,0.0252701
REGION1,FIE2,S02B1,2051,0.0252701
REGION1,FIE2,S02B1,2052,0.0252701
REGION1,FIE2,S02B1,2053,0.0252701
REGION1,FIE2,S02B1,2054,0.0252701
REGION1,FIE2,S02B1,2055,0.0252701
REGION1,FIE2,S02B1,2056,0.0252701
REGION1,FIE2,S02B1,2057,0.0252701
REGION1,FIE2,S02B1,2058,0.0252701
REGION1,FIE2,S02B1,2059,0.0252701
REGION1,FIE2,S02B1,2060,0.0252701
REGION1,FIE2,S02B2,2015,0.074240754
REGION1,FIE2,S02B2,2016,0.074240754
REGION1,FIE2,S02B2,2017,0.074240754
REGION1,FIE2,S02B2,2018,0.074240754
REGION1,FIE2,S02B2,2019,0.074240754
REGION1,FIE2,S02B2,2020,0.074240754
REGION1,FIE2,S02B2,2021,0.074240754
REGION1,FIE2,S02B2,2022,0.074240754
REGION1,FIE2,S02B2,2023,0.074240754
REGION1,FIE2,S02B2,2024,0.074240754
REGION1,FIE2,S02B2,2025,0.074240754
REGION1,FIE2,S02B2,2026,0.074240754
REGION1,FIE2,S02B2,2027,0.074240754
REGION1,FIE2,S02B2,2028,0.074240754
REGION1,FIE2,S02B2,2029,0.074240754
REGION1,FIE2,S02B2,2030,0.074240754
REGION1,FIE2,S02B2,2031,0.074240754
REGION1,FIE2,S02B2,2032,0.074240754
REGION1,FIE2,S02B2,2033,0.074240754
REGION1,FIE2,S02B2,2034,0.074240754
REGION1,FIE2,S02B2,2035,0.074240754
REGION1,FIE2,S02B2,2036,0.074240754
REGION1,FIE2,S02B2,2037,0.074240754
REGION1,FIE2,S02B2,2038,0.074240754
REGION1,FIE2,S02B2,2039,0.074240754
REGION1,FIE2,S02B2,2040,0.074240754
REGION1,FIE2,S02B2,2041,0.074240754
REGION1,FIE2,S02B2,2042,0.074240754
REGION1,FIE2,S02B2,2043,0.074240754
REGION1,FIE2,S02B2,2044,0.074240754
REGION1,FIE2,S02B2,2045,0.074240754
REGION1,FIE2,S02B2,2046,0.074240754
REGION1,FIE2,S02B2,2047,0.074240754
REGION1,FIE2,S02B2,2048,0.074240754
REGION1,FIE2,S02B2,2049,0.074240754
REGION1,FIE2,S02B2,2050,0.074240754
REGION1,FIE2,S02B2,2051,0.074240754
REGION1,FIE2,S02B2,2052,0.074240754
REGION1,FIE2,S02B2,2053,0.074240754
REGION1,FIE2,S02B2,2054,0.074240754
REGION1,FIE2,S02B2,2055,0.074240754
REGION1,FIE2,S02B2,2056,0.074240754
REGION1,FIE2,S02B2,2057,0.074240754
REGION1,FIE2,S02B2,2058,0.074240754
REGION1,FIE2,S02B2,2059,0.074240754
REGION1,FIE2,S02B2,2060,0.074240754
REGION1,FIE2,S02B3,2015,0.008911146
REGION1,FIE2,S02B3,2016,0.008911146
REGION1,FIE2,S02B3,2017,0.008911146
REGION1,FIE2,S02B3,2018,0.008911146
REGION1,FIE2,S02B3,2019,0.008911146
REGION1,FIE2,S02B3,2020,0.008911146
REGION1,FIE2,S02B3,2021,0.008911146
REGION1,FIE2,S02B3,2022,0.008911146
REGION1,FIE2,S02B3,2023,0.008911146
REGION1,FIE2,S02B3,2024,0.008911146
REGION1,FIE2,S02B3,2025,0.008911146
REGION1,FIE2,S02B3,2026,0.008911146
REGION1,FIE2,S02B3,2027,0.008911146
REGION1,FIE2,S02B3,2028,0.008911146
REGION1,FIE2,S02B3,2029,0.008911146
REGION1,FIE2,S02B3,2030,0.008911146
REGION1,FIE2,S02B3,2031,0.008911146
REGION1,FIE2,S02B3,2032,0.008911146
REGION1,FIE2,S02B3,2033,0.008911146
REGION1,FIE2,S02B3,2034,0.008911146
REGION1,FIE2,S02B3,2035,0.008911146
REGION1,FIE2,S02B3,2036,0.008911146
REGION1,FIE2,S02B3,2037,0.008911146
REGION1,FIE2,S02B3,2038,0.008911146
REGION1,FIE2,S02B3,2039,0.008911146
REGION1,FIE2,S02B3,2040,0.008911146
REGION1,FIE2,S02B3,2041,0.008911146
REGION1,FIE2,S02B3,2042,0.008911146
REGION1,FIE2,S02B3,2043,0.008911146
REGION1,FIE2,S02B3,2044,0.008911146
REGION1,FIE2,S02B3,2045,0.008911146
REGION1,FIE2,S02B3,2046,0.008911146
REGION1,FIE2,S02B3,2047,0.008911146
REGION1,FIE2,S02B3,2048,0.008911146
REGION1,FIE2,S02B3,2049,0.008911146
REGION1,FIE2,S02B3,2050,0.008911146
REGION1,FIE2,S02B3,2051,0.008911146
REGION1,FIE2,S02B3,2052,0.008911146
REGION1,FIE2,S02B3,2053,0.008911146
REGION1,FIE2,S02B3,2054,0.008911146
REGION1,FIE2,S02B3,2055,0.008911146
REGION1,FIE2,S02B3,2056,0.008911146
REGION1,FIE2,S02B3,2057,0.008911146
REGION1,FIE2,S02B3,2058,0.008911146
REGION1,FIE2,S02B3,2059,0.008911146
REGION1,FIE2,S02B3,2060,0.008911146
REGION1,FIE2,S03B1,2015,0.082535743
REGION1,FIE2,S03B1,2016,0.082535743
REGION1,FIE2,S03B1,2017,0.082535743
REGION1,FIE2,S03B1,2018,0.082535743
REGION1,FIE2,S03B1,2019,0.082535743
REGION1,FIE2,S03B1,2020,0.082535743
REGION1,FIE2,S03B1,2021,0.082535743
REGION1,FIE2,S03B1,2022,0.082535743
REGION1,FIE2,S03B1,2023,0.082535743
REGION1,FIE2,S03B1,2024,0.082535743
REGION1,FIE2,S03B1,2025,0.082535743
REGION1,FIE2,S03B1,2026,0.082535743
REGION1,FIE2,S03B1,2027,0.082535743
REGION1,FIE2,S03B1,2028,0.082535743
REGION1,FIE2,S03B1,2029,0.082535743
REGION1,FIE2,S03B1,2030,0.082535743
REGION1,FIE2,S03B1,2031,0.082535743
REGION1,FIE2,S03B1,2032,0.082535743
REGION1,FIE2,S03B1,2033,0.082535743
REGION1,FIE2,S03B1,2034,0.082535743
REGION1,FIE2,S03B1,2035,0.082535743
REGION1,FIE2,S03B1,2036,0.082535743
REGION1,FIE2,S03B1,2037,0.082535743
REGION1,FIE2,S03B1,2038,0.082535743
REGION1,FIE2,S03B1,2039,0.082535743
REGION1,FIE2,S03B1,2040,0.082535743
REGION1,FIE2,S03B1,2041,0.082535743
REGION1,FIE2,S03B1,2042,0.082535743
REGION1,FIE2,S03B1,2043,0.082535743
REGION1,FIE2,S03B1,2044,0.082535743
REGION1,FIE2,S03B1,2045,0.082535743
REGION1,FIE2,S03B1,2046,0.082535743
REGION1,FIE2,S03B1,2047,0.082535743
REGION1,FIE2,S03B1,2048,0.082535743
REGION1,FIE2,S03B1,2049,0.082535743
REGION1,FIE2,S03B1,2050,0.082535743
REGION1,FIE2,S03B1,2051,0.082535743
REGION1,FIE2,S03B1,2052,0.082535743
REGION1,FIE2,S03B1,2053,0.082535743
REGION1,FIE2,S03B1,2054,0.082535743
REGION1,FIE2,S03B1,2055,0.082535743
REGION1,FIE2,S03B1,2056,0.082535743
REGION1,FIE2,S03B1,2057,0.082535743
REGION1,FIE2,S03B1,2058,0.082535743
REGION1,FIE2,S03B1,2059,0.082535743
REGION1,FIE2,S03B1,2060,0.082535743
REGION1,FIE2,S03B2,2015,0.308755118
REGION1,FIE2,S03B2,2016,0.308755118
REGION1,FIE2,S03B2,2017,0.308755118
REGION1,FIE2,S03B2,2018,0.308755118
REGION1,FIE2,S03B2,2019,0.308755118
REGION1,FIE2,S03B2,2020,0.308755118
REGION1,FIE2,S03B2,2021,0.308755118
REGION1,FIE2,S03B2,2022,0.308755118
REGION1,FIE2,S03B2,2023,0.308755118
REGION1,FIE2,S03B2,2024,0.308755118
REGION1,FIE2,S03B2,2025,0.308755118
REGION1,FIE2,S03B2,2026,0.308755118
REGION1,FIE2,S03B2,2027,0.308755118
REGION1,FIE2,S03B2,2028,0.308755118
REGION1,FIE2,S03B2,2029,0.308755118
REGION1,FIE2,S03B2,2030,0.308755118
REGION1,FIE2,S03B2,2031,0.308755118
REGION1,FIE2,S03B2,2032,0.308755118
REGION1,FIE2,S03B2,2033,0.308755118
REGION1,FIE2,S03B2,2034,0.308755118
REGION1,FIE2,S03B2,2035,0.308755118
REGION1,FIE2,S03B2,2036,0.308755118
REGION1,FIE2,S03B2,2037,0.308755118
REGION1,FIE2,S03B2,2038,0.308755118
REGION1,FIE2,S03B2,2039,0.308755118
REGION1,FIE2,S03B2,2040,0.308755118
REGION1,FIE2,S03B2,2041,0.308755118
REGION1,FIE2,S03B2,2042,0.308755118
REGION1,FIE2,S03B2,2043,0.308755118
REGION1,FIE2,S03B2,2044,0.308755118
REGION1,FIE2,S03B2,2045,0.308755118
REGION1,FIE2,S03B2,2046,0.308755118
REGION1,FIE2,S03B2,2047,0.308755118
REGION1,FIE2,S03B2,2048,0.308755118
REGION1,FIE2,S03B2,2049,0.308755118
REGION1,FIE2,S03B2,2050,0.308755118
REGION1,FIE2,S03B2,2051,0.308755118
REGION1,FIE2,S03B2,2052,0.308755118
REGION1,FIE2,S03B2,2053,0.308755118
REGION1,FIE2,S03B2,2054,0.308755118
REGION1,FIE2,S03B2,2055,0.308755118
REGION1,FIE2,S03B2,2056,0.308755118
REGION1,FIE2,S03B2,2057,0.308755118
REGION1,FIE2,S03B2,2058,0.308755118
REGION1,FIE2,S03B2,2059,0.308755118
REGION1,FIE2,S03B2,2060,0.308755118
REGION1,FIE2,S03B3,2015,0.055493801
REGION1,FIE2,S03B3,2016,0.055493801
REGION1,FIE2,S03B3,2017,0.055493801
REGION1,FIE2,S03B3,2018,0.055493801
REGION1,FIE2,S03B3,2019,0.055493801
REGION1,FIE2,S03B3,2020,0.055493801
REGION1,FIE2,S03B3,2021,0.055493801
REGION1,FIE2,S03B3,2022,0.055493801
REGION1,FIE2,S03B3,2023,0.055493801
REGION1,FIE2,S03B3,2024,0.055493801
REGION1,FIE2,S03B3,2025,0.055493801
REGION1,FIE2,S03B3,2026,0.055493801
REGION1,FIE2,S03B3,2027,0.055493801
REGION1,FIE2,S03B3,2028,0.055493801
REGION1,FIE2,S03B3,2029,0.055493801
REGION1,FIE2,S03B3,2030,0.055493801
REGION1,FIE2,S03B3,2031,0.055493801
REGION1,FIE2,S03B3,2032,0.055493801
REGION1,FIE2,S03B3,2033,0.055493801
REGION1,FIE2,S03B3,2034,0.055493801
REGION1,FIE2,S03B3,2035,0.055493801
REGION1,FIE2,S03B3,2036,0.055493801
REGION1,FIE2,S03B3,2037,0.055493801
REGION1,FIE2,S03B3,2038,0.055493801
REGION1,FIE2,S03B3,2039,0.055493801
REGION1,FIE2,S03B3,2040,0.055493801
REGION1,FIE2,S03B3,2041,0.055493801
REGION1,FIE2,S03B3,2042,0.055493801
REGION1,FIE2,S03B3,2043,0.055493801
REGION1,FIE2,S03B3,2044,0.055493801
REGION1,FIE2,S03B3,2045,0.055493801
REGION1,FIE2,S03B3,2046,0.055493801
REGION1,FIE2,S03B3,2047,0.055493801
REGION1,FIE2,S03B3,2048,0.055493801
REGION1,FIE2,S03B3,2049,0.055493801
REGION1,FIE2,S03B3,2050,0.055493801
REGION1,FIE2,S03B3,2051,0.055493801
REGION1,FIE2,S03B3,2052,0.055493801
REGION1,FIE2,S03B3,2053,0.055493801
REGION1,FIE2,S03B3,2054,0.055493801
REGION1,FIE2,S03B3,2055,0.055493801
REGION1,FIE2,S03B3,2056,0.055493801
REGION1,FIE2,S03B3,2057,0.055493801
REGION1,FIE2,S03B3,2058,0.055493801
REGION1,FIE2,S03B3,2059,0.055493801
REGION1,FIE2,S03B3,2060,0.055493801
REGION1,FIE2,S04B1,2015,0.026386304
REGION1,FIE2,S04B1,2016,0.026386304
REGION1,FIE2,S04B1,2017,0.026386304
REGION1,FIE2,S04B1,2018,0.026386304
REGION1,FIE2,S04B1,2019,0.026386304
REGION1,FIE2,S04B1,2020,0.026386304
REGION1,FIE2,S04B1,2021,0.026386304
REGION1,FIE2,S04B1,2022,0.026386304
REGION1,FIE2,S04B1,2023,0.026386304
REGION1,FIE2,S04B1,2024,0.026386304
REGION1,FIE2,S04B1,2025,0.026386304
REGION1,FIE2,S04B1,2026,0.026386304
REGION1,FIE2,S04B1,2027,0.026386304
REGION1,FIE2,S04B1,2028,0.026386304
REGION1,FIE2,S04B1,2029,0.026386304
REGION1,FIE2,S04B1,2030,0.026386304
REGION1,FIE2,S04B1,2031,0.026386304
REGION1,FIE2,S04B1,2032,0.026386304
REGION1,FIE2,S04B1,2033,0.026386304
REGION1,FIE2,S04B1,2034,0.026386304
REGION1,FIE2,S04B1,2035,0.026386304
REGION1,FIE2,S04B1,2036,0.026386304
REGION1,FIE2,S04B1,2037,0.026386304
REGION1,FIE2,S04B1,2038,0.026386304
REGION1,FIE2,S04B1,2039,0.026386304
REGION1,FIE2,S04B1,2040,0.026386304
REGION1,FIE2,S04B1,2041,0.026386304
REGION1,FIE2,S04B1,2042,0.026386304
REGION1,FIE2,S04B1,2043,0.026386304
REGION1,FIE2,S04B1,2044,0.026386304
REGION1,FIE2,S04B1,2045,0.026386304
REGION1,FIE2,S04B1,2046,0.026386304
REGION1,FIE2,S04B1,2047,0.026386304
REGION1,FIE2,S04B1,2048,0.026386304
REGION1,FIE2,S04B1,2049,0.026386304
REGION1,FIE2,S04B1,2050,0.026386304
REGION1,FIE2,S04B1,2051,0.026386304
REGION1,FIE2,S04B1,2052,0.026386304
REGION1,FIE2,S04B1,2053,0.026386304
REGION1,FIE2,S04B1,2054,0.026386304
REGION1,FIE2,S04B1,2055,0.026386304
REGION1,FIE2,S04B1,2056,0.026386304
REGION1,FIE2,S04B1,2057,0.026386304
REGION1,FIE2,S04B1,2058,0.026386304
REGION1,FIE2,S04B1,2059,0.026386304
REGION1,FIE2,S04B1,2060,0.026386304
REGION1,FIE2,S04B2,2015,0.076786587
REGION1,FIE2,S04B2,2016,0.076786587
REGION1,FIE2,S04B2,2017,0.076786587
REGION1,FIE2,S04B2,2018,0.076786587
REGION1,FIE2,S04B2,2019,0.076786587
REGION1,FIE2,S04B2,2020,0.076786587
REGION1,FIE2,S04B2,2021,0.076786587
REGION1,FIE2,S04B2,2022,0.076786587
REGION1,FIE2,S04B2,2023,0.076786587
REGION1,FIE2,S04B2,2024,0.076786587
REGION1,FIE2,S04B2,2025,0.076786587
REGION1,FIE2,S04B2,2026,0.076786587
REGION1,FIE2,S04B2,2027,0.076786587
REGION1,FIE2,S04B2,2028,0.076786587
REGION1,FIE2,S04B2,2029,0.076786587
REGION1,FIE2,S04B2,2030,0.076786587
REGION1,FIE2,S04B2,2031,0.076786587
REGION1,FIE2,S04B2,2032,0.076786587
REGION1,FIE2,S04B2,2033,0.076786587
REGION1,FIE2,S04B2,2034,0.076786587
REGION1,FIE2,S04B2,2035,0.076786587
REGION1,FIE2,S04B2,2036,0.076786587
REGION1,FIE2,S04B2,2037,0.076786587
REGION1,FIE2,S04B2,2038,0.076786587
REGION1,FIE2,S04B2,2039,0.076786587
REGION1,FIE2,S04B2,2040,0.076786587
REGION1,FIE2,S04B2,2041,0.076786587
REGION1,FIE2,S04B2,2042,0.076786587
REGION1,FIE2,S04B2,2043,0.076786587
REGION1,FIE2,S04B2,2044,0.076786587
REGION1,FIE2,S04B2,2045,0.076786587
REGION1,FIE2,S04B2,2046,0.076786587
REGION1,FIE2,S04B2,2047,0.076786587
REGION1,FIE2,S04B2,2048,0.076786587
REGION1,FIE2,S04B2,2049,0.076786587
REGION1,FIE2,S04B2,2050,0.076786587
REGION1,FIE2,S04B2,2051,0.076786587
REGION1,FIE2,S04B2,2052,0.076786587
REGION1,FIE2,S04B2,2053,0.076786587
REGION1,FIE2,S04B2,2054,0.076786587
REGION1,FIE2,S04B2,2055,0.076786587
REGION1,FIE2,S04B2,2056,0.076786587
REGION1,FIE2,S04B2,2057,0.076786587
REGION1,FIE2,S04B2,2058,0.076786587
REGION1,FIE2,S04B2,2059,0.076786587
REGION1,FIE2,S04B2,2060,0.076786587
REGION1,FIE2,S04B3,2015,0.014295301
REGION1,FIE2,S04B3,2016,0.014295301
REGION1,FIE2,S04B3,2017,0.014295301
REGION1,FIE2,S04B3,2018,0.014295301
REGION1,FIE2,S04B3,2019,0.014295301
REGION1,FIE2,S04B3,2020,0.014295301
REGION1,FIE2,S04B3,2021,0.014295301
REGION1,FIE2,S04B3,2022,0.014295301
REGION1,FIE2,S04B3,2023,0.014295301
REGION1,FIE2,S04B3,2024,0.014295301
REGION1,FIE2,S04B3,2025,0.014295301
REGION1,FIE2,S04B3,2026,0.014295301
REGION1,FIE2,S04B3,2027,0.014295301
REGION1,FIE2,S04B3,2028,0.014295301
REGION1,FIE2,S04B3,2029,0.014295301
REGION1,FIE2,S04B3,2030,0.014295301
REGION1,FIE2,S04B3,2031,0.014295301
REGION1,FIE2,S04B3,2032,0.014295301
REGION1,FIE2,S04B3,2033,0.014295301
REGION1,FIE2,S04B3,2034,0.014295301
REGION1,FIE2,S04B3,2035,0.014295301
REGION1,FIE2,S04B3,2036,0.014295301
REGION1,FIE2,S04B3,2037,0.014295301
REGION1,FIE2,S04B3,2038,0.014295301
REGION1,FIE2,S04B3,2039,0.014295301
REGION1,FIE2,S04B3,2040,0.014295301
REGION1,FIE2,S04B3,2041,0.014295301
REGION1,FIE2,S04B3,2042,0.014295301
REGION1,FIE2,S04B3,2043,0.014295301
REGION1,FIE2,S04B3,2044,0.014295301
REGION1,FIE2,S04B3,2045,0.014295301
REGION1,FIE2,S04B3,2046,0.014295301
REGION1,FIE2,S04B3,2047,0.014295301
REGION1,FIE2,S04B3,2048,0.014295301
REGION1,FIE2,S04B3,2049,0.014295301
REGION1,FIE2,S04B3,2050,0.014295301
REGION1,FIE2,S04B3,2051,0.014295301
REGION1,FIE2,S04B3,2052,0.014295301
REGION1,FIE2,S04B3,2053,0.014295301
REGION1,FIE2,S04B3,2054,0.014295301
REGION1,FIE2,S04B3,2055,0.014295301
REGION1,FIE2,S04B3,2056,0.014295301
REGION1,FIE2,S04B3,2057,0.014295301
REGION1,FIE2,S04B3,2058,0.014295301
REGION1,FIE2,S04B3,2059,0.014295301
REGION1,FIE2,S04B3,2060,0.014295301
REGION1,FIE2,S05B1,2015,0.027119907
REGION1,FIE2,S05B1,2016,0.027119907
REGION1,FIE2,S05B1,2017,0.027119907
REGION1,FIE2,S05B1,2018,0.027119907
REGION1,FIE2,S05B1,2019,0.027119907
REGION1,FIE2,S05B1,2020,0.027119907
REGION1,FIE2,S05B1,2021,0.027119907
REGION1,FIE2,S05B1,2022,0.027119907
REGION1,FIE2,S05B1,2023,0.027119907
REGION1,FIE2,S05B1,2024,0.027119907
REGION1,FIE2,S05B1,2025,0.027119907
REGION1,FIE2,S05B1,2026,0.027119907
REGION1,FIE2,S05B1,2027,0.027119907
REGION1,FIE2,S05B1,2028,0.027119907
REGION1,FIE2,S05B1,2029,0.027119907
REGION1,FIE2,S05B1,2030,0.027119907
REGION1,FIE2,S05B1,2031,0.027119907
REGION1,FIE2,S05B1,2032,0.027119907
REGION1,FIE2,S05B1,2033,0.027119907
REGION1,FIE2,S05B1,2034,0.027119907
REGION1,FIE2,S05B1,2035,0.027119907
REGION1,FIE2,S05B1,2036,0.027119907
REGION1,FIE2,S05B1,2037,0.027119907
REGION1,FIE2,S05B1,2038,0.027119907
REGION1,FIE2,S05B1,2039,0.027119907
REGION1,FIE2,S05B1,2040,0.027119907
REGION1,FIE2,S05B1,2041,0.027119907
REGION1,FIE2,S05B1,2042,0.027119907
REGION1,FIE2,S05B1,2043,0.027119907
REGION1,FIE2,S05B1,2044,0.027119907
REGION1,FIE2,S05B1,2045,0.027119907
REGION1,FIE2,S05B1,2046,0.027119907
REGION1,FIE2,S05B1,2047,0.027119907
REGION1,FIE2,S05B1,2048,0.027119907
REGION1,FIE2,S05B1,2049,0.027119907
REGION1,FIE2,S05B1,2050,0.027119907
REGION1,FIE2,S05B1,2051,0.027119907
REGION1,FIE2,S05B1,2052,0.027119907
REGION1,FIE2,S05B1,2053,0.027119907
REGION1,FIE2,S05B1,2054,0.027119907
REGION1,FIE2,S05B1,2055,0.027119907
REGION1,FIE2,S05B1,2056,0.027119907
REGION1,FIE2,S05B1,2057,0.027119907
REGION1,FIE2,S05B1,2058,0.027119907
REGION1,FIE2,S05B1,2059,0.027119907
REGION1,FIE2,S05B1,2060,0.027119907
REGION1,FIE2,S05B2,2015,0.079008885
REGION1,FIE2,S05B2,2016,0.079008885
REGION1,FIE2,S05B2,2017,0.079008885
REGION1,FIE2,S05B2,2018,0.079008885
REGION1,FIE2,S05B2,2019,0.079008885
REGION1,FIE2,S05B2,2020,0.079008885
REGION1,FIE2,S05B2,2021,0.079008885
REGION1,FIE2,S05B2,2022,0.079008885
REGION1,FIE2,S05B2,2023,0.079008885
REGION1,FIE2,S05B2,2024,0.079008885
REGION1,FIE2,S05B2,2025,0.079008885
REGION1,FIE2,S05B2,2026,0.079008885
REGION1,FIE2,S05B2,2027,0.079008885
REGION1,FIE2,S05B2,2028,0.079008885
REGION1,FIE2,S05B2,2029,0.079008885
REGION1,FIE2,S05B2,2030,0.079008885
REGION1,FIE2,S05B2,2031,0.079008885
REGION1,FIE2,S05B2,2032,0.079008885
REGION1,FIE2,S05B2,2033,0.079008885
REGION1,FIE2,S05B2,2034,0.079008885
REGION1,FIE2,S05B2,2035,0.079008885
REGION1,FIE2,S05B2,2036,0.079008885
REGION1,FIE2,S05B2,2037,0.079008885
REGION1,FIE2,S05B2,2038,0.079008885
REGION1,FIE2,S05B2,2039,0.079008885
REGION1,FIE2,S05B2,2040,0.079008885
REGION1,FIE2,S05B2,2041,0.079008885
REGION1,FIE2,S05B2,2042,0.079008885
REGION1,FIE2,S05B2,2043,0.079008885
REGION1,FIE2,S05B2,2044,0.079008885
REGION1,FIE2,S05B2,2045,0.079008885
REGION1,FIE2,S05B2,2046,0.079008885
REGION1,FIE2,S05B2,2047,0.079008885
REGION1,FIE2,S05B2,2048,0.079008885
REGION1,FIE2,S05B2,2049,0.079008885
REGION1,FIE2,S05B2,2050,0.079008885
REGION1,FIE2,S05B2,2051,0.079008885
REGION1,FIE2,S05B2,2052,0.079008885
REGION1,FIE2,S05B2,2053,0.079008885
REGION1,FIE2,S05B2,2054,0.079008885
REGION1,FIE2,S05B2,2055,0.079008885
REGION1,FIE2,S05B2,2056,0.079008885
REGION1,FIE2,S05B2,2057,0.079008885
REGION1,FIE2,S05B2,2058,0.079008885
REGION1,FIE2,S05B2,2059,0.079008885
REGION1,FIE2,S05B2,2060,0.079008885
REGION1,FIE2,S05B3,2015,0.014809045
REGION1,FIE2,S05B3,2016,0.014809045
REGION1,FIE2,S05B3,2017,0.014809045
REGION1,FIE2,S05B3,2018,0.014809045
REGION1,FIE2,S05B3,2019,0.014809045
REGION1,FIE2,S05B3,2020,0.014809045
REGION1,FIE2,S05B3,2021,0.014809045
REGION1,FIE2,S05B3,2022,0.014809045
REGION1,FIE2,S05B3,2023,0.014809045
REGION1,FIE2,S05B3,2024,0.014809045
REGION1,FIE2,S05B3,2025,0.014809045
REGION1,FIE2,S05B3,2026,0.014809045
REGION1,FIE2,S05B3,2027,0.014809045
REGION1,FIE2,S05B3,2028,0.014809045
REGION1,FIE2,S05B3,2029,0.014809045
REGION1,FIE2,S05B3,2030,0.014809045
REGION1,FIE2,S05B3,2031,0.014809045
REGION1,FIE2,S05B3,2032,0.014809045
REGION1,FIE2,S05B3,2033,0.014809045
REGION1,FIE2,S05B3,2034,0.014809045
REGION1,FIE2,S05B3,2035,0.014809045
REGION1,FIE2,S05B3,2036,0.014809045
REGION1,FIE2,S05B3,2037,0.014809045
REGION1,FIE2,S05B3,2038,0.014809045
REGION1,FIE2,S05B3,2039,0.014809045
REGION1,FIE2,S05B3,2040,0.014809045
REGION1,FIE2,S05B3,2041,0.014809045
REGION1,FIE2,S05B3,2042,0.014809045
REGION1,FIE2,S05B3,2043,0.014809045
REGION1,FIE2,S05B3,2044,0.014809045
REGION1,FIE2,S05B3,2045,0.014809045
REGION1,FIE2,S05B3,2046,0.014809045
REGION1,FIE2,S05B3,2047,0.014809045
REGION1,FIE2,S05B3,2048,0.014809045
REGION1,FIE2,S05B3,2049,0.014809045
REGION1,FIE2,S05B3,2050,0.014809045
REGION1,FIE2,S05B3,2051,0.014809045
REGION1,FIE2,S05B3,2052,0.014809045
REGION1,FIE2,S05B3,2053,0.014809045
REGION1,FIE2,S05B3,2054,0.014809045
REGION1,FIE2,S05B3,2055,0.014809045
REGION1,FIE2,S05B3,2056,0.014809045
REGION1,FIE2,S05B3,2057,0.014809045
REGION1,FIE2,S05B3,2058,0.014809045
REGION1,FIE2,S05B3,2059,0.014809045
REGION1,FIE2,S05B3,2060,0.014809045
REGION1,NOE2,S01B1,2015,0.0480456259999999
REGION1,NOE2,S01B1,2016,0.0480456259999999
REGION1,NOE2,S01B1,2017,0.0480456259999999
REGION1,NOE2,S01B1,2018,0.0480456259999999
REGION1,NOE2,S01B1,2019,0.0480456259999999
REGION1,NOE2,S01B1,2020,0.0480456259999999
REGION1,NOE2,S01B1,2021,0.0480456259999999
REGION1,NOE2,S01B1,2022,0.0480456259999999
REGION1,NOE2,S01B1,2023,0.0480456259999999
REGION1,NOE2,S01B1,2024,0.0480456259999999
REGION1,NOE2,S01B1,2025,0.0480456259999999
REGION1,NOE2,S01B1,2026,0.0480456259999999
REGION1,NOE2,S01B1,2027,0.0480456259999999
REGION1,NOE2,S01B1,2028,0.0480456259999999
REGION1,NOE2,S01B1,2029,0.0480456259999999
REGION1,NOE2,S01B1,2030,0.0480456259999999
REGION1,NOE2,S01B1,2031,0.0480456259999999
REGION1,NOE2,S01B1,2032,0.0480456259999999
REGION1,NOE2,S01B1,2033,0.0480456259999999
REGION1,NOE2,S01B1,2034,0.0480456259999999
REGION1,NOE2,S01B1,2035,0.0480456259999999
REGION1,NOE2,S01B1,2036,0.0480456259999999
REGION1,NOE2,S01B1,2037,0.0480456259999999
REGION1,NOE2,S01B1,2038,0.0480456259999999
REGION1,NOE2,S01B1,2039,0.0480456259999999
REGION1,NOE2,S01B1,2040,0.0480456259999999
REGION1,NOE2,S01B1,2041,0.0480456259999999
REGION1,NOE2,S01B1,2042,0.0480456259999999
REGION1,NOE2,S01B1,2043,0.0480456259999999
REGION1,NOE2,S01B1,2044,0.0480456259999999
REGION1,NOE2,S01B1,2045,0.0480456259999999
REGION1,NOE2,S01B1,2046,0.0480456259999999
REGION1,NOE2,S01B1,2047,0.0480456259999999
REGION1,NOE2,S01B1,2048,0.0480456259999999
REGION1,NOE2,S01B1,2049,0.0480456259999999
REGION1,NOE2,S01B1,2050,0.0480456259999999
REGION1,NOE2,S01B1,2051,0.0480456259999999
REGION1,NOE2,S01B1,2052,0.0480456259999999
REGION1,NOE2,S01B1,2053,0.0480456259999999
REGION1,NOE2,S01B1,2054,0.0480456259999999
REGION1,NOE2,S01B1,2055,0.0480456259999999
REGION1,NOE2,S01B1,2056,0.0480456259999999
REGION1,NOE2,S01B1,2057,0.0480456259999999
REGION1,NOE2,S01B1,2058,0.0480456259999999
REGION1,NOE2,S01B1,2059,0.0480456259999999
REGION1,NOE2,S01B1,2060,0.0480456259999999
REGION1,NOE2,S01B2,2015,0.14156432
REGION1,NOE2,S01B2,2016,0.14156432
REGION1,NOE2,S01B2,2017,0.14156432
REGION1,NOE2,S01B2,2018,0.14156432
REGION1,NOE2,S01B2,2019,0.14156432
REGION1,NOE2,S01B2,2020,0.14156432
REGION1,NOE2,S01B2,2021,0.14156432
REGION1,NOE2,S01B2,2022,0.14156432
REGION1,NOE2,S01B2,2023,0.14156432
REGION1,NOE2,S01B2,2024,0.14156432
REGION1,NOE2,S01B2,2025,0.14156432
REGION1,NOE2,S01B2,2026,0.14156432
REGION1,NOE2,S01B2,2027,0.14156432
REGION1,NOE2,S01B2,2028,0.14156432
REGION1,NOE2,S01B2,2029,0.14156432
REGION1,NOE2,S01B2,2030,0.14156432
REGION1,NOE2,S01B2,2031,0.14156432
REGION1,NOE2,S01B2,2032,0.14156432
REGION1,NOE2,S01B2,2033,0.14156432
REGION1,NOE2,S01B2,2034,0.14156432
REGION1,NOE2,S01B2,2035,0.14156432
REGION1,NOE2,S01B2,2036,0.14156432
REGION1,NOE2,S01B2,2037,0.14156432
REGION1,NOE2,S01B2,2038,0.14156432
REGION1,NOE2,S01B2,2039,0.14156432
REGION1,NOE2,S01B2,2040,0.14156432
REGION1,NOE2,S01B2,2041,0.14156432
REGION1,NOE2,S01B2,2042,0.14156432
REGION1,NOE2,S01B2,2043,0.14156432
REGION1,NOE2,S01B2,2044,0.14156432
REGION1,NOE2,S01B2,2045,0.14156432
REGION1,NOE2,S01B2,2046,0.14156432
REGION1,NOE2,S01B2,2047,0.14156432
REGION1,NOE2,S01B2,2048,0.14156432
REGION1,NOE2,S01B2,2049,0.14156432
REGION1,NOE2,S01B2,2050,0.14156432
REGION1,NOE2,S01B2,2051,0.14156432
REGION1,NOE2,S01B2,2052,0.14156432
REGION1,NOE2,S01B2,2053,0.14156432
REGION1,NOE2,S01B2,2054,0.14156432
REGION1,NOE2,S01B2,2055,0.14156432
REGION1,NOE2,S01B2,2056,0.14156432
REGION1,NOE2,S01B2,2057,0.14156432
REGION1,NOE2,S01B2,2058,0.14156432
REGION1,NOE2,S01B2,2059,0.14156432
REGION1,NOE2,S01B2,2060,0.14156432
REGION1,NOE2,S01B3,2015,0.026306169
REGION1,NOE2,S01B3,2016,0.026306169
REGION1,NOE2,S01B3,2017,0.026306169
REGION1,NOE2,S01B3,2018,0.026306169
REGION1,NOE2,S01B3,2019,0.026306169
REGION1,NOE2,S01B3,2020,0.026306169
REGION1,NOE2,S01B3,2021,0.026306169
REGION1,NOE2,S01B3,2022,0.026306169
REGION1,NOE2,S01B3,2023,0.026306169
REGION1,NOE2,S01B3,2024,0.026306169
REGION1,NOE2,S01B3,2025,0.026306169
REGION1,NOE2,S01B3,2026,0.026306169
REGION1,NOE2,S01B3,2027,0.026306169
REGION1,NOE2,S01B3,2028,0.026306169
REGION1,NOE2,S01B3,2029,0.026306169
REGION1,NOE2,S01B3,2030,0.026306169
REGION1,NOE2,S01B3,2031,0.026306169
REGION1,NOE2,S01B3,2032,0.026306169
REGION1,NOE2,S01B3,2033,0.026306169
REGION1,NOE2,S01B3,2034,0.026306169
REGION1,NOE2,S01B3,2035,0.026306169
REGION1,NOE2,S01B3,2036,0.026306169
REGION1,NOE2,S01B3,2037,0.026306169
REGION1,NOE2,S01B3,2038,0.026306169
REGION1,NOE2,S01B3,2039,0.026306169
REGION1,NOE2,S01B3,2040,0.026306169
REGION1,NOE2,S01B3,2041,0.026306169
REGION1,NOE2,S01B3,2042,0.026306169
REGION1,NOE2,S01B3,2043,0.026306169
REGION1,NOE2,S01B3,2044,0.026306169
REGION1,NOE2,S01B3,2045,0.026306169
REGION1,NOE2,S01B3,2046,0.026306169
REGION1,NOE2,S01B3,2047,0.026306169
REGION1,NOE2,S01B3,2048,0.026306169
REGION1,NOE2,S01B3,2049,0.026306169
REGION1,NOE2,S01B3,2050,0.026306169
REGION1,NOE2,S01B3,2051,0.026306169
REGION1,NOE2,S01B3,2052,0.026306169
REGION1,NOE2,S01B3,2053,0.026306169
REGION1,NOE2,S01B3,2054,0.026306169
REGION1,NOE2,S01B3,2055,0.026306169
REGION1,NOE2,S01B3,2056,0.026306169
REGION1,NOE2,S01B3,2057,0.026306169
REGION1,NOE2,S01B3,2058,0.026306169
REGION1,NOE2,S01B3,2059,0.026306169
REGION1,NOE2,S01B3,2060,0.026306169
REGION1,NOE2,S02B1,2015,0.025163036
REGION1,NOE2,S02B1,2016,0.025163036
REGION1,NOE2,S02B1,2017,0.025163036
REGION1,NOE2,S02B1,2018,0.025163036
REGION1,NOE2,S02B1,2019,0.025163036
REGION1,NOE2,S02B1,2020,0.025163036
REGION1,NOE2,S02B1,2021,0.025163036
REGION1,NOE2,S02B1,2022,0.025163036
REGION1,NOE2,S02B1,2023,0.025163036
REGION1,NOE2,S02B1,2024,0.025163036
REGION1,NOE2,S02B1,2025,0.025163036
REGION1,NOE2,S02B1,2026,0.025163036
REGION1,NOE2,S02B1,2027,0.025163036
REGION1,NOE2,S02B1,2028,0.025163036
REGION1,NOE2,S02B1,2029,0.025163036
REGION1,NOE2,S02B1,2030,0.025163036
REGION1,NOE2,S02B1,2031,0.025163036
REGION1,NOE2,S02B1,2032,0.025163036
REGION1,NOE2,S02B1,2033,0.025163036
REGION1,NOE2,S02B1,2034,0.025163036
REGION1,NOE2,S02B1,2035,0.025163036
REGION1,NOE2,S02B1,2036,0.025163036
REGION1,NOE2,S02B1,2037,0.025163036
REGION1,NOE2,S02B1,2038,0.025163036
REGION1,NOE2,S02B1,2039,0.025163036
REGION1,NOE2,S02B1,2040,0.025163036
REGION1,NOE2,S02B1,2041,0.025163036
REGION1,NOE2,S02B1,2042,0.025163036
REGION1,NOE2,S02B1,2043,0.025163036
REGION1,NOE2,S02B1,2044,0.025163036
REGION1,NOE2,S02B1,2045,0.025163036
REGION1,NOE2,S02B1,2046,0.025163036
REGION1,NOE2,S02B1,2047,0.025163036
REGION1,NOE2,S02B1,2048,0.025163036
REGION1,NOE2,S02B1,2049,0.025163036
REGION1,NOE2,S02B1,2050,0.025163036
REGION1,NOE2,S02B1,2051,0.025163036
REGION1,NOE2,S02B1,2052,0.025163036
REGION1,NOE2,S02B1,2053,0.025163036
REGION1,NOE2,S02B1,2054,0.025163036
REGION1,NOE2,S02B1,2055,0.025163036
REGION1,NOE2,S02B1,2056,0.025163036
REGION1,NOE2,S02B1,2057,0.025163036
REGION1,NOE2,S02B1,2058,0.025163036
REGION1,NOE2,S02B1,2059,0.025163036
REGION1,NOE2,S02B1,2060,0.025163036
REGION1,NOE2,S02B2,2015,0.075882647
REGION1,NOE2,S02B2,2016,0.075882647
REGION1,NOE2,S02B2,2017,0.075882647
REGION1,NOE2,S02B2,2018,0.075882647
REGION1,NOE2,S02B2,2019,0.075882647
REGION1,NOE2,S02B2,2020,0.075882647
REGION1,NOE2,S02B2,2021,0.075882647
REGION1,NOE2,S02B2,2022,0.075882647
REGION1,NOE2,S02B2,2023,0.075882647
REGION1,NOE2,S02B2,2024,0.075882647
REGION1,NOE2,S02B2,2025,0.075882647
REGION1,NOE2,S02B2,2026,0.075882647
REGION1,NOE2,S02B2,2027,0.075882647
REGION1,NOE2,S02B2,2028,0.075882647
REGION1,NOE2,S02B2,2029,0.075882647
REGION1,NOE2,S02B2,2030,0.075882647
REGION1,NOE2,S02B2,2031,0.075882647
REGION1,NOE2,S02B2,2032,0.075882647
REGION1,NOE2,S02B2,2033,0.075882647
REGION1,NOE2,S02B2,2034,0.075882647
REGION1,NOE2,S02B2,2035,0.075882647
REGION1,NOE2,S02B2,2036,0.075882647
REGION1,NOE2,S02B2,2037,0.075882647
REGION1,NOE2,S02B2,2038,0.075882647
REGION1,NOE2,S02B2,2039,0.075882647
REGION1,NOE2,S02B2,2040,0.075882647
REGION1,NOE2,S02B2,2041,0.075882647
REGION1,NOE2,S02B2,2042,0.075882647
REGION1,NOE2,S02B2,2043,0.075882647
REGION1,NOE2,S02B2,2044,0.075882647
REGION1,NOE2,S02B2,2045,0.075882647
REGION1,NOE2,S02B2,2046,0.075882647
REGION1,NOE2,S02B2,2047,0.075882647
REGION1,NOE2,S02B2,2048,0.075882647
REGION1,NOE2,S02B2,2049,0.075882647
REGION1,NOE2,S02B2,2050,0.075882647
REGION1,NOE2,S02B2,2051,0.075882647
REGION1,NOE2,S02B2,2052,0.075882647
REGION1,NOE2,S02B2,2053,0.075882647
REGION1,NOE2,S02B2,2054,0.075882647
REGION1,NOE2,S02B2,2055,0.075882647
REGION1,NOE2,S02B2,2056,0.075882647
REGION1,NOE2,S02B2,2057,0.075882647
REGION1,NOE2,S02B2,2058,0.075882647
REGION1,NOE2,S02B2,2059,0.075882647
REGION1,NOE2,S02B2,2060,0.075882647
REGION1,NOE2,S02B3,2015,0.008915473
REGION1,NOE2,S02B3,2016,0.008915473
REGION1,NOE2,S02B3,2017,0.008915473
REGION1,NOE2,S02B3,2018,0.008915473
REGION1,NOE2,S02B3,2019,0.008915473
REGION1,NOE2,S02B3,2020,0.008915473
REGION1,NOE2,S02B3,2021,0.008915473
REGION1,NOE2,S02B3,2022,0.008915473
REGION1,NOE2,S02B3,2023,0.008915473
REGION1,NOE2,S02B3,2024,0.008915473
REGION1,NOE2,S02B3,2025,0.008915473
REGION1,NOE2,S02B3,2026,0.008915473
REGION1,NOE2,S02B3,2027,0.008915473
REGION1,NOE2,S02B3,2028,0.008915473
REGION1,NOE2,S02B3,2029,0.008915473
REGION1,NOE2,S02B3,2030,0.008915473
REGION1,NOE2,S02B3,2031,0.008915473
REGION1,NOE2,S02B3,2032,0.008915473
REGION1,NOE2,S02B3,2033,0.008915473
REGION1,NOE2,S02B3,2034,0.008915473
REGION1,NOE2,S02B3,2035,0.008915473
REGION1,NOE2,S02B3,2036,0.008915473
REGION1,NOE2,S02B3,2037,0.008915473
REGION1,NOE2,S02B3,2038,0.008915473
REGION1,NOE2,S02B3,2039,0.008915473
REGION1,NOE2,S02B3,2040,0.008915473
REGION1,NOE2,S02B3,2041,0.008915473
REGION1,NOE2,S02B3,2042,0.008915473
REGION1,NOE2,S02B3,2043,0.008915473
REGION1,NOE2,S02B3,2044,0.008915473
REGION1,NOE2,S02B3,2045,0.008915473
REGION1,NOE2,S02B3,2046,0.008915473
REGION1,NOE2,S02B3,2047,0.008915473
REGION1,NOE2,S02B3,2048,0.008915473
REGION1,NOE2,S02B3,2049,0.008915473
REGION1,NOE2,S02B3,2050,0.008915473
REGION1,NOE2,S02B3,2051,0.008915473
REGION1,NOE2,S02B3,2052,0.008915473
REGION1,NOE2,S02B3,2053,0.008915473
REGION1,NOE2,S02B3,2054,0.008915473
REGION1,NOE2,S02B3,2055,0.008915473
REGION1,NOE2,S02B3,2056,0.008915473
REGION1,NOE2,S02B3,2057,0.008915473
REGION1,NOE2,S02B3,2058,0.008915473
REGION1,NOE2,S02B3,2059,0.008915473
REGION1,NOE2,S02B3,2060,0.008915473
REGION1,NOE2,S03B1,2015,0.079572389
REGION1,NOE2,S03B1,2016,0.079572389
REGION1,NOE2,S03B1,2017,0.079572389
REGION1,NOE2,S03B1,2018,0.079572389
REGION1,NOE2,S03B1,2019,0.079572389
REGION1,NOE2,S03B1,2020,0.079572389
REGION1,NOE2,S03B1,2021,0.079572389
REGION1,NOE2,S03B1,2022,0.079572389
REGION1,NOE2,S03B1,2023,0.079572389
REGION1,NOE2,S03B1,2024,0.079572389
REGION1,NOE2,S03B1,2025,0.079572389
REGION1,NOE2,S03B1,2026,0.079572389
REGION1,NOE2,S03B1,2027,0.079572389
REGION1,NOE2,S03B1,2028,0.079572389
REGION1,NOE2,S03B1,2029,0.079572389
REGION1,NOE2,S03B1,2030,0.079572389
REGION1,NOE2,S03B1,2031,0.079572389
REGION1,NOE2,S03B1,2032,0.079572389
REGION1,NOE2,S03B1,2033,0.079572389
REGION1,NOE2,S03B1,2034,0.079572389
REGION1,NOE2,S03B1,2035,0.079572389
REGION1,NOE2,S03B1,2036,0.079572389
REGION1,NOE2,S03B1,2037,0.079572389
REGION1,NOE2,S03B1,2038,0.079572389
REGION1,NOE2,S03B1,2039,0.079572389
REGION1,NOE2,S03B1,2040,0.079572389
REGION1,NOE2,S03B1,2041,0.079572389
REGION1,NOE2,S03B1,2042,0.079572389
REGION1,NOE2,S03B1,2043,0.079572389
REGION1,NOE2,S03B1,2044,0.079572389
REGION1,NOE2,S03B1,2045,0.079572389
REGION1,NOE2,S03B1,2046,0.079572389
REGION1,NOE2,S03B1,2047,0.079572389
REGION1,NOE2,S03B1,2048,0.079572389
REGION1,NOE2,S03B1,2049,0.079572389
REGION1,NOE2,S03B1,2050,0.079572389
REGION1,NOE2,S03B1,2051,0.079572389
REGION1,NOE2,S03B1,2052,0.079572389
REGION1,NOE2,S03B1,2053,0.079572389
REGION1,NOE2,S03B1,2054,0.079572389
REGION1,NOE2,S03B1,2055,0.079572389
REGION1,NOE2,S03B1,2056,0.079572389
REGION1,NOE2,S03B1,2057,0.079572389
REGION1,NOE2,S03B1,2058,0.079572389
REGION1,NOE2,S03B1,2059,0.079572389
REGION1,NOE2,S03B1,2060,0.079572389
REGION1,NOE2,S03B2,2015,0.294594674
REGION1,NOE2,S03B2,2016,0.294594674
REGION1,NOE2,S03B2,2017,0.294594674
REGION1,NOE2,S03B2,2018,0.294594674
REGION1,NOE2,S03B2,2019,0.294594674
REGION1,NOE2,S03B2,2020,0.294594674
REGION1,NOE2,S03B2,2021,0.294594674
REGION1,NOE2,S03B2,2022,0.294594674
REGION1,NOE2,S03B2,2023,0.294594674
REGION1,NOE2,S03B2,2024,0.294594674
REGION1,NOE2,S03B2,2025,0.294594674
REGION1,NOE2,S03B2,2026,0.294594674
REGION1,NOE2,S03B2,2027,0.294594674
REGION1,NOE2,S03B2,2028,0.294594674
REGION1,NOE2,S03B2,2029,0.294594674
REGION1,NOE2,S03B2,2030,0.294594674
REGION1,NOE2,S03B2,2031,0.294594674
REGION1,NOE2,S03B2,2032,0.294594674
REGION1,NOE2,S03B2,2033,0.294594674
REGION1,NOE2,S03B2,2034,0.294594674
REGION1,NOE2,S03B2,2035,0.294594674
REGION1,NOE2,S03B2,2036,0.294594674
REGION1,NOE2,S03B2,2037,0.294594674
REGION1,NOE2,S03B2,2038,0.294594674
REGION1,NOE2,S03B2,2039,0.294594674
REGION1,NOE2,S03B2,2040,0.294594674
REGION1,NOE2,S03B2,2041,0.294594674
REGION1,NOE2,S03B2,2042,0.294594674
REGION1,NOE2,S03B2,2043,0.294594674
REGION1,NOE2,S03B2,2044,0.294594674
REGION1,NOE2,S03B2,2045,0.294594674
REGION1,NOE2,S03B2,2046,0.294594674
REGION1,NOE2,S03B2,2047,0.294594674
REGION1,NOE2,S03B2,2048,0.294594674
REGION1,NOE2,S03B2,2049,0.294594674
REGION1,NOE2,S03B2,2050,0.294594674
REGION1,NOE2,S03B2,2051,0.294594674
REGION1,NOE2,S03B2,2052,0.294594674
REGION1,NOE2,S03B2,2053,0.294594674
REGION1,NOE2,S03B2,2054,0.294594674
REGION1,NOE2,S03B2,2055,0.294594674
REGION1,NOE2,S03B2,2056,0.294594674
REGION1,NOE2,S03B2,2057,0.294594674
REGION1,NOE2,S03B2,2058,0.294594674
REGION1,NOE2,S03B2,2059,0.294594674
REGION1,NOE2,S03B2,2060,0.294594674
REGION1,NOE2,S03B3,2015,0.053086065
REGION1,NOE2,S03B3,2016,0.053086065
REGION1,NOE2,S03B3,2017,0.053086065
REGION1,NOE2,S03B3,2018,0.053086065
REGION1,NOE2,S03B3,2019,0.053086065
REGION1,NOE2,S03B3,2020,0.053086065
REGION1,NOE2,S03B3,2021,0.053086065
REGION1,NOE2,S03B3,2022,0.053086065
REGION1,NOE2,S03B3,2023,0.053086065
REGION1,NOE2,S03B3,2024,0.053086065
REGION1,NOE2,S03B3,2025,0.053086065
REGION1,NOE2,S03B3,2026,0.053086065
REGION1,NOE2,S03B3,2027,0.053086065
REGION1,NOE2,S03B3,2028,0.053086065
REGION1,NOE2,S03B3,2029,0.053086065
REGION1,NOE2,S03B3,2030,0.053086065
REGION1,NOE2,S03B3,2031,0.053086065
REGION1,NOE2,S03B3,2032,0.053086065
REGION1,NOE2,S03B3,2033,0.053086065
REGION1,NOE2,S03B3,2034,0.053086065
REGION1,NOE2,S03B3,2035,0.053086065
REGION1,NOE2,S03B3,2036,0.053086065
REGION1,NOE2,S03B3,2037,0.053086065
REGION1,NOE2,S03B3,2038,0.053086065
REGION1,NOE2,S03B3,2039,0.053086065
REGION1,NOE2,S03B3,2040,0.053086065
REGION1,NOE2,S03B3,2041,0.053086065
REGION1,NOE2,S03B3,2042,0.053086065
REGION1,NOE2,S03B3,2043,0.053086065
REGION1,NOE2,S03B3,2044,0.053086065
REGION1,NOE2,S03B3,2045,0.053086065
REGION1,NOE2,S03B3,2046,0.053086065
REGION1,NOE2,S03B3,2047,0.053086065
REGION1,NOE2,S03B3,2048,0.053086065
REGION1,NOE2,S03B3,2049,0.053086065
REGION1,NOE2,S03B3,2050,0.053086065
REGION1,NOE2,S03B3,2051,0.053086065
REGION1,NOE2,S03B3,2052,0.053086065
REGION1,NOE2,S03B3,2053,0.053086065
REGION1,NOE2,S03B3,2054,0.053086065
REGION1,NOE2,S03B3,2055,0.053086065
REGION1,NOE2,S03B3,2056,0.053086065
REGION1,NOE2,S03B3,2057,0.053086065
REGION1,NOE2,S03B3,2058,0.053086065
REGION1,NOE2,S03B3,2059,0.053086065
REGION1,NOE2,S03B3,2060,0.053086065
REGION1,NOE2,S04B1,2015,0.025559615
REGION1,NOE2,S04B1,2016,0.025559615
REGION1,NOE2,S04B1,2017,0.025559615
REGION1,NOE2,S04B1,2018,0.025559615
REGION1,NOE2,S04B1,2019,0.025559615
REGION1,NOE2,S04B1,2020,0.025559615
REGION1,NOE2,S04B1,2021,0.025559615
REGION1,NOE2,S04B1,2022,0.025559615
REGION1,NOE2,S04B1,2023,0.025559615
REGION1,NOE2,S04B1,2024,0.025559615
REGION1,NOE2,S04B1,2025,0.025559615
REGION1,NOE2,S04B1,2026,0.025559615
REGION1,NOE2,S04B1,2027,0.025559615
REGION1,NOE2,S04B1,2028,0.025559615
REGION1,NOE2,S04B1,2029,0.025559615
REGION1,NOE2,S04B1,2030,0.025559615
REGION1,NOE2,S04B1,2031,0.025559615
REGION1,NOE2,S04B1,2032,0.025559615
REGION1,NOE2,S04B1,2033,0.025559615
REGION1,NOE2,S04B1,2034,0.025559615
REGION1,NOE2,S04B1,2035,0.025559615
REGION1,NOE2,S04B1,2036,0.025559615
REGION1,NOE2,S04B1,2037,0.025559615
REGION1,NOE2,S04B1,2038,0.025559615
REGION1,NOE2,S04B1,2039,0.025559615
REGION1,NOE2,S04B1,2040,0.025559615
REGION1,NOE2,S04B1,2041,0.025559615
REGION1,NOE2,S04B1,2042,0.025559615
REGION1,NOE2,S04B1,2043,0.025559615
REGION1,NOE2,S04B1,2044,0.025559615
REGION1,NOE2,S04B1,2045,0.025559615
REGION1,NOE2,S04B1,2046,0.025559615
REGION1,NOE2,S04B1,2047,0.025559615
REGION1,NOE2,S04B1,2048,0.025559615
REGION1,NOE2,S04B1,2049,0.025559615
REGION1,NOE2,S04B1,2050,0.025559615
REGION1,NOE2,S04B1,2051,0.025559615
REGION1,NOE2,S04B1,2052,0.025559615
REGION1,NOE2,S04B1,2053,0.025559615
REGION1,NOE2,S04B1,2054,0.025559615
REGION1,NOE2,S04B1,2055,0.025559615
REGION1,NOE2,S04B1,2056,0.025559615
REGION1,NOE2,S04B1,2057,0.025559615
REGION1,NOE2,S04B1,2058,0.025559615
REGION1,NOE2,S04B1,2059,0.025559615
REGION1,NOE2,S04B1,2060,0.025559615
REGION1,NOE2,S04B2,2015,0.076901531
REGION1,NOE2,S04B2,2016,0.076901531
REGION1,NOE2,S04B2,2017,0.076901531
REGION1,NOE2,S04B2,2018,0.076901531
REGION1,NOE2,S04B2,2019,0.076901531
REGION1,NOE2,S04B2,2020,0.076901531
REGION1,NOE2,S04B2,2021,0.076901531
REGION1,NOE2,S04B2,2022,0.076901531
REGION1,NOE2,S04B2,2023,0.076901531
REGION1,NOE2,S04B2,2024,0.076901531
REGION1,NOE2,S04B2,2025,0.076901531
REGION1,NOE2,S04B2,2026,0.076901531
REGION1,NOE2,S04B2,2027,0.076901531
REGION1,NOE2,S04B2,2028,0.076901531
REGION1,NOE2,S04B2,2029,0.076901531
REGION1,NOE2,S04B2,2030,0.076901531
REGION1,NOE2,S04B2,2031,0.076901531
REGION1,NOE2,S04B2,2032,0.076901531
REGION1,NOE2,S04B2,2033,0.076901531
REGION1,NOE2,S04B2,2034,0.076901531
REGION1,NOE2,S04B2,2035,0.076901531
REGION1,NOE2,S04B2,2036,0.076901531
REGION1,NOE2,S04B2,2037,0.076901531
REGION1,NOE2,S04B2,2038,0.076901531
REGION1,NOE2,S04B2,2039,0.076901531
REGION1,NOE2,S04B2,2040,0.076901531
REGION1,NOE2,S04B2,2041,0.076901531
REGION1,NOE2,S04B2,2042,0.076901531
REGION1,NOE2,S04B2,2043,0.076901531
REGION1,NOE2,S04B2,2044,0.076901531
REGION1,NOE2,S04B2,2045,0.076901531
REGION1,NOE2,S04B2,2046,0.076901531
REGION1,NOE2,S04B2,2047,0.076901531
REGION1,NOE2,S04B2,2048,0.076901531
REGION1,NOE2,S04B2,2049,0.076901531
REGION1,NOE2,S04B2,2050,0.076901531
REGION1,NOE2,S04B2,2051,0.076901531
REGION1,NOE2,S04B2,2052,0.076901531
REGION1,NOE2,S04B2,2053,0.076901531
REGION1,NOE2,S04B2,2054,0.076901531
REGION1,NOE2,S04B2,2055,0.076901531
REGION1,NOE2,S04B2,2056,0.076901531
REGION1,NOE2,S04B2,2057,0.076901531
REGION1,NOE2,S04B2,2058,0.076901531
REGION1,NOE2,S04B2,2059,0.076901531
REGION1,NOE2,S04B2,2060,0.076901531
REGION1,NOE2,S04B3,2015,0.014279247
REGION1,NOE2,S04B3,2016,0.014279247
REGION1,NOE2,S04B3,2017,0.014279247
REGION1,NOE2,S04B3,2018,0.014279247
REGION1,NOE2,S04B3,2019,0.014279247
REGION1,NOE2,S04B3,2020,0.014279247
REGION1,NOE2,S04B3,2021,0.014279247
REGION1,NOE2,S04B3,2022,0.014279247
REGION1,NOE2,S04B3,2023,0.014279247
REGION1,NOE2,S04B3,2024,0.014279247
REGION1,NOE2,S04B3,2025,0.014279247
REGION1,NOE2,S04B3,2026,0.014279247
REGION1,NOE2,S04B3,2027,0.014279247
REGION1,NOE2,S04B3,2028,0.014279247
REGION1,NOE2,S04B3,2029,0.014279247
REGION1,NOE2,S04B3,2030,0.014279247
REGION1,NOE2,S04B3,2031,0.014279247
REGION1,NOE2,S04B3,2032,0.014279247
REGION1,NOE2,S04B3,2033,0.014279247
REGION1,NOE2,S04B3,2034,0.014279247
REGION1,NOE2,S04B3,2035,0.014279247
REGION1,NOE2,S04B3,2036,0.014279247
REGION1,NOE2,S04B3,2037,0.014279247
REGION1,NOE2,S04B3,2038,0.014279247
REGION1,NOE2,S04B3,2039,0.014279247
REGION1,NOE2,S04B3,2040,0.014279247
REGION1,NOE2,S04B3,2041,0.014279247
REGION1,NOE2,S04B3,2042,0.014279247
REGION1,NOE2,S04B3,2043,0.014279247
REGION1,NOE2,S04B3,2044,0.014279247
REGION1,NOE2,S04B3,2045,0.014279247
REGION1,NOE2,S04B3,2046,0.014279247
REGION1,NOE2,S04B3,2047,0.014279247
REGION1,NOE2,S04B3,2048,0.014279247
REGION1,NOE2,S04B3,2049,0.014279247
REGION1,NOE2,S04B3,2050,0.014279247
REGION1,NOE2,S04B3,2051,0.014279247
REGION1,NOE2,S04B3,2052,0.014279247
REGION1,NOE2,S04B3,2053,0.014279247
REGION1,NOE2,S04B3,2054,0.014279247
REGION1,NOE2,S04B3,2055,0.014279247
REGION1,NOE2,S04B3,2056,0.014279247
REGION1,NOE2,S04B3,2057,0.014279247
REGION1,NOE2,S04B3,2058,0.014279247
REGION1,NOE2,S04B3,2059,0.014279247
REGION1,NOE2,S04B3,2060,0.014279247
REGION1,NOE2,S05B1,2015,0.028784009
REGION1,NOE2,S05B1,2016,0.028784009
REGION1,NOE2,S05B1,2017,0.028784009
REGION1,NOE2,S05B1,2018,0.028784009
REGION1,NOE2,S05B1,2019,0.028784009
REGION1,NOE2,S05B1,2020,0.028784009
REGION1,NOE2,S05B1,2021,0.028784009
REGION1,NOE2,S05B1,2022,0.028784009
REGION1,NOE2,S05B1,2023,0.028784009
REGION1,NOE2,S05B1,2024,0.028784009
REGION1,NOE2,S05B1,2025,0.028784009
REGION1,NOE2,S05B1,2026,0.028784009
REGION1,NOE2,S05B1,2027,0.028784009
REGION1,NOE2,S05B1,2028,0.028784009
REGION1,NOE2,S05B1,2029,0.028784009
REGION1,NOE2,S05B1,2030,0.028784009
REGION1,NOE2,S05B1,2031,0.028784009
REGION1,NOE2,S05B1,2032,0.028784009
REGION1,NOE2,S05B1,2033,0.028784009
REGION1,NOE2,S05B1,2034,0.028784009
REGION1,NOE2,S05B1,2035,0.028784009
REGION1,NOE2,S05B1,2036,0.028784009
REGION1,NOE2,S05B1,2037,0.028784009
REGION1,NOE2,S05B1,2038,0.028784009
REGION1,NOE2,S05B1,2039,0.028784009
REGION1,NOE2,S05B1,2040,0.028784009
REGION1,NOE2,S05B1,2041,0.028784009
REGION1,NOE2,S05B1,2042,0.028784009
REGION1,NOE2,S05B1,2043,0.028784009
REGION1,NOE2,S05B1,2044,0.028784009
REGION1,NOE2,S05B1,2045,0.028784009
REGION1,NOE2,S05B1,2046,0.028784009
REGION1,NOE2,S05B1,2047,0.028784009
REGION1,NOE2,S05B1,2048,0.028784009
REGION1,NOE2,S05B1,2049,0.028784009
REGION1,NOE2,S05B1,2050,0.028784009
REGION1,NOE2,S05B1,2051,0.028784009
REGION1,NOE2,S05B1,2052,0.028784009
REGION1,NOE2,S05B1,2053,0.028784009
REGION1,NOE2,S05B1,2054,0.028784009
REGION1,NOE2,S05B1,2055,0.028784009
REGION1,NOE2,S05B1,2056,0.028784009
REGION1,NOE2,S05B1,2057,0.028784009
REGION1,NOE2,S05B1,2058,0.028784009
REGION1,NOE2,S05B1,2059,0.028784009
REGION1,NOE2,S05B1,2060,0.028784009
REGION1,NOE2,S05B2,2015,0.0855460119999999
REGION1,NOE2,S05B2,2016,0.0855460119999999
REGION1,NOE2,S05B2,2017,0.0855460119999999
REGION1,NOE2,S05B2,2018,0.0855460119999999
REGION1,NOE2,S05B2,2019,0.0855460119999999
REGION1,NOE2,S05B2,2020,0.0855460119999999
REGION1,NOE2,S05B2,2021,0.0855460119999999
REGION1,NOE2,S05B2,2022,0.0855460119999999
REGION1,NOE2,S05B2,2023,0.0855460119999999
REGION1,NOE2,S05B2,2024,0.0855460119999999
REGION1,NOE2,S05B2,2025,0.0855460119999999
REGION1,NOE2,S05B2,2026,0.0855460119999999
REGION1,NOE2,S05B2,2027,0.0855460119999999
REGION1,NOE2,S05B2,2028,0.0855460119999999
REGION1,NOE2,S05B2,2029,0.0855460119999999
REGION1,NOE2,S05B2,2030,0.0855460119999999
REGION1,NOE2,S05B2,2031,0.0855460119999999
REGION1,NOE2,S05B2,2032,0.0855460119999999
REGION1,NOE2,S05B2,2033,0.0855460119999999
REGION1,NOE2,S05B2,2034,0.0855460119999999
REGION1,NOE2,S05B2,2035,0.0855460119999999
REGION1,NOE2,S05B2,2036,0.0855460119999999
REGION1,NOE2,S05B2,2037,0.0855460119999999
REGION1,NOE2,S05B2,2038,0.0855460119999999
REGION1,NOE2,S05B2,2039,0.0855460119999999
REGION1,NOE2,S05B2,2040,0.0855460119999999
REGION1,NOE2,S05B2,2041,0.0855460119999999
REGION1,NOE2,S05B2,2042,0.0855460119999999
REGION1,NOE2,S05B2,2043,0.0855460119999999
REGION1,NOE2,S05B2,2044,0.0855460119999999
REGION1,NOE2,S05B2,2045,0.0855460119999999
REGION1,NOE2,S05B2,2046,0.0855460119999999
REGION1,NOE2,S05B2,2047,0.0855460119999999
REGION1,NOE2,S05B2,2048,0.0855460119999999
REGION1,NOE2,S05B2,2049,0.0855460119999999
REGION1,NOE2,S05B2,2050,0.0855460119999999
REGION1,NOE2,S05B2,2051,0.0855460119999999
REGION1,NOE2,S05B2,2052,0.0855460119999999
REGION1,NOE2,S05B2,2053,0.0855460119999999
REGION1,NOE2,S05B2,2054,0.0855460119999999
REGION1,NOE2,S05B2,2055,0.0855460119999999
REGION1,NOE2,S05B2,2056,0.0855460119999999
REGION1,NOE2,S05B2,2057,0.0855460119999999
REGION1,NOE2,S05B2,2058,0.0855460119999999
REGION1,NOE2,S05B2,2059,0.0855460119999999
REGION1,NOE2,S05B2,2060,0.0855460119999999
REGION1,NOE2,S05B3,2015,0.015799186
REGION1,NOE2,S05B3,2016,0.015799186
REGION1,NOE2,S05B3,2017,0.015799186
REGION1,NOE2,S05B3,2018,0.015799186
REGION1,NOE2,S05B3,2019,0.015799186
REGION1,NOE2,S05B3,2020,0.015799186
REGION1,NOE2,S05B3,2021,0.015799186
REGION1,NOE2,S05B3,2022,0.015799186
REGION1,NOE2,S05B3,2023,0.015799186
REGION1,NOE2,S05B3,2024,0.015799186
REGION1,NOE2,S05B3,2025,0.015799186
REGION1,NOE2,S05B3,2026,0.015799186
REGION1,NOE2,S05B3,2027,0.015799186
REGION1,NOE2,S05B3,2028,0.015799186
REGION1,NOE2,S05B3,2029,0.015799186
REGION1,NOE2,S05B3,2030,0.015799186
REGION1,NOE2,S05B3,2031,0.015799186
REGION1,NOE2,S05B3,2032,0.015799186
REGION1,NOE2,S05B3,2033,0.015799186
REGION1,NOE2,S05B3,2034,0.015799186
REGION1,NOE2,S05B3,2035,0.015799186
REGION1,NOE2,S05B3,2036,0.015799186
REGION1,NOE2,S05B3,2037,0.015799186
REGION1,NOE2,S05B3,2038,0.015799186
REGION1,NOE2,S05B3,2039,0.015799186
REGION1,NOE2,S05B3,2040,0.015799186
REGION1,NOE2,S05B3,2041,0.015799186
REGION1,NOE2,S05B3,2042,0.015799186
REGION1,NOE2,S05B3,2043,0.015799186
REGION1,NOE2,S05B3,2044,0.015799186
REGION1,NOE2,S05B3,2045,0.015799186
REGION1,NOE2,S05B3,2046,0.015799186
REGION1,NOE2,S05B3,2047,0.015799186
REGION1,NOE2,S05B3,2048,0.015799186
REGION1,NOE2,S05B3,2049,0.015799186
REGION1,NOE2,S05B3,2050,0.015799186
REGION1,NOE2,S05B3,2051,0.015799186
REGION1,NOE2,S05B3,2052,0.015799186
REGION1,NOE2,S05B3,2053,0.015799186
REGION1,NOE2,S05B3,2054,0.015799186
REGION1,NOE2,S05B3,2055,0.015799186
REGION1,NOE2,S05B3,2056,0.015799186
REGION1,NOE2,S05B3,2057,0.015799186
REGION1,NOE2,S05B3,2058,0.015799186
REGION1,NOE2,S05B3,2059,0.015799186
REGION1,NOE2,S05B3,2060,0.015799186
REGION1,SEE2,S01B1,2015,0.045774998
REGION1,SEE2,S01B1,2016,0.045774998
REGION1,SEE2,S01B1,2017,0.045774998
REGION1,SEE2,S01B1,2018,0.045774998
REGION1,SEE2,S01B1,2019,0.045774998
REGION1,SEE2,S01B1,2020,0.045774998
REGION1,SEE2,S01B1,2021,0.045774998
REGION1,SEE2,S01B1,2022,0.045774998
REGION1,SEE2,S01B1,2023,0.045774998
REGION1,SEE2,S01B1,2024,0.045774998
REGION1,SEE2,S01B1,2025,0.045774998
REGION1,SEE2,S01B1,2026,0.045774998
REGION1,SEE2,S01B1,2027,0.045774998
REGION1,SEE2,S01B1,2028,0.045774998
REGION1,SEE2,S01B1,2029,0.045774998
REGION1,SEE2,S01B1,2030,0.045774998
REGION1,SEE2,S01B1,2031,0.045774998
REGION1,SEE2,S01B1,2032,0.045774998
REGION1,SEE2,S01B1,2033,0.045774998
REGION1,SEE2,S01B1,2034,0.045774998
REGION1,SEE2,S01B1,2035,0.045774998
REGION1,SEE2,S01B1,2036,0.045774998
REGION1,SEE2,S01B1,2037,0.045774998
REGION1,SEE2,S01B1,2038,0.045774998
REGION1,SEE2,S01B1,2039,0.045774998
REGION1,SEE2,S01B1,2040,0.045774998
REGION1,SEE2,S01B1,2041,0.045774998
REGION1,SEE2,S01B1,2042,0.045774998
REGION1,SEE2,S01B1,2043,0.045774998
REGION1,SEE2,S01B1,2044,0.045774998
REGION1,SEE2,S01B1,2045,0.045774998
REGION1,SEE2,S01B1,2046,0.045774998
REGION1,SEE2,S01B1,2047,0.045774998
REGION1,SEE2,S01B1,2048,0.045774998
REGION1,SEE2,S01B1,2049,0.045774998
REGION1,SEE2,S01B1,2050,0.045774998
REGION1,SEE2,S01B1,2051,0.045774998
REGION1,SEE2,S01B1,2052,0.045774998
REGION1,SEE2,S01B1,2053,0.045774998
REGION1,SEE2,S01B1,2054,0.045774998
REGION1,SEE2,S01B1,2055,0.045774998
REGION1,SEE2,S01B1,2056,0.045774998
REGION1,SEE2,S01B1,2057,0.045774998
REGION1,SEE2,S01B1,2058,0.045774998
REGION1,SEE2,S01B1,2059,0.045774998
REGION1,SEE2,S01B1,2060,0.045774998
REGION1,SEE2,S01B2,2015,0.141501128
REGION1,SEE2,S01B2,2016,0.141501128
REGION1,SEE2,S01B2,2017,0.141501128
REGION1,SEE2,S01B2,2018,0.141501128
REGION1,SEE2,S01B2,2019,0.141501128
REGION1,SEE2,S01B2,2020,0.141501128
REGION1,SEE2,S01B2,2021,0.141501128
REGION1,SEE2,S01B2,2022,0.141501128
REGION1,SEE2,S01B2,2023,0.141501128
REGION1,SEE2,S01B2,2024,0.141501128
REGION1,SEE2,S01B2,2025,0.141501128
REGION1,SEE2,S01B2,2026,0.141501128
REGION1,SEE2,S01B2,2027,0.141501128
REGION1,SEE2,S01B2,2028,0.141501128
REGION1,SEE2,S01B2,2029,0.141501128
REGION1,SEE2,S01B2,2030,0.141501128
REGION1,SEE2,S01B2,2031,0.141501128
REGION1,SEE2,S01B2,2032,0.141501128
REGION1,SEE2,S01B2,2033,0.141501128
REGION1,SEE2,S01B2,2034,0.141501128
REGION1,SEE2,S01B2,2035,0.141501128
REGION1,SEE2,S01B2,2036,0.141501128
REGION1,SEE2,S01B2,2037,0.141501128
REGION1,SEE2,S01B2,2038,0.141501128
REGION1,SEE2,S01B2,2039,0.141501128
REGION1,SEE2,S01B2,2040,0.141501128
REGION1,SEE2,S01B2,2041,0.141501128
REGION1,SEE2,S01B2,2042,0.141501128
REGION1,SEE2,S01B2,2043,0.141501128
REGION1,SEE2,S01B2,2044,0.141501128
REGION1,SEE2,S01B2,2045,0.141501128
REGION1,SEE2,S01B2,2046,0.141501128
REGION1,SEE2,S01B2,2047,0.141501128
REGION1,SEE2,S01B2,2048,0.141501128
REGION1,SEE2,S01B2,2049,0.141501128
REGION1,SEE2,S01B2,2050,0.141501128
REGION1,SEE2,S01B2,2051,0.141501128
REGION1,SEE2,S01B2,2052,0.141501128
REGION1,SEE2,S01B2,2053,0.141501128
REGION1,SEE2,S01B2,2054,0.141501128
REGION1,SEE2,S01B2,2055,0.141501128
REGION1,SEE2,S01B2,2056,0.141501128
REGION1,SEE2,S01B2,2057,0.141501128
REGION1,SEE2,S01B2,2058,0.141501128
REGION1,SEE2,S01B2,2059,0.141501128
REGION1,SEE2,S01B2,2060,0.141501128
REGION1,SEE2,S01B3,2015,0.025252502
REGION1,SEE2,S01B3,2016,0.025252502
REGION1,SEE2,S01B3,2017,0.025252502
REGION1,SEE2,S01B3,2018,0.025252502
REGION1,SEE2,S01B3,2019,0.025252502
REGION1,SEE2,S01B3,2020,0.025252502
REGION1,SEE2,S01B3,2021,0.025252502
REGION1,SEE2,S01B3,2022,0.025252502
REGION1,SEE2,S01B3,2023,0.025252502
REGION1,SEE2,S01B3,2024,0.025252502
REGION1,SEE2,S01B3,2025,0.025252502
REGION1,SEE2,S01B3,2026,0.025252502
REGION1,SEE2,S01B3,2027,0.025252502
REGION1,SEE2,S01B3,2028,0.025252502
REGION1,SEE2,S01B3,2029,0.025252502
REGION1,SEE2,S01B3,2030,0.025252502
REGION1,SEE2,S01B3,2031,0.025252502
REGION1,SEE2,S01B3,2032,0.025252502
REGION1,SEE2,S01B3,2033,0.025252502
REGION1,SEE2,S01B3,2034,0.025252502
REGION1,SEE2,S01B3,2035,0.025252502
REGION1,SEE2,S01B3,2036,0.025252502
REGION1,SEE2,S01B3,2037,0.025252502
REGION1,SEE2,S01B3,2038,0.025252502
REGION1,SEE2,S01B3,2039,0.025252502
REGION1,SEE2,S01B3,2040,0.025252502
REGION1,SEE2,S01B3,2041,0.025252502
REGION1,SEE2,S01B3,2042,0.025252502
REGION1,SEE2,S01B3,2043,0.025252502
REGION1,SEE2,S01B3,2044,0.025252502
REGION1,SEE2,S01B3,2045,0.025252502
REGION1,SEE2,S01B3,2046,0.025252502
REGION1,SEE2,S01B3,2047,0.025252502
REGION1,SEE2,S01B3,2048,0.025252502
REGION1,SEE2,S01B3,2049,0.025252502
REGION1,SEE2,S01B3,2050,0.025252502
REGION1,SEE2,S01B3,2051,0.025252502
REGION1,SEE2,S01B3,2052,0.025252502
REGION1,SEE2,S01B3,2053,0.025252502
REGION1,SEE2,S01B3,2054,0.025252502
REGION1,SEE2,S01B3,2055,0.025252502
REGION1,SEE2,S01B3,2056,0.025252502
REGION1,SEE2,S01B3,2057,0.025252502
REGION1,SEE2,S01B3,2058,0.025252502
REGION1,SEE2,S01B3,2059,0.025252502
REGION1,SEE2,S01B3,2060,0.025252502
REGION1,SEE2,S02B1,2015,0.024188607
REGION1,SEE2,S02B1,2016,0.024188607
REGION1,SEE2,S02B1,2017,0.024188607
REGION1,SEE2,S02B1,2018,0.024188607
REGION1,SEE2,S02B1,2019,0.024188607
REGION1,SEE2,S02B1,2020,0.024188607
REGION1,SEE2,S02B1,2021,0.024188607
REGION1,SEE2,S02B1,2022,0.024188607
REGION1,SEE2,S02B1,2023,0.024188607
REGION1,SEE2,S02B1,2024,0.024188607
REGION1,SEE2,S02B1,2025,0.024188607
REGION1,SEE2,S02B1,2026,0.024188607
REGION1,SEE2,S02B1,2027,0.024188607
REGION1,SEE2,S02B1,2028,0.024188607
REGION1,SEE2,S02B1,2029,0.024188607
REGION1,SEE2,S02B1,2030,0.024188607
REGION1,SEE2,S02B1,2031,0.024188607
REGION1,SEE2,S02B1,2032,0.024188607
REGION1,SEE2,S02B1,2033,0.024188607
REGION1,SEE2,S02B1,2034,0.024188607
REGION1,SEE2,S02B1,2035,0.024188607
REGION1,SEE2,S02B1,2036,0.024188607
REGION1,SEE2,S02B1,2037,0.024188607
REGION1,SEE2,S02B1,2038,0.024188607
REGION1,SEE2,S02B1,2039,0.024188607
REGION1,SEE2,S02B1,2040,0.024188607
REGION1,SEE2,S02B1,2041,0.024188607
REGION1,SEE2,S02B1,2042,0.024188607
REGION1,SEE2,S02B1,2043,0.024188607
REGION1,SEE2,S02B1,2044,0.024188607
REGION1,SEE2,S02B1,2045,0.024188607
REGION1,SEE2,S02B1,2046,0.024188607
REGION1,SEE2,S02B1,2047,0.024188607
REGION1,SEE2,S02B1,2048,0.024188607
REGION1,SEE2,S02B1,2049,0.024188607
REGION1,SEE2,S02B1,2050,0.024188607
REGION1,SEE2,S02B1,2051,0.024188607
REGION1,SEE2,S02B1,2052,0.024188607
REGION1,SEE2,S02B1,2053,0.024188607
REGION1,SEE2,S02B1,2054,0.024188607
REGION1,SEE2,S02B1,2055,0.024188607
REGION1,SEE2,S02B1,2056,0.024188607
REGION1,SEE2,S02B1,2057,0.024188607
REGION1,SEE2,S02B1,2058,0.024188607
REGION1,SEE2,S02B1,2059,0.024188607
REGION1,SEE2,S02B1,2060,0.024188607
REGION1,SEE2,S02B2,2015,0.07599758
REGION1,SEE2,S02B2,2016,0.07599758
REGION1,SEE2,S02B2,2017,0.07599758
REGION1,SEE2,S02B2,2018,0.07599758
REGION1,SEE2,S02B2,2019,0.07599758
REGION1,SEE2,S02B2,2020,0.07599758
REGION1,SEE2,S02B2,2021,0.07599758
REGION1,SEE2,S02B2,2022,0.07599758
REGION1,SEE2,S02B2,2023,0.07599758
REGION1,SEE2,S02B2,2024,0.07599758
REGION1,SEE2,S02B2,2025,0.07599758
REGION1,SEE2,S02B2,2026,0.07599758
REGION1,SEE2,S02B2,2027,0.07599758
REGION1,SEE2,S02B2,2028,0.07599758
REGION1,SEE2,S02B2,2029,0.07599758
REGION1,SEE2,S02B2,2030,0.07599758
REGION1,SEE2,S02B2,2031,0.07599758
REGION1,SEE2,S02B2,2032,0.07599758
REGION1,SEE2,S02B2,2033,0.07599758
REGION1,SEE2,S02B2,2034,0.07599758
REGION1,SEE2,S02B2,2035,0.07599758
REGION1,SEE2,S02B2,2036,0.07599758
REGION1,SEE2,S02B2,2037,0.07599758
REGION1,SEE2,S02B2,2038,0.07599758
REGION1,SEE2,S02B2,2039,0.07599758
REGION1,SEE2,S02B2,2040,0.07599758
REGION1,SEE2,S02B2,2041,0.07599758
REGION1,SEE2,S02B2,2042,0.07599758
REGION1,SEE2,S02B2,2043,0.07599758
REGION1,SEE2,S02B2,2044,0.07599758
REGION1,SEE2,S02B2,2045,0.07599758
REGION1,SEE2,S02B2,2046,0.07599758
REGION1,SEE2,S02B2,2047,0.07599758
REGION1,SEE2,S02B2,2048,0.07599758
REGION1,SEE2,S02B2,2049,0.07599758
REGION1,SEE2,S02B2,2050,0.07599758
REGION1,SEE2,S02B2,2051,0.07599758
REGION1,SEE2,S02B2,2052,0.07599758
REGION1,SEE2,S02B2,2053,0.07599758
REGION1,SEE2,S02B2,2054,0.07599758
REGION1,SEE2,S02B2,2055,0.07599758
REGION1,SEE2,S02B2,2056,0.07599758
REGION1,SEE2,S02B2,2057,0.07599758
REGION1,SEE2,S02B2,2058,0.07599758
REGION1,SEE2,S02B2,2059,0.07599758
REGION1,SEE2,S02B2,2060,0.07599758
REGION1,SEE2,S02B3,2015,0.008567614
REGION1,SEE2,S02B3,2016,0.008567614
REGION1,SEE2,S02B3,2017,0.008567614
REGION1,SEE2,S02B3,2018,0.008567614
REGION1,SEE2,S02B3,2019,0.008567614
REGION1,SEE2,S02B3,2020,0.008567614
REGION1,SEE2,S02B3,2021,0.008567614
REGION1,SEE2,S02B3,2022,0.008567614
REGION1,SEE2,S02B3,2023,0.008567614
REGION1,SEE2,S02B3,2024,0.008567614
REGION1,SEE2,S02B3,2025,0.008567614
REGION1,SEE2,S02B3,2026,0.008567614
REGION1,SEE2,S02B3,2027,0.008567614
REGION1,SEE2,S02B3,2028,0.008567614
REGION1,SEE2,S02B3,2029,0.008567614
REGION1,SEE2,S02B3,2030,0.008567614
REGION1,SEE2,S02B3,2031,0.008567614
REGION1,SEE2,S02B3,2032,0.008567614
REGION1,SEE2,S02B3,2033,0.008567614
REGION1,SEE2,S02B3,2034,0.008567614
REGION1,SEE2,S02B3,2035,0.008567614
REGION1,SEE2,S02B3,2036,0.008567614
REGION1,SEE2,S02B3,2037,0.008567614
REGION1,SEE2,S02B3,2038,0.008567614
REGION1,SEE2,S02B3,2039,0.008567614
REGION1,SEE2,S02B3,2040,0.008567614
REGION1,SEE2,S02B3,2041,0.008567614
REGION1,SEE2,S02B3,2042,0.008567614
REGION1,SEE2,S02B3,2043,0.008567614
REGION1,SEE2,S02B3,2044,0.008567614
REGION1,SEE2,S02B3,2045,0.008567614
REGION1,SEE2,S02B3,2046,0.008567614
REGION1,SEE2,S02B3,2047,0.008567614
REGION1,SEE2,S02B3,2048,0.008567614
REGION1,SEE2,S02B3,2049,0.008567614
REGION1,SEE2,S02B3,2050,0.008567614
REGION1,SEE2,S02B3,2051,0.008567614
REGION1,SEE2,S02B3,2052,0.008567614
REGION1,SEE2,S02B3,2053,0.008567614
REGION1,SEE2,S02B3,2054,0.008567614
REGION1,SEE2,S02B3,2055,0.008567614
REGION1,SEE2,S02B3,2056,0.008567614
REGION1,SEE2,S02B3,2057,0.008567614
REGION1,SEE2,S02B3,2058,0.008567614
REGION1,SEE2,S02B3,2059,0.008567614
REGION1,SEE2,S02B3,2060,0.008567614
REGION1,SEE2,S03B1,2015,0.077601704
REGION1,SEE2,S03B1,2016,0.077601704
REGION1,SEE2,S03B1,2017,0.077601704
REGION1,SEE2,S03B1,2018,0.077601704
REGION1,SEE2,S03B1,2019,0.077601704
REGION1,SEE2,S03B1,2020,0.077601704
REGION1,SEE2,S03B1,2021,0.077601704
REGION1,SEE2,S03B1,2022,0.077601704
REGION1,SEE2,S03B1,2023,0.077601704
REGION1,SEE2,S03B1,2024,0.077601704
REGION1,SEE2,S03B1,2025,0.077601704
REGION1,SEE2,S03B1,2026,0.077601704
REGION1,SEE2,S03B1,2027,0.077601704
REGION1,SEE2,S03B1,2028,0.077601704
REGION1,SEE2,S03B1,2029,0.077601704
REGION1,SEE2,S03B1,2030,0.077601704
REGION1,SEE2,S03B1,2031,0.077601704
REGION1,SEE2,S03B1,2032,0.077601704
REGION1,SEE2,S03B1,2033,0.077601704
REGION1,SEE2,S03B1,2034,0.077601704
REGION1,SEE2,S03B1,2035,0.077601704
REGION1,SEE2,S03B1,2036,0.077601704
REGION1,SEE2,S03B1,2037,0.077601704
REGION1,SEE2,S03B1,2038,0.077601704
REGION1,SEE2,S03B1,2039,0.077601704
REGION1,SEE2,S03B1,2040,0.077601704
REGION1,SEE2,S03B1,2041,0.077601704
REGION1,SEE2,S03B1,2042,0.077601704
REGION1,SEE2,S03B1,2043,0.077601704
REGION1,SEE2,S03B1,2044,0.077601704
REGION1,SEE2,S03B1,2045,0.077601704
REGION1,SEE2,S03B1,2046,0.077601704
REGION1,SEE2,S03B1,2047,0.077601704
REGION1,SEE2,S03B1,2048,0.077601704
REGION1,SEE2,S03B1,2049,0.077601704
REGION1,SEE2,S03B1,2050,0.077601704
REGION1,SEE2,S03B1,2051,0.077601704
REGION1,SEE2,S03B1,2052,0.077601704
REGION1,SEE2,S03B1,2053,0.077601704
REGION1,SEE2,S03B1,2054,0.077601704
REGION1,SEE2,S03B1,2055,0.077601704
REGION1,SEE2,S03B1,2056,0.077601704
REGION1,SEE2,S03B1,2057,0.077601704
REGION1,SEE2,S03B1,2058,0.077601704
REGION1,SEE2,S03B1,2059,0.077601704
REGION1,SEE2,S03B1,2060,0.077601704
REGION1,SEE2,S03B2,2015,0.305348301
REGION1,SEE2,S03B2,2016,0.305348301
REGION1,SEE2,S03B2,2017,0.305348301
REGION1,SEE2,S03B2,2018,0.305348301
REGION1,SEE2,S03B2,2019,0.305348301
REGION1,SEE2,S03B2,2020,0.305348301
REGION1,SEE2,S03B2,2021,0.305348301
REGION1,SEE2,S03B2,2022,0.305348301
REGION1,SEE2,S03B2,2023,0.305348301
REGION1,SEE2,S03B2,2024,0.305348301
REGION1,SEE2,S03B2,2025,0.305348301
REGION1,SEE2,S03B2,2026,0.305348301
REGION1,SEE2,S03B2,2027,0.305348301
REGION1,SEE2,S03B2,2028,0.305348301
REGION1,SEE2,S03B2,2029,0.305348301
REGION1,SEE2,S03B2,2030,0.305348301
REGION1,SEE2,S03B2,2031,0.305348301
REGION1,SEE2,S03B2,2032,0.305348301
REGION1,SEE2,S03B2,2033,0.305348301
REGION1,SEE2,S03B2,2034,0.305348301
REGION1,SEE2,S03B2,2035,0.305348301
REGION1,SEE2,S03B2,2036,0.305348301
REGION1,SEE2,S03B2,2037,0.305348301
REGION1,SEE2,S03B2,2038,0.305348301
REGION1,SEE2,S03B2,2039,0.305348301
REGION1,SEE2,S03B2,2040,0.305348301
REGION1,SEE2,S03B2,2041,0.305348301
REGION1,SEE2,S03B2,2042,0.305348301
REGION1,SEE2,S03B2,2043,0.305348301
REGION1,SEE2,S03B2,2044,0.305348301
REGION1,SEE2,S03B2,2045,0.305348301
REGION1,SEE2,S03B2,2046,0.305348301
REGION1,SEE2,S03B2,2047,0.305348301
REGION1,SEE2,S03B2,2048,0.305348301
REGION1,SEE2,S03B2,2049,0.305348301
REGION1,SEE2,S03B2,2050,0.305348301
REGION1,SEE2,S03B2,2051,0.305348301
REGION1,SEE2,S03B2,2052,0.305348301
REGION1,SEE2,S03B2,2053,0.305348301
REGION1,SEE2,S03B2,2054,0.305348301
REGION1,SEE2,S03B2,2055,0.305348301
REGION1,SEE2,S03B2,2056,0.305348301
REGION1,SEE2,S03B2,2057,0.305348301
REGION1,SEE2,S03B2,2058,0.305348301
REGION1,SEE2,S03B2,2059,0.305348301
REGION1,SEE2,S03B2,2060,0.305348301
REGION1,SEE2,S03B3,2015,0.052877628
REGION1,SEE2,S03B3,2016,0.052877628
REGION1,SEE2,S03B3,2017,0.052877628
REGION1,SEE2,S03B3,2018,0.052877628
REGION1,SEE2,S03B3,2019,0.052877628
REGION1,SEE2,S03B3,2020,0.052877628
REGION1,SEE2,S03B3,2021,0.052877628
REGION1,SEE2,S03B3,2022,0.052877628
REGION1,SEE2,S03B3,2023,0.052877628
REGION1,SEE2,S03B3,2024,0.052877628
REGION1,SEE2,S03B3,2025,0.052877628
REGION1,SEE2,S03B3,2026,0.052877628
REGION1,SEE2,S03B3,2027,0.052877628
REGION1,SEE2,S03B3,2028,0.052877628
REGION1,SEE2,S03B3,2029,0.052877628
REGION1,SEE2,S03B3,2030,0.052877628
REGION1,SEE2,S03B3,2031,0.052877628
REGION1,SEE2,S03B3,2032,0.052877628
REGION1,SEE2,S03B3,2033,0.052877628
REGION1,SEE2,S03B3,2034,0.052877628
REGION1,SEE2,S03B3,2035,0.052877628
REGION1,SEE2,S03B3,2036,0.052877628
REGION1,SEE2,S03B3,2037,0.052877628
REGION1,SEE2,S03B3,2038,0.052877628
REGION1,SEE2,S03B3,2039,0.052877628
REGION1,SEE2,S03B3,2040,0.052877628
REGION1,SEE2,S03B3,2041,0.052877628
REGION1,SEE2,S03B3,2042,0.052877628
REGION1,SEE2,S03B3,2043,0.052877628
REGION1,SEE2,S03B3,2044,0.052877628
REGION1,SEE2,S03B3,2045,0.052877628
REGION1,SEE2,S03B3,2046,0.052877628
REGION1,SEE2,S03B3,2047,0.052877628
REGION1,SEE2,S03B3,2048,0.052877628
REGION1,SEE2,S03B3,2049,0.052877628
REGION1,SEE2,S03B3,2050,0.052877628
REGION1,SEE2,S03B3,2051,0.052877628
REGION1,SEE2,S03B3,2052,0.052877628
REGION1,SEE2,S03B3,2053,0.052877628
REGION1,SEE2,S03B3,2054,0.052877628
REGION1,SEE2,S03B3,2055,0.052877628
REGION1,SEE2,S03B3,2056,0.052877628
REGION1,SEE2,S03B3,2057,0.052877628
REGION1,SEE2,S03B3,2058,0.052877628
REGION1,SEE2,S03B3,2059,0.052877628
REGION1,SEE2,S03B3,2060,0.052877628
REGION1,SEE2,S04B1,2015,0.024634014
REGION1,SEE2,S04B1,2016,0.024634014
REGION1,SEE2,S04B1,2017,0.024634014
REGION1,SEE2,S04B1,2018,0.024634014
REGION1,SEE2,S04B1,2019,0.024634014
REGION1,SEE2,S04B1,2020,0.024634014
REGION1,SEE2,S04B1,2021,0.024634014
REGION1,SEE2,S04B1,2022,0.024634014
REGION1,SEE2,S04B1,2023,0.024634014
REGION1,SEE2,S04B1,2024,0.024634014
REGION1,SEE2,S04B1,2025,0.024634014
REGION1,SEE2,S04B1,2026,0.024634014
REGION1,SEE2,S04B1,2027,0.024634014
REGION1,SEE2,S04B1,2028,0.024634014
REGION1,SEE2,S04B1,2029,0.024634014
REGION1,SEE2,S04B1,2030,0.024634014
REGION1,SEE2,S04B1,2031,0.024634014
REGION1,SEE2,S04B1,2032,0.024634014
REGION1,SEE2,S04B1,2033,0.024634014
REGION1,SEE2,S04B1,2034,0.024634014
REGION1,SEE2,S04B1,2035,0.024634014
REGION1,SEE2,S04B1,2036,0.024634014
REGION1,SEE2,S04B1,2037,0.024634014
REGION1,SEE2,S04B1,2038,0.024634014
REGION1,SEE2,S04B1,2039,0.024634014
REGION1,SEE2,S04B1,2040,0.024634014
REGION1,SEE2,S04B1,2041,0.024634014
REGION1,SEE2,S04B1,2042,0.024634014
REGION1,SEE2,S04B1,2043,0.024634014
REGION1,SEE2,S04B1,2044,0.024634014
REGION1,SEE2,S04B1,2045,0.024634014
REGION1,SEE2,S04B1,2046,0.024634014
REGION1,SEE2,S04B1,2047,0.024634014
REGION1,SEE2,S04B1,2048,0.024634014
REGION1,SEE2,S04B1,2049,0.024634014
REGION1,SEE2,S04B1,2050,0.024634014
REGION1,SEE2,S04B1,2051,0.024634014
REGION1,SEE2,S04B1,2052,0.024634014
REGION1,SEE2,S04B1,2053,0.024634014
REGION1,SEE2,S04B1,2054,0.024634014
REGION1,SEE2,S04B1,2055,0.024634014
REGION1,SEE2,S04B1,2056,0.024634014
REGION1,SEE2,S04B1,2057,0.024634014
REGION1,SEE2,S04B1,2058,0.024634014
REGION1,SEE2,S04B1,2059,0.024634014
REGION1,SEE2,S04B1,2060,0.024634014
REGION1,SEE2,S04B2,2015,0.078681023
REGION1,SEE2,S04B2,2016,0.078681023
REGION1,SEE2,S04B2,2017,0.078681023
REGION1,SEE2,S04B2,2018,0.078681023
REGION1,SEE2,S04B2,2019,0.078681023
REGION1,SEE2,S04B2,2020,0.078681023
REGION1,SEE2,S04B2,2021,0.078681023
REGION1,SEE2,S04B2,2022,0.078681023
REGION1,SEE2,S04B2,2023,0.078681023
REGION1,SEE2,S04B2,2024,0.078681023
REGION1,SEE2,S04B2,2025,0.078681023
REGION1,SEE2,S04B2,2026,0.078681023
REGION1,SEE2,S04B2,2027,0.078681023
REGION1,SEE2,S04B2,2028,0.078681023
REGION1,SEE2,S04B2,2029,0.078681023
REGION1,SEE2,S04B2,2030,0.078681023
REGION1,SEE2,S04B2,2031,0.078681023
REGION1,SEE2,S04B2,2032,0.078681023
REGION1,SEE2,S04B2,2033,0.078681023
REGION1,SEE2,S04B2,2034,0.078681023
REGION1,SEE2,S04B2,2035,0.078681023
REGION1,SEE2,S04B2,2036,0.078681023
REGION1,SEE2,S04B2,2037,0.078681023
REGION1,SEE2,S04B2,2038,0.078681023
REGION1,SEE2,S04B2,2039,0.078681023
REGION1,SEE2,S04B2,2040,0.078681023
REGION1,SEE2,S04B2,2041,0.078681023
REGION1,SEE2,S04B2,2042,0.078681023
REGION1,SEE2,S04B2,2043,0.078681023
REGION1,SEE2,S04B2,2044,0.078681023
REGION1,SEE2,S04B2,2045,0.078681023
REGION1,SEE2,S04B2,2046,0.078681023
REGION1,SEE2,S04B2,2047,0.078681023
REGION1,SEE2,S04B2,2048,0.078681023
REGION1,SEE2,S04B2,2049,0.078681023
REGION1,SEE2,S04B2,2050,0.078681023
REGION1,SEE2,S04B2,2051,0.078681023
REGION1,SEE2,S04B2,2052,0.078681023
REGION1,SEE2,S04B2,2053,0.078681023
REGION1,SEE2,S04B2,2054,0.078681023
REGION1,SEE2,S04B2,2055,0.078681023
REGION1,SEE2,S04B2,2056,0.078681023
REGION1,SEE2,S04B2,2057,0.078681023
REGION1,SEE2,S04B2,2058,0.078681023
REGION1,SEE2,S04B2,2059,0.078681023
REGION1,SEE2,S04B2,2060,0.078681023
REGION1,SEE2,S04B3,2015,0.013893477
REGION1,SEE2,S04B3,2016,0.013893477
REGION1,SEE2,S04B3,2017,0.013893477
REGION1,SEE2,S04B3,2018,0.013893477
REGION1,SEE2,S04B3,2019,0.013893477
REGION1,SEE2,S04B3,2020,0.013893477
REGION1,SEE2,S04B3,2021,0.013893477
REGION1,SEE2,S04B3,2022,0.013893477
REGION1,SEE2,S04B3,2023,0.013893477
REGION1,SEE2,S04B3,2024,0.013893477
REGION1,SEE2,S04B3,2025,0.013893477
REGION1,SEE2,S04B3,2026,0.013893477
REGION1,SEE2,S04B3,2027,0.013893477
REGION1,SEE2,S04B3,2028,0.013893477
REGION1,SEE2,S04B3,2029,0.013893477
REGION1,SEE2,S04B3,2030,0.013893477
REGION1,SEE2,S04B3,2031,0.013893477
REGION1,SEE2,S04B3,2032,0.013893477
REGION1,SEE2,S04B3,2033,0.013893477
REGION1,SEE2,S04B3,2034,0.013893477
REGION1,SEE2,S04B3,2035,0.013893477
REGION1,SEE2,S04B3,2036,0.013893477
REGION1,SEE2,S04B3,2037,0.013893477
REGION1,SEE2,S04B3,2038,0.013893477
REGION1,SEE2,S04B3,2039,0.013893477
REGION1,SEE2,S04B3,2040,0.013893477
REGION1,SEE2,S04B3,2041,0.013893477
REGION1,SEE2,S04B3,2042,0.013893477
REGION1,SEE2,S04B3,2043,0.013893477
REGION1,SEE2,S04B3,2044,0.013893477
REGION1,SEE2,S04B3,2045,0.013893477
REGION1,SEE2,S04B3,2046,0.013893477
REGION1,SEE2,S04B3,2047,0.013893477
REGION1,SEE2,S04B3,2048,0.013893477
REGION1,SEE2,S04B3,2049,0.013893477
REGION1,SEE2,S04B3,2050,0.013893477
REGION1,SEE2,S04B3,2051,0.013893477
REGION1,SEE2,S04B3,2052,0.013893477
REGION1,SEE2,S04B3,2053,0.013893477
REGION1,SEE2,S04B3,2054,0.013893477
REGION1,SEE2,S04B3,2055,0.013893477
REGION1,SEE2,S04B3,2056,0.013893477
REGION1,SEE2,S04B3,2057,0.013893477
REGION1,SEE2,S04B3,2058,0.013893477
REGION1,SEE2,S04B3,2059,0.013893477
REGION1,SEE2,S04B3,2060,0.013893477
REGION1,SEE2,S05B1,2015,0.026713264
REGION1,SEE2,S05B1,2016,0.026713264
REGION1,SEE2,S05B1,2017,0.026713264
REGION1,SEE2,S05B1,2018,0.026713264
REGION1,SEE2,S05B1,2019,0.026713264
REGION1,SEE2,S05B1,2020,0.026713264
REGION1,SEE2,S05B1,2021,0.026713264
REGION1,SEE2,S05B1,2022,0.026713264
REGION1,SEE2,S05B1,2023,0.026713264
REGION1,SEE2,S05B1,2024,0.026713264
REGION1,SEE2,S05B1,2025,0.026713264
REGION1,SEE2,S05B1,2026,0.026713264
REGION1,SEE2,S05B1,2027,0.026713264
REGION1,SEE2,S05B1,2028,0.026713264
REGION1,SEE2,S05B1,2029,0.026713264
REGION1,SEE2,S05B1,2030,0.026713264
REGION1,SEE2,S05B1,2031,0.026713264
REGION1,SEE2,S05B1,2032,0.026713264
REGION1,SEE2,S05B1,2033,0.026713264
REGION1,SEE2,S05B1,2034,0.026713264
REGION1,SEE2,S05B1,2035,0.026713264
REGION1,SEE2,S05B1,2036,0.026713264
REGION1,SEE2,S05B1,2037,0.026713264
REGION1,SEE2,S05B1,2038,0.026713264
REGION1,SEE2,S05B1,2039,0.026713264
REGION1,SEE2,S05B1,2040,0.026713264
REGION1,SEE2,S05B1,2041,0.026713264
REGION1,SEE2,S05B1,2042,0.026713264
REGION1,SEE2,S05B1,2043,0.026713264
REGION1,SEE2,S05B1,2044,0.026713264
REGION1,SEE2,S05B1,2045,0.026713264
REGION1,SEE2,S05B1,2046,0.026713264
REGION1,SEE2,S05B1,2047,0.026713264
REGION1,SEE2,S05B1,2048,0.026713264
REGION1,SEE2,S05B1,2049,0.026713264
REGION1,SEE2,S05B1,2050,0.026713264
REGION1,SEE2,S05B1,2051,0.026713264
REGION1,SEE2,S05B1,2052,0.026713264
REGION1,SEE2,S05B1,2053,0.026713264
REGION1,SEE2,S05B1,2054,0.026713264
REGION1,SEE2,S05B1,2055,0.026713264
REGION1,SEE2,S05B1,2056,0.026713264
REGION1,SEE2,S05B1,2057,0.026713264
REGION1,SEE2,S05B1,2058,0.026713264
REGION1,SEE2,S05B1,2059,0.026713264
REGION1,SEE2,S05B1,2060,0.026713264
REGION1,SEE2,S05B2,2015,0.084072626
REGION1,SEE2,S05B2,2016,0.084072626
REGION1,SEE2,S05B2,2017,0.084072626
REGION1,SEE2,S05B2,2018,0.084072626
REGION1,SEE2,S05B2,2019,0.084072626
REGION1,SEE2,S05B2,2020,0.084072626
REGION1,SEE2,S05B2,2021,0.084072626
REGION1,SEE2,S05B2,2022,0.084072626
REGION1,SEE2,S05B2,2023,0.084072626
REGION1,SEE2,S05B2,2024,0.084072626
REGION1,SEE2,S05B2,2025,0.084072626
REGION1,SEE2,S05B2,2026,0.084072626
REGION1,SEE2,S05B2,2027,0.084072626
REGION1,SEE2,S05B2,2028,0.084072626
REGION1,SEE2,S05B2,2029,0.084072626
REGION1,SEE2,S05B2,2030,0.084072626
REGION1,SEE2,S05B2,2031,0.084072626
REGION1,SEE2,S05B2,2032,0.084072626
REGION1,SEE2,S05B2,2033,0.084072626
REGION1,SEE2,S05B2,2034,0.084072626
REGION1,SEE2,S05B2,2035,0.084072626
REGION1,SEE2,S05B2,2036,0.084072626
REGION1,SEE2,S05B2,2037,0.084072626
REGION1,SEE2,S05B2,2038,0.084072626
REGION1,SEE2,S05B2,2039,0.084072626
REGION1,SEE2,S05B2,2040,0.084072626
REGION1,SEE2,S05B2,2041,0.084072626
REGION1,SEE2,S05B2,2042,0.084072626
REGION1,SEE2,S05B2,2043,0.084072626
REGION1,SEE2,S05B2,2044,0.084072626
REGION1,SEE2,S05B2,2045,0.084072626
REGION1,SEE2,S05B2,2046,0.084072626
REGION1,SEE2,S05B2,2047,0.084072626
REGION1,SEE2,S05B2,2048,0.084072626
REGION1,SEE2,S05B2,2049,0.084072626
REGION1,SEE2,S05B2,2050,0.084072626
REGION1,SEE2,S05B2,2051,0.084072626
REGION1,SEE2,S05B2,2052,0.084072626
REGION1,SEE2,S05B2,2053,0.084072626
REGION1,SEE2,S05B2,2054,0.084072626
REGION1,SEE2,S05B2,2055,0.084072626
REGION1,SEE2,S05B2,2056,0.084072626
REGION1,SEE2,S05B2,2057,0.084072626
REGION1,SEE2,S05B2,2058,0.084072626
REGION1,SEE2,S05B2,2059,0.084072626
REGION1,SEE2,S05B2,2060,0.084072626
REGION1,SEE2,S05B3,2015,0.014895534
REGION1,SEE2,S05B3,2016,0.014895534
REGION1,SEE2,S05B3,2017,0.014895534
REGION1,SEE2,S05B3,2018,0.014895534
REGION1,SEE2,S05B3,2019,0.014895534
REGION1,SEE2,S05B3,2020,0.014895534
REGION1,SEE2,S05B3,2021,0.014895534
REGION1,SEE2,S05B3,2022,0.014895534
REGION1,SEE2,S05B3,2023,0.014895534
REGION1,SEE2,S05B3,2024,0.014895534
REGION1,SEE2,S05B3,2025,0.014895534
REGION1,SEE2,S05B3,2026,0.014895534
REGION1,SEE2,S05B3,2027,0.014895534
REGION1,SEE2,S05B3,2028,0.014895534
REGION1,SEE2,S05B3,2029,0.014895534
REGION1,SEE2,S05B3,2030,0.014895534
REGION1,SEE2,S05B3,2031,0.014895534
REGION1,SEE2,S05B3,2032,0.014895534
REGION1,SEE2,S05B3,2033,0.014895534
REGION1,SEE2,S05B3,2034,0.014895534
REGION1,SEE2,S05B3,2035,0.014895534
REGION1,SEE2,S05B3,2036,0.014895534
REGION1,SEE2,S05B3,2037,0.014895534
REGION1,SEE2,S05B3,2038,0.014895534
REGION1,SEE2,S05B3,2039,0.014895534
REGION1,SEE2,S05B3,2040,0.014895534
REGION1,SEE2,S05B3,2041,0.014895534
REGION1,SEE2,S05B3,2042,0.014895534
REGION1,SEE2,S05B3,2043,0.014895534
REGION1,SEE2,S05B3,2044,0.014895534
REGION1,SEE2,S05B3,2045,0.014895534
REGION1,SEE2,S05B3,2046,0.014895534
REGION1,SEE2,S05B3,2047,0.014895534
REGION1,SEE2,S05B3,2048,0.014895534
REGION1,SEE2,S05B3,2049,0.014895534
REGION1,SEE2,S05B3,2050,0.014895534
REGION1,SEE2,S05B3,2051,0.014895534
REGION1,SEE2,S05B3,2052,0.014895534
REGION1,SEE2,S05B3,2053,0.014895534
REGION1,SEE2,S05B3,2054,0.014895534
REGION1,SEE2,S05B3,2055,0.014895534
REGION1,SEE2,S05B3,2056,0.014895534
REGION1,SEE2,S05B3,2057,0.014895534
REGION1,SEE2,S05B3,2058,0.014895534
REGION1,SEE2,S05B3,2059,0.014895534
REGION1,SEE2,S05B3,2060,0.014895534
