REGION,EMISSION,YEAR,VALUE
REGION1,BMIM,2015,0.0
REGION1,BMIM,2016,0.0
REGION1,BMIM,2017,0.0
REGION1,BMIM,2018,0.0
REGION1,BMIM,2019,0.0
REGION1,BMIM,2020,0.0
REGION1,BMIM,2021,0.0
REGION1,BMIM,2022,0.0
REGION1,BMIM,2023,0.0
REGION1,BMIM,2024,0.0
REGION1,BMIM,2025,0.0
REGION1,BMIM,2026,0.0
REGION1,BMIM,2027,0.0
REGION1,BMIM,2028,0.0
REGION1,BMIM,2029,0.0
REGION1,BMIM,2030,0.0
REGION1,BMIM,2031,0.0
REGION1,BMIM,2032,0.0
REGION1,BMIM,2033,0.0
REGION1,BMIM,2034,0.0
REGION1,BMIM,2035,0.0
REGION1,BMIM,2036,0.0
REGION1,BMIM,2037,0.0
REGION1,BMIM,2038,0.0
REGION1,BMIM,2039,0.0
REGION1,BMIM,2040,0.0
REGION1,BMIM,2041,0.0
REGION1,BMIM,2042,0.0
REGION1,BMIM,2043,0.0
REGION1,BMIM,2044,0.0
REGION1,BMIM,2045,0.0
REGION1,BMIM,2046,0.0
REGION1,BMIM,2047,0.0
REGION1,BMIM,2048,0.0
REGION1,BMIM,2049,0.0
REGION1,BMIM,2050,0.0
REGION1,BMIM,2051,0.0
REGION1,BMIM,2052,0.0
REGION1,BMIM,2053,0.0
REGION1,BMIM,2054,0.0
REGION1,BMIM,2055,0.0
REGION1,BMIM,2056,0.0
REGION1,BMIM,2057,0.0
REGION1,BMIM,2058,0.0
REGION1,BMIM,2059,0.0
REGION1,BMIM,2060,0.0
REGION1,CO2,2015,22900.860802135485
REGION1,CO2,2016,24001.53914410291
REGION1,CO2,2017,24918.08166157836
REGION1,CO2,2018,13592.671627691403
REGION1,CO2,2019,13071.633623567084
REGION1,CO2,2020,12660.85191208274
REGION1,CO2,2021,18424.205092237295
REGION1,CO2,2022,28243.873155244717
REGION1,CO2,2023,17016.48225638897
REGION1,CO2,2024,10875.660384631454
REGION1,CO2,2025,10820.911965354628
REGION1,CO2,2026,10351.576026450755
REGION1,CO2,2027,10632.027072439887
REGION1,CO2,2028,10605.201143100203
REGION1,CO2,2029,9498.017162949924
REGION1,CO2,2030,9817.252658356234
REGION1,CO2,2031,9192.785861086448
REGION1,CO2,2032,10005.203537958272
REGION1,CO2,2033,10658.418404130025
REGION1,CO2,2034,11107.053801659884
REGION1,CO2,2035,11418.08671611742
REGION1,CO2,2036,12302.448829271145
REGION1,CO2,2037,12521.891157609865
REGION1,CO2,2038,13075.568305927818
REGION1,CO2,2039,13577.81543771726
REGION1,CO2,2040,14070.977384349157
REGION1,CO2,2041,14630.713456536596
REGION1,CO2,2042,15061.00221364943
REGION1,CO2,2043,15419.89240911483
REGION1,CO2,2044,15976.242796418435
REGION1,CO2,2045,16556.3996876781
REGION1,CO2,2046,17062.377064392742
REGION1,CO2,2047,17111.57853783828
REGION1,CO2,2048,17705.572593939258
REGION1,CO2,2049,18273.14025926481
REGION1,CO2,2050,19384.90731431492
REGION1,CO2,2051,18558.41159858629
REGION1,CO2,2052,19756.189080501135
REGION1,CO2,2053,20285.988760813638
REGION1,CO2,2054,20780.580050581088
REGION1,CO2,2055,21336.19760204841
REGION1,CO2,2056,22020.243254946345
REGION1,CO2,2057,22409.26385743702
REGION1,CO2,2058,22747.61266700474
REGION1,CO2,2059,23111.531722698706
REGION1,CO2,2060,23538.83624217585
REGION1,DKHO,2015,0.07999994796426124
REGION1,DKHO,2016,0.07999995404822358
REGION1,DKHO,2017,0.02203546422782084
REGION1,DKHO,2018,0.07999996748391172
REGION1,DKHO,2019,0.07999996748391171
REGION1,DKHO,2020,0.07999996748391171
REGION1,DKHO,2021,0.07999996748391171
REGION1,DKHO,2022,0.07999996748391171
REGION1,DKHO,2023,0.07999996748391171
REGION1,DKHO,2024,0.07999996837727978
REGION1,DKHO,2025,0.07999996748391226
REGION1,DKHO,2026,0.07999996748391171
REGION1,DKHO,2027,0.07999996748391172
REGION1,DKHO,2028,0.07999996748391171
REGION1,DKHO,2029,0.07999996748391171
REGION1,DKHO,2030,0.07999996748391157
REGION1,DKHO,2031,0.07999996748391171
REGION1,DKHO,2032,0.07999996785522365
REGION1,DKHO,2033,0.07999996785522298
REGION1,DKHO,2034,0.07999996785522387
REGION1,DKHO,2035,0.079999967480497
REGION1,DKHO,2036,0.07999996767490274
REGION1,DKHO,2037,0.0799999678552227
REGION1,DKHO,2038,0.0799999678552307
REGION1,DKHO,2039,0.0799999678552227
REGION1,DKHO,2040,0.07999996804242422
REGION1,DKHO,2041,0.07999996980193166
REGION1,DKHO,2042,0.07999996980193165
REGION1,DKHO,2043,0.07999996756736853
REGION1,DKHO,2044,0.07999996756736046
REGION1,DKHO,2045,0.0799999698018691
REGION1,DKHO,2046,0.07999996980194371
REGION1,DKHO,2047,0.07999996980195082
REGION1,DKHO,2048,0.07999996980193168
REGION1,DKHO,2049,0.0799999698019366
REGION1,DKHO,2050,0.07999996980193168
REGION1,DKHO,2051,0.0799999698019366
REGION1,DKHO,2052,0.07999996980193166
REGION1,DKHO,2053,0.07999996980193166
REGION1,DKHO,2054,0.07999996980193166
REGION1,DKHO,2055,0.07999996980105198
REGION1,DKHO,2056,0.07999996980193166
REGION1,DKHO,2057,0.07999997023922019
REGION1,DKHO,2058,0.0799999702392202
REGION1,DKHO,2059,0.07999996982217085
REGION1,DKHO,2060,0.07999996982217084
REGION1,DKPM25,2015,1.6114399681975795
REGION1,DKPM25,2016,1.6361134855398782
REGION1,DKPM25,2017,1.6537333301217032
REGION1,DKPM25,2018,1.551965551794489
REGION1,DKPM25,2019,1.558084607670911
REGION1,DKPM25,2020,1.5549359638977376
REGION1,DKPM25,2021,1.5939957220670253
REGION1,DKPM25,2022,1.6957174320593889
REGION1,DKPM25,2023,1.1421983418426178
REGION1,DKPM25,2024,1.1091399653241656
REGION1,DKPM25,2025,1.108907455193787
REGION1,DKPM25,2026,1.3549190973076393
REGION1,DKPM25,2027,2.3657760695451318
REGION1,DKPM25,2028,2.66579729087234
REGION1,DKPM25,2029,2.787607219040945
REGION1,DKPM25,2030,3.1604367767369412
REGION1,DKPM25,2031,3.1606761318323082
REGION1,DKPM25,2032,3.4157446274669945
REGION1,DKPM25,2033,3.547749621508642
REGION1,DKPM25,2034,3.661544519379537
REGION1,DKPM25,2035,3.7454482656531503
REGION1,DKPM25,2036,3.8211760113620046
REGION1,DKPM25,2037,3.820951468364463
REGION1,DKPM25,2038,3.9105576237680966
REGION1,DKPM25,2039,3.9103324699754323
REGION1,DKPM25,2040,3.9101069072899306
REGION1,DKPM25,2041,3.945418050711646
REGION1,DKPM25,2042,4.11360649666791
REGION1,DKPM25,2043,4.062400061051522
REGION1,DKPM25,2044,4.133244491069294
REGION1,DKPM25,2045,4.420941148594905
REGION1,DKPM25,2046,4.471363661381584
REGION1,DKPM25,2047,4.520517092040054
REGION1,DKPM25,2048,4.570945056319902
REGION1,DKPM25,2049,4.621368957908117
REGION1,DKPM25,2050,4.673062090784321
REGION1,DKPM25,2051,4.707133880852549
REGION1,DKPM25,2052,4.7537106433594785
REGION1,DKPM25,2053,4.753367222344551
REGION1,DKPM25,2054,4.753074530492588
REGION1,DKPM25,2055,4.752786741014522
REGION1,DKPM25,2056,4.507989660154516
REGION1,DKPM25,2057,3.4954404391287066
REGION1,DKPM25,2058,3.196307084711248
REGION1,DKPM25,2059,3.0738474424466946
REGION1,DKPM25,2060,2.534310383845058
REGION1,DKSO,2015,2.7710977745460212
REGION1,DKSO,2016,2.7710977745460212
REGION1,DKSO,2017,2.7710977745460212
REGION1,DKSO,2018,2.7710977745460212
REGION1,DKSO,2019,2.7710977745460212
REGION1,DKSO,2020,2.7710977745460212
REGION1,DKSO,2021,2.7710977745460212
REGION1,DKSO,2022,2.7710977745460212
REGION1,DKSO,2023,2.7710800565295597
REGION1,DKSO,2024,3.456337292905085
REGION1,DKSO,2025,6.894536683977629
REGION1,DKSO,2026,9.129991432875213
REGION1,DKSO,2027,9.80999079479801
REGION1,DKSO,2028,10.489990156720806
REGION1,DKSO,2029,11.169989518643607
REGION1,DKSO,2030,11.849988880566405
REGION1,DKSO,2031,12.28998846769292
REGION1,DKSO,2032,12.719988064202928
REGION1,DKSO,2033,13.149987660712931
REGION1,DKSO,2034,13.579987257222937
REGION1,DKSO,2035,14.01998684434945
REGION1,DKSO,2036,14.379986506543876
REGION1,DKSO,2037,14.739986168738293
REGION1,DKSO,2038,15.109985821549229
REGION1,DKSO,2039,15.469985483743653
REGION1,DKSO,2040,15.829985145938075
REGION1,DKSO,2041,16.119984873816914
REGION1,DKSO,2042,16.409984601695758
REGION1,DKSO,2043,16.699984329574594
REGION1,DKSO,2044,16.989984057453437
REGION1,DKSO,2045,17.279983785332277
REGION1,DKSO,2046,17.389983682113904
REGION1,DKSO,2047,17.48998358827902
REGION1,DKSO,2048,17.599983485060655
REGION1,DKSO,2049,17.70998338184228
REGION1,DKSO,2050,17.809983288007402
REGION1,DKSO,2051,17.899983203555998
REGION1,DKSO,2052,17.989983119104608
REGION1,DKSO,2053,18.079983034653214
REGION1,DKSO,2054,18.169982950201817
REGION1,DKSO,2055,18.25998286575043
REGION1,DKSO,2056,18.349982781299033
REGION1,DKSO,2057,18.44998268746415
REGION1,DKSO,2058,18.53998260301275
REGION1,DKSO,2059,18.62998251856136
REGION1,DKSO,2060,18.719982434109966
REGION1,DKWI,2015,31.943983599953643
REGION1,DKWI,2016,31.943983599953643
REGION1,DKWI,2017,31.943983599953643
REGION1,DKWI,2018,31.943983599953643
REGION1,DKWI,2019,31.943983599953643
REGION1,DKWI,2020,31.943983599953643
REGION1,DKWI,2021,31.943983599953643
REGION1,DKWI,2022,31.922691268800307
REGION1,DKWI,2023,30.901150734928397
REGION1,DKWI,2024,29.003021306189925
REGION1,DKWI,2025,28.505354012271404
REGION1,DKWI,2026,28.079097921297908
REGION1,DKWI,2027,27.438116860001152
REGION1,DKWI,2028,26.277930492888476
REGION1,DKWI,2029,26.277930492888476
REGION1,DKWI,2030,27.051385799050152
REGION1,DKWI,2031,27.051385799050152
REGION1,DKWI,2032,27.029274532083228
REGION1,DKWI,2033,30.876936724485176
REGION1,DKWI,2034,39.03233263544193
REGION1,DKWI,2035,50.19548625170876
REGION1,DKWI,2036,57.941471235199884
REGION1,DKWI,2037,72.36236661203405
REGION1,DKWI,2038,83.72719296516506
REGION1,DKWI,2039,97.58516288094019
REGION1,DKWI,2040,111.75647155678098
REGION1,DKWI,2041,126.2205563600559
REGION1,DKWI,2042,133.75244301953683
REGION1,DKWI,2043,153.5234144211656
REGION1,DKWI,2044,156.65388917981892
REGION1,DKWI,2045,157.26152940655297
REGION1,DKWI,2046,157.26152940655297
REGION1,DKWI,2047,157.26152940655297
REGION1,DKWI,2048,157.26152940655297
REGION1,DKWI,2049,157.26152940655297
REGION1,DKWI,2050,157.26152940655297
REGION1,DKWI,2051,157.26152940655297
REGION1,DKWI,2052,157.26152940655297
REGION1,DKWI,2053,157.26152940655297
REGION1,DKWI,2054,157.26152940655297
REGION1,DKWI,2055,156.4267358079534
REGION1,DKWI,2056,156.4267358079534
REGION1,DKWI,2057,156.4267358079534
REGION1,DKWI,2058,160.7923856322005
REGION1,DKWI,2059,157.5847409880264
REGION1,DKWI,2060,165.96489014448596
REGION1,DKWO,2015,14.291801275780738
REGION1,DKWO,2016,14.291801275780738
REGION1,DKWO,2017,14.291801275780738
REGION1,DKWO,2018,14.291801275780738
REGION1,DKWO,2019,14.291801275780738
REGION1,DKWO,2020,14.291801275780738
REGION1,DKWO,2021,14.291801275780738
REGION1,DKWO,2022,14.291801275780738
REGION1,DKWO,2023,14.236140838081987
REGION1,DKWO,2024,14.17991817373981
REGION1,DKWO,2025,13.730136859002416
REGION1,DKWO,2026,13.730136859002416
REGION1,DKWO,2027,11.827561897663234
REGION1,DKWO,2028,9.578655323976257
REGION1,DKWO,2029,9.578655323976257
REGION1,DKWO,2030,9.578655323976257
REGION1,DKWO,2031,9.578655323976257
REGION1,DKWO,2032,9.578655323976257
REGION1,DKWO,2033,9.578655323976257
REGION1,DKWO,2034,6.989039404375703
REGION1,DKWO,2035,4.661421100609681
REGION1,DKWO,2036,4.651863247671512
REGION1,DKWO,2037,4.49331533422658
REGION1,DKWO,2038,0.0
REGION1,DKWO,2039,0.0
REGION1,DKWO,2040,0.0
REGION1,DKWO,2041,0.0
REGION1,DKWO,2042,0.0
REGION1,DKWO,2043,0.0
REGION1,DKWO,2044,0.0
REGION1,DKWO,2045,0.0
REGION1,DKWO,2046,0.0
REGION1,DKWO,2047,0.0
REGION1,DKWO,2048,0.0
REGION1,DKWO,2049,0.0
REGION1,DKWO,2050,0.0
REGION1,DKWO,2051,0.0
REGION1,DKWO,2052,0.0
REGION1,DKWO,2053,0.0
REGION1,DKWO,2054,0.0
REGION1,DKWO,2055,0.0
REGION1,DKWO,2056,0.0
REGION1,DKWO,2057,0.0
REGION1,DKWO,2058,0.0
REGION1,DKWO,2059,0.0
REGION1,DKWO,2060,0.0
REGION1,FIHO,2015,40.66235754635033
REGION1,FIHO,2016,40.59848246322806
REGION1,FIHO,2017,40.48368548879242
REGION1,FIHO,2018,38.0261745922446
REGION1,FIHO,2019,36.8923215592244
REGION1,FIHO,2020,36.89232202325086
REGION1,FIHO,2021,36.892321303554404
REGION1,FIHO,2022,36.84614628654108
REGION1,FIHO,2023,45.826706880802725
REGION1,FIHO,2024,49.17693361658364
REGION1,FIHO,2025,49.0127555924005
REGION1,FIHO,2026,48.25599797174354
REGION1,FIHO,2027,48.25599843621484
REGION1,FIHO,2028,47.912250658435866
REGION1,FIHO,2029,46.84468910340713
REGION1,FIHO,2030,54.4699728660607
REGION1,FIHO,2031,53.74528123783823
REGION1,FIHO,2032,55.16997340214769
REGION1,FIHO,2033,54.7962059831545
REGION1,FIHO,2034,55.87997340604074
REGION1,FIHO,2035,56.22997335695024
REGION1,FIHO,2036,56.2999714331504
REGION1,FIHO,2037,56.359972323420706
REGION1,FIHO,2038,56.42997174484688
REGION1,FIHO,2039,56.499972228788394
REGION1,FIHO,2040,56.55997246394568
REGION1,FIHO,2041,56.559971670164984
REGION1,FIHO,2042,56.55997155181303
REGION1,FIHO,2043,56.55997270453935
REGION1,FIHO,2044,56.559972705877044
REGION1,FIHO,2045,56.55997211508532
REGION1,FIHO,2046,57.0599725701808
REGION1,FIHO,2047,57.549972244905206
REGION1,FIHO,2048,58.04997088317343
REGION1,FIHO,2049,58.539970685312866
REGION1,FIHO,2050,59.02997034720022
REGION1,FIHO,2051,59.329970238865585
REGION1,FIHO,2052,59.62997126525313
REGION1,FIHO,2053,59.91997150442079
REGION1,FIHO,2054,60.21997153357569
REGION1,FIHO,2055,60.51996954591486
REGION1,FIHO,2056,60.82997076348937
REGION1,FIHO,2057,60.829970763489364
REGION1,FIHO,2058,60.65552996840441
REGION1,FIHO,2059,60.655531604125066
REGION1,FIHO,2060,60.65553182579233
REGION1,FIPM25,2015,0.2775481965467061
REGION1,FIPM25,2016,0.2749273588318971
REGION1,FIPM25,2017,0.2786824112055752
REGION1,FIPM25,2018,0.24374099068197463
REGION1,FIPM25,2019,0.2361064822483561
REGION1,FIPM25,2020,0.22452092164320878
REGION1,FIPM25,2021,0.26141023120192863
REGION1,FIPM25,2022,0.2672642588004339
REGION1,FIPM25,2023,0.2336448134256358
REGION1,FIPM25,2024,0.18015951012519593
REGION1,FIPM25,2025,0.17991047650750894
REGION1,FIPM25,2026,0.18049904227676958
REGION1,FIPM25,2027,0.18130758191354038
REGION1,FIPM25,2028,0.1758226886320534
REGION1,FIPM25,2029,0.17773601722882518
REGION1,FIPM25,2030,0.16037582178053753
REGION1,FIPM25,2031,0.16026939782747496
REGION1,FIPM25,2032,0.16016222262279667
REGION1,FIPM25,2033,0.16005576907019578
REGION1,FIPM25,2034,0.6687285185162178
REGION1,FIPM25,2035,1.5354833145210331
REGION1,FIPM25,2036,1.8231923684114075
REGION1,FIPM25,2037,2.2585739116392114
REGION1,FIPM25,2038,3.550879250420315
REGION1,FIPM25,2039,4.0913104296954765
REGION1,FIPM25,2040,4.38170799672207
REGION1,FIPM25,2041,4.812439891139261
REGION1,FIPM25,2042,5.243168495566697
REGION1,FIPM25,2043,5.673559723234045
REGION1,FIPM25,2044,6.104285145066979
REGION1,FIPM25,2045,10.327713024596719
REGION1,FIPM25,2046,11.007972093951
REGION1,FIPM25,2047,12.73440419063808
REGION1,FIPM25,2048,14.426362526256588
REGION1,FIPM25,2049,15.466655196377454
REGION1,FIPM25,2050,15.465477215559968
REGION1,FIPM25,2051,15.464618597835548
REGION1,FIPM25,2052,15.463768633379136
REGION1,FIPM25,2053,15.462926881196033
REGION1,FIPM25,2054,15.462094832826985
REGION1,FIPM25,2055,15.4612697871767
REGION1,FIPM25,2056,15.460453676788587
REGION1,FIPM25,2057,15.459645938953887
REGION1,FIPM25,2058,15.458845142214905
REGION1,FIPM25,2059,15.45805356885391
REGION1,FIPM25,2060,15.457269467481085
REGION1,FISO,2015,0.044728970035658885
REGION1,FISO,2016,0.044728970035658885
REGION1,FISO,2017,0.044728970035658885
REGION1,FISO,2018,0.044728970035658885
REGION1,FISO,2019,0.044728970035658885
REGION1,FISO,2020,0.04472897003565889
REGION1,FISO,2021,0.04472897003565889
REGION1,FISO,2022,0.044728970035658885
REGION1,FISO,2023,0.044728970035658885
REGION1,FISO,2024,0.044728970035658885
REGION1,FISO,2025,0.044728970035658885
REGION1,FISO,2026,0.044728970035658885
REGION1,FISO,2027,0.044728970035658885
REGION1,FISO,2028,0.044728970035658885
REGION1,FISO,2029,0.04472897003565889
REGION1,FISO,2030,2.3499977617669714
REGION1,FISO,2031,2.3499977617669687
REGION1,FISO,2032,3.429996733132218
REGION1,FISO,2033,3.9599962283392363
REGION1,FISO,2034,4.49999571402186
REGION1,FISO,2035,5.0399951997044825
REGION1,FISO,2036,5.199995047314148
REGION1,FISO,2037,5.34999490444821
REGION1,FISO,2038,5.509994752057876
REGION1,FISO,2039,5.669994599667542
REGION1,FISO,2040,5.829994447277208
REGION1,FISO,2041,5.87999439965523
REGION1,FISO,2042,5.9299943520332485
REGION1,FISO,2043,5.969994313935666
REGION1,FISO,2044,6.019994266313688
REGION1,FISO,2045,6.069994218691709
REGION1,FISO,2046,6.119994171069729
REGION1,FISO,2047,6.159994132972147
REGION1,FISO,2048,6.209994085350166
REGION1,FISO,2049,6.259994037728186
REGION1,FISO,2050,6.299993999630601
REGION1,FISO,2051,6.329993971057416
REGION1,FISO,2052,6.359993942484229
REGION1,FISO,2053,6.399993904386646
REGION1,FISO,2054,6.429993875813455
REGION1,FISO,2055,6.459993847240269
REGION1,FISO,2056,6.489993818667082
REGION1,FISO,2057,6.529993780569498
REGION1,FISO,2058,6.559993751996312
REGION1,FISO,2059,6.589993723423123
REGION1,FISO,2060,6.619993694849936
REGION1,FIWI,2015,9.935084533213118
REGION1,FIWI,2016,9.935084533213118
REGION1,FIWI,2017,9.935084533213118
REGION1,FIWI,2018,9.935084533213118
REGION1,FIWI,2019,9.935084533213118
REGION1,FIWI,2020,9.935084533213118
REGION1,FIWI,2021,9.935084533213118
REGION1,FIWI,2022,20.314734250997294
REGION1,FIWI,2023,30.654600728551667
REGION1,FIWI,2024,45.873076337630835
REGION1,FIWI,2025,61.4425509143071
REGION1,FIWI,2026,77.00195378459607
REGION1,FIWI,2027,97.74110980738983
REGION1,FIWI,2028,118.38463497803627
REGION1,FIWI,2029,138.93796801798453
REGION1,FIWI,2030,164.81523068737164
REGION1,FIWI,2031,190.69385303712102
REGION1,FIWI,2032,216.30255365569104
REGION1,FIWI,2033,247.22999697491042
REGION1,FIWI,2034,259.1999033748081
REGION1,FIWI,2035,259.1999033743135
REGION1,FIWI,2036,259.19990337377425
REGION1,FIWI,2037,259.19990337251494
REGION1,FIWI,2038,259.1999033693464
REGION1,FIWI,2039,259.1999033658081
REGION1,FIWI,2040,259.1999033658081
REGION1,FIWI,2041,259.1999033658081
REGION1,FIWI,2042,259.1999033658081
REGION1,FIWI,2043,259.1999033658081
REGION1,FIWI,2044,259.1999033658081
REGION1,FIWI,2045,259.1999033658081
REGION1,FIWI,2046,259.19990336580815
REGION1,FIWI,2047,259.1999033658081
REGION1,FIWI,2048,259.19990336580815
REGION1,FIWI,2049,259.1999033658081
REGION1,FIWI,2050,259.19990336580815
REGION1,FIWI,2051,259.1999033658081
REGION1,FIWI,2052,259.1999033658082
REGION1,FIWI,2053,259.1999033658081
REGION1,FIWI,2054,259.1999033658081
REGION1,FIWI,2055,259.19990336580804
REGION1,FIWI,2056,259.1999033658081
REGION1,FIWI,2057,259.19990336580804
REGION1,FIWI,2058,259.1999033658081
REGION1,FIWI,2059,259.1999033658081
REGION1,FIWI,2060,259.1999033658081
REGION1,FIWO,2015,0.29658094701733345
REGION1,FIWO,2016,0.29658094701733345
REGION1,FIWO,2017,0.29658094701733345
REGION1,FIWO,2018,0.29658094701733345
REGION1,FIWO,2019,0.29658094701733345
REGION1,FIWO,2020,0.29658094701733345
REGION1,FIWO,2021,0.29658094701733345
REGION1,FIWO,2022,0.29658094701733345
REGION1,FIWO,2023,0.29658094701733345
REGION1,FIWO,2024,0.2891382312366704
REGION1,FIWO,2025,0.2891382312366704
REGION1,FIWO,2026,0.2891382312366704
REGION1,FIWO,2027,0.2891382312366704
REGION1,FIWO,2028,0.2891382312366704
REGION1,FIWO,2029,0.2891382312366704
REGION1,FIWO,2030,0.2891382312366704
REGION1,FIWO,2031,0.2891382312366704
REGION1,FIWO,2032,0.2891382312366704
REGION1,FIWO,2033,0.2891382312366704
REGION1,FIWO,2034,0.2891382312366704
REGION1,FIWO,2035,0.0
REGION1,FIWO,2036,0.0
REGION1,FIWO,2037,0.0
REGION1,FIWO,2038,0.0
REGION1,FIWO,2039,0.0
REGION1,FIWO,2040,0.0
REGION1,FIWO,2041,0.0
REGION1,FIWO,2042,0.0
REGION1,FIWO,2043,0.0
REGION1,FIWO,2044,0.0
REGION1,FIWO,2045,0.0
REGION1,FIWO,2046,0.0
REGION1,FIWO,2047,0.0
REGION1,FIWO,2048,0.0
REGION1,FIWO,2049,0.0
REGION1,FIWO,2050,0.0
REGION1,FIWO,2051,0.0
REGION1,FIWO,2052,0.0
REGION1,FIWO,2053,0.0
REGION1,FIWO,2054,0.0
REGION1,FIWO,2055,0.0
REGION1,FIWO,2056,0.0
REGION1,FIWO,2057,0.0
REGION1,FIWO,2058,0.0
REGION1,FIWO,2059,0.0
REGION1,FIWO,2060,0.0
REGION1,NOHO,2015,464.6006289982342
REGION1,NOHO,2016,463.498178403653
REGION1,NOHO,2017,459.42663944726957
REGION1,NOHO,2018,454.1695458899779
REGION1,NOHO,2019,453.1347080096832
REGION1,NOHO,2020,453.13470996684316
REGION1,NOHO,2021,452.695070428842
REGION1,NOHO,2022,452.1485283687863
REGION1,NOHO,2023,451.5942313394218
REGION1,NOHO,2024,451.5533252488764
REGION1,NOHO,2025,451.3289817838295
REGION1,NOHO,2026,450.4131946886686
REGION1,NOHO,2027,450.3121213667145
REGION1,NOHO,2028,447.06522684240997
REGION1,NOHO,2029,443.4245668631934
REGION1,NOHO,2030,441.6400161137274
REGION1,NOHO,2031,440.21287082218936
REGION1,NOHO,2032,438.97647975636215
REGION1,NOHO,2033,433.2129955272138
REGION1,NOHO,2034,428.8151608824205
REGION1,NOHO,2035,424.934810911152
REGION1,NOHO,2036,420.80878898710426
REGION1,NOHO,2037,416.79801640269005
REGION1,NOHO,2038,406.9762805101426
REGION1,NOHO,2039,399.3061461497188
REGION1,NOHO,2040,385.05269360852935
REGION1,NOHO,2041,379.4717773335871
REGION1,NOHO,2042,373.542806646042
REGION1,NOHO,2043,366.0158096625795
REGION1,NOHO,2044,350.7434822067389
REGION1,NOHO,2045,327.1242593488956
REGION1,NOHO,2046,324.01130708214527
REGION1,NOHO,2047,307.79320430078013
REGION1,NOHO,2048,299.37262649796855
REGION1,NOHO,2049,291.23667920003413
REGION1,NOHO,2050,284.9872804135235
REGION1,NOHO,2051,264.233115207849
REGION1,NOHO,2052,257.64089067516545
REGION1,NOHO,2053,239.44309451960817
REGION1,NOHO,2054,226.6927084589955
REGION1,NOHO,2055,217.86000222248043
REGION1,NOHO,2056,217.62771162562163
REGION1,NOHO,2057,212.8327119102068
REGION1,NOHO,2058,205.7891853389228
REGION1,NOHO,2059,189.00320119867044
REGION1,NOHO,2060,165.1768311741836
REGION1,NOPM25,2015,0.06261811368642738
REGION1,NOPM25,2016,0.06261811404058976
REGION1,NOPM25,2017,0.06269189833973116
REGION1,NOPM25,2018,0.06258416299471045
REGION1,NOPM25,2019,0.06251449109237303
REGION1,NOPM25,2020,0.062486901418086736
REGION1,NOPM25,2021,0.06428385392190408
REGION1,NOPM25,2022,0.06892718502570307
REGION1,NOPM25,2023,0.07013167389513772
REGION1,NOPM25,2024,0.07191894867718
REGION1,NOPM25,2025,0.07370622695133759
REGION1,NOPM25,2026,0.07496104829030964
REGION1,NOPM25,2027,0.07679498631050205
REGION1,NOPM25,2028,0.07906805357091709
REGION1,NOPM25,2029,0.07855004746258487
REGION1,NOPM25,2030,0.08264260439671496
REGION1,NOPM25,2031,0.08212459885122546
REGION1,NOPM25,2032,0.08391187588299082
REGION1,NOPM25,2033,0.08592675576429067
REGION1,NOPM25,2034,0.08386901943837483
REGION1,NOPM25,2035,0.08228632975657973
REGION1,NOPM25,2036,0.08346852763492064
REGION1,NOPM25,2037,0.0828149596685752
REGION1,NOPM25,2038,0.08307328392872919
REGION1,NOPM25,2039,0.08197131192254743
REGION1,NOPM25,2040,0.08082207312472348
REGION1,NOPM25,2041,0.08127195244336147
REGION1,NOPM25,2042,0.07866616158593219
REGION1,NOPM25,2043,0.07459951795131131
REGION1,NOPM25,2044,0.07491245997436041
REGION1,NOPM25,2045,0.07538221715515298
REGION1,NOPM25,2046,0.008846288222456975
REGION1,NOPM25,2047,0.008846288294429376
REGION1,NOPM25,2048,0.00884628836570158
REGION1,NOPM25,2049,0.008846288294429376
REGION1,NOPM25,2050,0.008846288556776681
REGION1,NOPM25,2051,0.008846288532323804
REGION1,NOPM25,2052,0.008846288454436394
REGION1,NOPM25,2053,0.008846288438432177
REGION1,NOPM25,2054,0.008846288517977422
REGION1,NOPM25,2055,0.008846288505263639
REGION1,NOPM25,2056,0.00884628864195928
REGION1,NOPM25,2057,0.008846288359806082
REGION1,NOPM25,2058,0.008846288641959278
REGION1,NOPM25,2059,0.008846288641959278
REGION1,NOPM25,2060,0.008846288642871038
REGION1,NOSO,2015,0.046300416003178475
REGION1,NOSO,2016,0.046300416003178475
REGION1,NOSO,2017,0.046300416003178475
REGION1,NOSO,2018,0.046300416003178475
REGION1,NOSO,2019,0.046300416003178475
REGION1,NOSO,2020,0.046300416003178475
REGION1,NOSO,2021,0.046300416003178475
REGION1,NOSO,2022,0.046300416003178475
REGION1,NOSO,2023,0.046297329308778265
REGION1,NOSO,2024,0.046297329308778265
REGION1,NOSO,2025,0.04624794219837487
REGION1,NOSO,2026,0.04624794219837487
REGION1,NOSO,2027,0.04624794219837487
REGION1,NOSO,2028,0.04624794219837487
REGION1,NOSO,2029,0.046232508726373814
REGION1,NOSO,2030,2.3499977455324057
REGION1,NOSO,2031,2.3499977455324053
REGION1,NOSO,2032,3.429996709436659
REGION1,NOSO,2033,3.9599962009822662
REGION1,NOSO,2034,4.499995682934392
REGION1,NOSO,2035,5.039995164886521
REGION1,NOSO,2036,5.199995011390856
REGION1,NOSO,2037,5.3499942594976995
REGION1,NOSO,2038,5.509994213794943
REGION1,NOSO,2039,5.6699939161405535
REGION1,NOSO,2040,5.829993744461979
REGION1,NOSO,2041,5.879993690812424
REGION1,NOSO,2042,5.9299936371628705
REGION1,NOSO,2043,5.969993594243227
REGION1,NOSO,2044,5.971808039116279
REGION1,NOSO,2045,6.069993562926896
REGION1,NOSO,2046,6.119993547970803
REGION1,NOSO,2047,6.159993662701289
REGION1,NOSO,2048,6.209993681407545
REGION1,NOSO,2049,6.259993700113801
REGION1,NOSO,2050,6.299993715078808
REGION1,NOSO,2051,6.349993733785064
REGION1,NOSO,2052,6.389993694312844
REGION1,NOSO,2053,6.429993654840625
REGION1,NOSO,2054,6.479993605500351
REGION1,NOSO,2055,6.519993566028129
REGION1,NOSO,2056,6.5699935166878545
REGION1,NOSO,2057,6.619993467347579
REGION1,NOSO,2058,6.659993427875359
REGION1,NOSO,2059,6.709993378535086
REGION1,NOSO,2060,6.75999332919481
REGION1,NOWI,2015,7.615857600323342
REGION1,NOWI,2016,7.615857600323342
REGION1,NOWI,2017,7.615857600323342
REGION1,NOWI,2018,19.809831892946267
REGION1,NOWI,2019,32.003806185569196
REGION1,NOWI,2020,44.19778047819212
REGION1,NOWI,2021,62.48874191712651
REGION1,NOWI,2022,80.7797033560609
REGION1,NOWI,2023,99.04032478768586
REGION1,NOWI,2024,123.34799255544145
REGION1,NOWI,2025,147.7359411406873
REGION1,NOWI,2026,172.0866008216344
REGION1,NOWI,2027,201.8696277663916
REGION1,NOWI,2028,232.31771328664192
REGION1,NOWI,2029,262.31833195530714
REGION1,NOWI,2030,297.7087646675827
REGION1,NOWI,2031,333.93008190623294
REGION1,NOWI,2032,370.26984625265567
REGION1,NOWI,2033,406.2530233876643
REGION1,NOWI,2034,442.8173985458631
REGION1,NOWI,2035,468.97846964902084
REGION1,NOWI,2036,487.44826670775103
REGION1,NOWI,2037,507.66881287041906
REGION1,NOWI,2038,530.853503960252
REGION1,NOWI,2039,555.8301467420168
REGION1,NOWI,2040,586.623345045117
REGION1,NOWI,2041,600.9019197091854
REGION1,NOWI,2042,621.6470411310797
REGION1,NOWI,2043,646.0349897163256
REGION1,NOWI,2044,670.4229383015714
REGION1,NOWI,2045,700.9078740331288
REGION1,NOWI,2046,715.0772868485209
REGION1,NOWI,2047,739.4652354337667
REGION1,NOWI,2048,754.0635864247296
REGION1,NOWI,2049,770.2876028440024
REGION1,NOWI,2050,781.9049549706957
REGION1,NOWI,2051,810.375073169912
REGION1,NOWI,2052,814.2168666761673
REGION1,NOWI,2053,828.7819233859657
REGION1,NOWI,2054,843.92632411052
REGION1,NOWI,2055,850.4680944628647
REGION1,NOWI,2056,835.209245654273
REGION1,NOWI,2057,835.8472297219278
REGION1,NOWI,2058,851.3800448011312
REGION1,NOWI,2059,870.9510081888665
REGION1,NOWI,2060,903.1913380081182
REGION1,SEHO,2015,237.0638034737384
REGION1,SEHO,2016,233.73679399861587
REGION1,SEHO,2017,230.8606408014956
REGION1,SEHO,2018,224.23411483379897
REGION1,SEHO,2019,222.90254793652846
REGION1,SEHO,2020,222.42226478694957
REGION1,SEHO,2021,221.7690332476736
REGION1,SEHO,2022,230.33345108287443
REGION1,SEHO,2023,252.2499012938662
REGION1,SEHO,2024,251.73886349133065
REGION1,SEHO,2025,251.45989470065666
REGION1,SEHO,2026,251.429896576576
REGION1,SEHO,2027,251.40989204141454
REGION1,SEHO,2028,251.37989443004048
REGION1,SEHO,2029,251.35989386349866
REGION1,SEHO,2030,251.329897055509
REGION1,SEHO,2031,252.35652469589198
REGION1,SEHO,2032,253.47989543116333
REGION1,SEHO,2033,254.5498966365503
REGION1,SEHO,2034,255.61989454039374
REGION1,SEHO,2035,256.68989440387327
REGION1,SEHO,2036,256.6798950152001
REGION1,SEHO,2037,256.67989408151686
REGION1,SEHO,2038,256.66989294034363
REGION1,SEHO,2039,256.65989873234173
REGION1,SEHO,2040,256.64989586016617
REGION1,SEHO,2041,258.2298935029682
REGION1,SEHO,2042,259.8198920424272
REGION1,SEHO,2043,261.39988911030736
REGION1,SEHO,2044,262.9798875668403
REGION1,SEHO,2045,264.55988841029045
REGION1,SEHO,2046,266.1498937033689
REGION1,SEHO,2047,267.7498916776005
REGION1,SEHO,2048,269.3398911325922
REGION1,SEHO,2049,270.92988774108613
REGION1,SEHO,2050,272.5198924411648
REGION1,SEHO,2051,273.8798855984536
REGION1,SEHO,2052,275.24989005134165
REGION1,SEHO,2053,276.6298818045249
REGION1,SEHO,2054,278.0098806925406
REGION1,SEHO,2055,279.39987961406797
REGION1,SEHO,2056,280.5198877605091
REGION1,SEHO,2057,281.6398821065344
REGION1,SEHO,2058,282.76988702486744
REGION1,SEHO,2059,283.89987819497355
REGION1,SEHO,2060,285.0298763354993
REGION1,SEPM25,2015,1.5506565417642975
REGION1,SEPM25,2016,4.300607089962511
REGION1,SEPM25,2017,5.12915218491538
REGION1,SEPM25,2018,8.770474246673414
REGION1,SEPM25,2019,8.767749888561628
REGION1,SEPM25,2020,8.7650048839002
REGION1,SEPM25,2021,8.765352562466939
REGION1,SEPM25,2022,8.77656608059721
REGION1,SEPM25,2023,8.777237482305557
REGION1,SEPM25,2024,8.776195611343141
REGION1,SEPM25,2025,8.775153225951286
REGION1,SEPM25,2026,8.774994899250444
REGION1,SEPM25,2027,8.775031483833091
REGION1,SEPM25,2028,8.77507023739201
REGION1,SEPM25,2029,8.775108145029755
REGION1,SEPM25,2030,1.3667914775427852
REGION1,SEPM25,2031,1.166240435978187
REGION1,SEPM25,2032,1.1647270394319444
REGION1,SEPM25,2033,1.163213350785295
REGION1,SEPM25,2034,1.5254506428458003
REGION1,SEPM25,2035,6.024007487114172
REGION1,SEPM25,2036,6.336598504913656
REGION1,SEPM25,2037,6.693359843510719
REGION1,SEPM25,2038,7.212670616392006
REGION1,SEPM25,2039,7.777368465505279
REGION1,SEPM25,2040,11.07665481559359
REGION1,SEPM25,2041,15.837282286333329
REGION1,SEPM25,2042,15.73874881913452
REGION1,SEPM25,2043,15.738166584448312
REGION1,SEPM25,2044,15.737579633630471
REGION1,SEPM25,2045,15.736994905244293
REGION1,SEPM25,2046,15.694474806830724
REGION1,SEPM25,2047,15.693133760589445
REGION1,SEPM25,2048,15.69179275924237
REGION1,SEPM25,2049,15.690451208014485
REGION1,SEPM25,2050,15.689111063512543
REGION1,SEPM25,2051,15.68744738205285
REGION1,SEPM25,2052,15.685811339225465
REGION1,SEPM25,2053,15.684204254809387
REGION1,SEPM25,2054,15.682624426540395
REGION1,SEPM25,2055,15.681068484430881
REGION1,SEPM25,2056,15.679361162134844
REGION1,SEPM25,2057,15.677688550838695
REGION1,SEPM25,2058,15.676046752023687
REGION1,SEPM25,2059,15.674435164581084
REGION1,SEPM25,2060,14.769058655209042
REGION1,SESO,2015,0.3201311706008143
REGION1,SESO,2016,0.3201311706008143
REGION1,SESO,2017,0.3201311706008143
REGION1,SESO,2018,0.3201311706008143
REGION1,SESO,2019,0.3201311706008143
REGION1,SESO,2020,0.3201311706008143
REGION1,SESO,2021,0.3201311706008143
REGION1,SESO,2022,0.3201311706008143
REGION1,SESO,2023,0.3201311706008143
REGION1,SESO,2024,0.3201311706008143
REGION1,SESO,2025,0.3201311706008143
REGION1,SESO,2026,0.3201065451261527
REGION1,SESO,2027,0.3201065451261527
REGION1,SESO,2028,5.559994663352071
REGION1,SESO,2029,5.559994663352071
REGION1,SESO,2030,6.929993348386663
REGION1,SESO,2031,7.24999304124146
REGION1,SESO,2032,7.569992734096256
REGION1,SESO,2033,7.889992426951051
REGION1,SESO,2034,8.209992119805845
REGION1,SESO,2035,8.52999181266064
REGION1,SESO,2036,9.199991169575371
REGION1,SESO,2037,9.869990526490097
REGION1,SESO,2038,10.539989883404825
REGION1,SESO,2039,11.219989230721268
REGION1,SESO,2040,11.889988587635994
REGION1,SESO,2041,12.059988424465105
REGION1,SESO,2042,12.229988261294217
REGION1,SESO,2043,12.399988098123325
REGION1,SESO,2044,12.559987944550723
REGION1,SESO,2045,12.729987781379833
REGION1,SESO,2046,13.059987464636338
REGION1,SESO,2047,13.38998714789285
REGION1,SESO,2048,13.709986840747643
REGION1,SESO,2049,14.039986524004153
REGION1,SESO,2050,14.36998620726066
REGION1,SESO,2051,14.659985928910316
REGION1,SESO,2052,14.949985650559977
REGION1,SESO,2053,15.249985362611348
REGION1,SESO,2054,15.549985074662722
REGION1,SESO,2055,15.859984777115798
REGION1,SESO,2056,16.0999845467569
REGION1,SESO,2057,16.339984316397995
REGION1,SESO,2058,16.589984076440803
REGION1,SESO,2059,16.839983836483615
REGION1,SESO,2060,17.089983596526423
REGION1,SEWI,2015,48.8015744059553
REGION1,SEWI,2016,48.8015744059553
REGION1,SEWI,2017,48.8015744059553
REGION1,SEWI,2018,48.8015744059553
REGION1,SEWI,2019,48.8015744059553
REGION1,SEWI,2020,48.8015744059553
REGION1,SEWI,2021,48.8015744059553
REGION1,SEWI,2022,48.78499214840889
REGION1,SEWI,2023,48.510383554838285
REGION1,SEWI,2024,46.87987500363181
REGION1,SEWI,2025,46.594932539416305
REGION1,SEWI,2026,46.342433622574276
REGION1,SEWI,2027,46.14705137061435
REGION1,SEWI,2028,46.04475406198261
REGION1,SEWI,2029,63.63708933555962
REGION1,SEWI,2030,81.11431009660433
REGION1,SEWI,2031,95.7775445443876
REGION1,SEWI,2032,112.61951263710824
REGION1,SEWI,2033,127.01307435471463
REGION1,SEWI,2034,140.4977361007189
REGION1,SEWI,2035,153.56047151581996
REGION1,SEWI,2036,165.12391450464702
REGION1,SEWI,2037,177.25868435734384
REGION1,SEWI,2038,188.02953548921437
REGION1,SEWI,2039,197.8455209519943
REGION1,SEWI,2040,214.37153498289712
REGION1,SEWI,2041,236.52757638152164
REGION1,SEWI,2042,258.6836177801461
REGION1,SEWI,2043,280.83965917877066
REGION1,SEWI,2044,302.99570057739516
REGION1,SEWI,2045,325.1517419760197
REGION1,SEWI,2046,351.73899165436916
REGION1,SEWI,2047,378.32624133271855
REGION1,SEWI,2048,398.864991734847
REGION1,SEWI,2049,423.9472714059835
REGION1,SEWI,2050,450.6054222400595
REGION1,SEWI,2051,450.6054222400595
REGION1,SEWI,2052,450.6054222400595
REGION1,SEWI,2053,451.64988383984337
REGION1,SEWI,2054,462.1255342412629
REGION1,SEWI,2055,458.69065658267897
REGION1,SEWI,2056,450.1988497852135
REGION1,SEWI,2057,451.8311036724522
REGION1,SEWI,2058,450.241041178632
REGION1,SEWI,2059,459.242271872504
REGION1,SEWI,2060,460.698554010664
REGION1,SEWO,2015,2.5231065585334322
REGION1,SEWO,2016,2.5231065585334322
REGION1,SEWO,2017,2.5231065585334322
REGION1,SEWO,2018,2.5231065585334322
REGION1,SEWO,2019,2.5231065585334322
REGION1,SEWO,2020,2.5231065585334322
REGION1,SEWO,2021,2.5231065585334322
REGION1,SEWO,2022,2.5231065585334322
REGION1,SEWO,2023,2.5231065585334322
REGION1,SEWO,2024,2.4826839367101465
REGION1,SEWO,2025,2.328343017021239
REGION1,SEWO,2026,2.328343017021239
REGION1,SEWO,2027,2.328343017021239
REGION1,SEWO,2028,2.328343017021239
REGION1,SEWO,2029,2.328343017021239
REGION1,SEWO,2030,2.328343017021239
REGION1,SEWO,2031,2.328343017021239
REGION1,SEWO,2032,0.705558490006436
REGION1,SEWO,2033,0.705558490006436
REGION1,SEWO,2034,0.705558490006436
REGION1,SEWO,2035,0.705558490006436
REGION1,SEWO,2036,0.705558490006436
REGION1,SEWO,2037,0.705558490006436
REGION1,SEWO,2038,0.0
REGION1,SEWO,2039,0.0
REGION1,SEWO,2040,0.0
REGION1,SEWO,2041,0.0
REGION1,SEWO,2042,0.0
REGION1,SEWO,2043,0.0
REGION1,SEWO,2044,0.0
REGION1,SEWO,2045,0.0
REGION1,SEWO,2046,0.0
REGION1,SEWO,2047,0.0
REGION1,SEWO,2048,0.0
REGION1,SEWO,2049,0.0
REGION1,SEWO,2050,0.0
REGION1,SEWO,2051,0.0
REGION1,SEWO,2052,0.0
REGION1,SEWO,2053,0.0
REGION1,SEWO,2054,0.0
REGION1,SEWO,2055,0.0
REGION1,SEWO,2056,0.0
REGION1,SEWO,2057,0.0
REGION1,SEWO,2058,0.0
REGION1,SEWO,2059,0.0
REGION1,SEWO,2060,0.0
